ibge_code;municipality;year;macro_class;area_ha
3503901;ARUJÁ;1985;farming;4,70759816688867e+03
3503901;ARUJÁ;1985;native_vegetation;3,73712540946125e+03
3503901;ARUJÁ;1985;non_vegetated_other;6,66002824707032e+01
3503901;ARUJÁ;1985;urban;1,06408977536617e+03
3503901;ARUJÁ;1985;water;4,20190628295899e+01
3503901;ARUJÁ;1986;farming;4,63319127865007e+03
3503901;ARUJÁ;1986;native_vegetation;3,71878929469685e+03
3503901;ARUJÁ;1986;non_vegetated_other;5,19648679687501e+01
3503901;ARUJÁ;1986;urban;1,15584465463868e+03
3503901;ARUJÁ;1986;water;5,76426010620119e+01
3503901;ARUJÁ;1987;farming;4,64553163810439e+03
3503901;ARUJÁ;1987;native_vegetation;3,64832257617876e+03
3503901;ARUJÁ;1987;non_vegetated_other;4,36604747680665e+01
3503901;ARUJÁ;1987;urban;1,22178168233037e+03
3503901;ARUJÁ;1987;water;5,81363256347657e+01
3503901;ARUJÁ;1988;farming;4,67366626172501e+03
3503901;ARUJÁ;1988;native_vegetation;3,57011651784741e+03
3503901;ARUJÁ;1988;non_vegetated_other;4,90051658081056e+01
3503901;ARUJÁ;1988;urban;1,27267474317021e+03
3503901;ARUJÁ;1988;water;5,19700084655763e+01
3503901;ARUJÁ;1989;farming;4,58445897163105e+03
3503901;ARUJÁ;1989;native_vegetation;3,59914087290723e+03
3503901;ARUJÁ;1989;non_vegetated_other;4,87583221557618e+01
3503901;ARUJÁ;1989;urban;1,33228242325446e+03
3503901;ARUJÁ;1989;water;5,27921070678711e+01
3503901;ARUJÁ;1990;farming;4,49657600996110e+03
3503901;ARUJÁ;1990;native_vegetation;3,62717169262773e+03
3503901;ARUJÁ;1990;non_vegetated_other;5,03197636169434e+01
3503901;ARUJÁ;1990;urban;1,38818857125861e+03
3503901;ARUJÁ;1990;water;5,51766595520020e+01
3503901;ARUJÁ;1991;farming;4,42990245787375e+03
3503901;ARUJÁ;1991;native_vegetation;3,62766274699785e+03
3503901;ARUJÁ;1991;non_vegetated_other;4,91682848876954e+01
3503901;ARUJÁ;1991;urban;1,44787613035285e+03
3503901;ARUJÁ;1991;water;6,28230769042972e+01
3503901;ARUJÁ;1992;farming;4,43929154989038e+03
3503901;ARUJÁ;1992;native_vegetation;3,56721701733472e+03
3503901;ARUJÁ;1992;non_vegetated_other;5,20458676086426e+01
3503901;ARUJÁ;1992;urban;1,49876803402717e+03
3503901;ARUJÁ;1992;water;6,01102281555177e+01
3503901;ARUJÁ;1993;farming;4,47532001596098e+03
3503901;ARUJÁ;1993;native_vegetation;3,46903292821115e+03
3503901;ARUJÁ;1993;non_vegetated_other;4,83459220336915e+01
3503901;ARUJÁ;1993;urban;1,56462335936896e+03
3503901;ARUJÁ;1993;water;6,01104714416504e+01
3503901;ARUJÁ;1994;farming;4,68881016726717e+03
3503901;ARUJÁ;1994;native_vegetation;3,22643994668027e+03
3503901;ARUJÁ;1994;non_vegetated_other;4,42345275085450e+01
3503901;ARUJÁ;1994;urban;1,60030604572150e+03
3503901;ARUJÁ;1994;water;5,76420098388673e+01
3503901;ARUJÁ;1995;farming;4,62994252656897e+03
3503901;ARUJÁ;1995;native_vegetation;3,20835092877252e+03
3503901;ARUJÁ;1995;non_vegetated_other;3,93831709045411e+01
3503901;ARUJÁ;1995;urban;1,68342976031512e+03
3503901;ARUJÁ;1995;water;5,63263104553223e+01
3503901;ARUJÁ;1996;farming;4,64237389204139e+03
3503901;ARUJÁ;1996;native_vegetation;3,12998022987721e+03
3503901;ARUJÁ;1996;non_vegetated_other;4,33304437072755e+01
3503901;ARUJÁ;1996;urban;1,74780371691308e+03
3503901;ARUJÁ;1996;water;5,39444144775391e+01
3503901;ARUJÁ;1997;farming;4,59666188278847e+03
3503901;ARUJÁ;1997;native_vegetation;3,12143034287158e+03
3503901;ARUJÁ;1997;non_vegetated_other;3,95478396972657e+01
3503901;ARUJÁ;1997;urban;1,80634164232813e+03
3503901;ARUJÁ;1997;water;5,34509893310548e+01
3503901;ARUJÁ;1998;farming;4,34019724450720e+03
3503901;ARUJÁ;1998;native_vegetation;3,31664656903749e+03
3503901;ARUJÁ;1998;non_vegetated_other;4,17680631774903e+01
3503901;ARUJÁ;1998;urban;1,86232807583032e+03
3503901;ARUJÁ;1998;water;5,64927444641114e+01
3503901;ARUJÁ;1999;farming;4,18733303515056e+03
3503901;ARUJÁ;1999;native_vegetation;3,44509341073064e+03
3503901;ARUJÁ;1999;non_vegetated_other;4,45635184570314e+01
3503901;ARUJÁ;1999;urban;1,88288177700220e+03
3503901;ARUJÁ;1999;water;5,75609556762696e+01
3503901;ARUJÁ;2000;farming;4,13117119759569e+03
3503901;ARUJÁ;2000;native_vegetation;3,49410577353585e+03
3503901;ARUJÁ;2000;non_vegetated_other;4,57146839904787e+01
3503901;ARUJÁ;2000;urban;1,90450348099997e+03
3503901;ARUJÁ;2000;water;4,19375608947754e+01
3503901;ARUJÁ;2001;farming;4,10453356474660e+03
3503901;ARUJÁ;2001;native_vegetation;3,49895686895212e+03
3503901;ARUJÁ;2001;non_vegetated_other;4,34951930358888e+01
3503901;ARUJÁ;2001;urban;1,92875631352562e+03
3503901;ARUJÁ;2001;water;4,16907567565918e+01
3503901;ARUJÁ;2002;farming;4,08866468145803e+03
3503901;ARUJÁ;2002;native_vegetation;3,49871285681831e+03
3503901;ARUJÁ;2002;non_vegetated_other;4,14396206970216e+01
3503901;ARUJÁ;2002;urban;1,94618488402120e+03
3503901;ARUJÁ;2002;water;4,24306540222168e+01
3503901;ARUJÁ;2003;farming;4,04220654125420e+03
3503901;ARUJÁ;2003;native_vegetation;3,53768982488473e+03
3503901;ARUJÁ;2003;non_vegetated_other;4,29198472534180e+01
3503901;ARUJÁ;2003;urban;1,95662653731100e+03
3503901;ARUJÁ;2003;water;3,79899463134766e+01
3503901;ARUJÁ;2004;farming;4,01392251110893e+03
3503901;ARUJÁ;2004;native_vegetation;3,54837855504833e+03
3503901;ARUJÁ;2004;non_vegetated_other;4,57155282531740e+01
3503901;ARUJÁ;2004;urban;1,97183704823017e+03
3503901;ARUJÁ;2004;water;3,75790543762207e+01
3503901;ARUJÁ;2005;farming;3,98481313179986e+03
3503901;ARUJÁ;2005;native_vegetation;3,56499117656323e+03
3503901;ARUJÁ;2005;non_vegetated_other;4,63735121337892e+01
3503901;ARUJÁ;2005;urban;1,98219563021261e+03
3503901;ARUJÁ;2005;water;3,90592463073731e+01
3503901;ARUJÁ;2006;farming;3,92676535226500e+03
3503901;ARUJÁ;2006;native_vegetation;3,58554984941478e+03
3503901;ARUJÁ;2006;non_vegetated_other;4,31667792907716e+01
3503901;ARUJÁ;2006;urban;2,02058904060682e+03
3503901;ARUJÁ;2006;water;4,13616754394531e+01
3503901;ARUJÁ;2007;farming;3,85532068210517e+03
3503901;ARUJÁ;2007;native_vegetation;3,59525503477244e+03
3503901;ARUJÁ;2007;non_vegetated_other;4,16044137207032e+01
3503901;ARUJÁ;2007;urban;2,08134196062625e+03
3503901;ARUJÁ;2007;water;4,39106057922364e+01
3503901;ARUJÁ;2008;farming;3,85359162794867e+03
3503901;ARUJÁ;2008;native_vegetation;3,57503380253365e+03
3503901;ARUJÁ;2008;non_vegetated_other;4,16865347290040e+01
3503901;ARUJÁ;2008;urban;2,10600568875121e+03
3503901;ARUJÁ;2008;water;4,11150430541992e+01
3503901;ARUJÁ;2009;farming;3,82333154617376e+03
3503901;ARUJÁ;2009;native_vegetation;3,59279740574411e+03
3503901;ARUJÁ;2009;non_vegetated_other;3,85621270324708e+01
3503901;ARUJÁ;2009;urban;2,12466932379758e+03
3503901;ARUJÁ;2009;water;3,80722942687988e+01
3503901;ARUJÁ;2010;farming;3,75664192919993e+03
3503901;ARUJÁ;2010;native_vegetation;3,64699090020826e+03
3503901;ARUJÁ;2010;non_vegetated_other;4,00415875976564e+01
3503901;ARUJÁ;2010;urban;2,13675504697261e+03
3503901;ARUJÁ;2010;water;3,70032330383301e+01
3503901;ARUJÁ;2011;farming;3,72753485394358e+03
3503901;ARUJÁ;2011;native_vegetation;3,65743539564283e+03
3503901;ARUJÁ;2011;non_vegetated_other;3,77387998291017e+01
3503901;ARUJÁ;2011;urban;2,15887151506951e+03
3503901;ARUJÁ;2011;water;3,58521325317383e+01
3503901;ARUJÁ;2012;farming;3,74850630456003e+03
3503901;ARUJÁ;2012;native_vegetation;3,61484112149729e+03
3503901;ARUJÁ;2012;non_vegetated_other;3,32983391479493e+01
3503901;ARUJÁ;2012;urban;2,18666174413442e+03
3503901;ARUJÁ;2012;water;3,41251876770020e+01
3503901;ARUJÁ;2013;farming;3,73477719056467e+03
3503901;ARUJÁ;2013;native_vegetation;3,60423649214546e+03
3503901;ARUJÁ;2013;non_vegetated_other;3,23938054016114e+01
3503901;ARUJÁ;2013;urban;2,21428518873887e+03
3503901;ARUJÁ;2013;water;3,17400201660156e+01
3503901;ARUJÁ;2014;farming;3,66800894826727e+03
3503901;ARUJÁ;2014;native_vegetation;3,62068934123604e+03
3503901;ARUJÁ;2014;non_vegetated_other;3,32987103210450e+01
3503901;ARUJÁ;2014;urban;2,26460010964945e+03
3503901;ARUJÁ;2014;water;3,08355875427246e+01
3503901;ARUJÁ;2015;farming;3,65476555847846e+03
3503901;ARUJÁ;2015;native_vegetation;3,61995695583569e+03
3503901;ARUJÁ;2015;non_vegetated_other;3,05034772644043e+01
3503901;ARUJÁ;2015;urban;2,28137158789039e+03
3503901;ARUJÁ;2015;water;3,08351175476074e+01
3503901;ARUJÁ;2016;farming;3,59227675064155e+03
3503901;ARUJÁ;2016;native_vegetation;3,65827492794260e+03
3503901;ARUJÁ;2016;non_vegetated_other;3,24765579772950e+01
3503901;ARUJÁ;2016;urban;2,30389810628024e+03
3503901;ARUJÁ;2016;water;3,05063541748047e+01
3503901;ARUJÁ;2017;farming;3,56629767871770e+03
3503901;ARUJÁ;2017;native_vegetation;3,66123240957714e+03
3503901;ARUJÁ;2017;non_vegetated_other;3,57651633056642e+01
3503901;ARUJÁ;2017;urban;2,32568613254975e+03
3503901;ARUJÁ;2017;water;2,84513128662109e+01
3503901;ARUJÁ;2018;farming;3,53546705375429e+03
3503901;ARUJÁ;2018;native_vegetation;3,64914449603952e+03
3503901;ARUJÁ;2018;non_vegetated_other;3,83136734985353e+01
3503901;ARUJÁ;2018;urban;2,36753635911831e+03
3503901;ARUJÁ;2018;water;2,69711146057129e+01
3503901;ARUJÁ;2019;farming;3,45743406452691e+03
3503901;ARUJÁ;2019;native_vegetation;3,67669077039870e+03
3503901;ARUJÁ;2019;non_vegetated_other;3,83137756530763e+01
3503901;ARUJÁ;2019;urban;2,41687166234094e+03
3503901;ARUJÁ;2019;water;2,81224240966797e+01
3503901;ARUJÁ;2020;farming;3,42191892724052e+03
3503901;ARUJÁ;2020;native_vegetation;3,67150743931959e+03
3503901;ARUJÁ;2020;non_vegetated_other;4,82608025878907e+01
3503901;ARUJÁ;2020;urban;2,44795171480062e+03
3503901;ARUJÁ;2020;water;2,77938130676270e+01
3503901;ARUJÁ;2021;farming;3,37036578271534e+03
3503901;ARUJÁ;2021;native_vegetation;3,68614257327347e+03
3503901;ARUJÁ;2021;non_vegetated_other;4,94116023864746e+01
3503901;ARUJÁ;2021;urban;2,48511724091145e+03
3503901;ARUJÁ;2021;water;2,63954977294922e+01
3503901;ARUJÁ;2022;farming;3,29931849628952e+03
3503901;ARUJÁ;2022;native_vegetation;3,70546764793778e+03
3503901;ARUJÁ;2022;non_vegetated_other;5,31124721496582e+01
3503901;ARUJÁ;2022;urban;2,53149329383500e+03
3503901;ARUJÁ;2022;water;2,80407868041992e+01
3503901;ARUJÁ;2023;farming;3,28501314794967e+03
3503901;ARUJÁ;2023;native_vegetation;3,70579507614822e+03
3503901;ARUJÁ;2023;non_vegetated_other;6,25684473144531e+01
3503901;ARUJÁ;2023;urban;2,53848200114091e+03
3503901;ARUJÁ;2023;water;2,55740244628906e+01
3503901;ARUJÁ;2024;farming;3,21520938944742e+03
3503901;ARUJÁ;2024;native_vegetation;3,72421121307450e+03
3503901;ARUJÁ;2024;non_vegetated_other;8,07399129272461e+01
3503901;ARUJÁ;2024;urban;2,57153364005692e+03
3503901;ARUJÁ;2024;water;2,57385415100098e+01
3505708;BARUERI;1985;farming;2,25420494109497e+03
3505708;BARUERI;1985;native_vegetation;7,65284561523443e+02
3505708;BARUERI;1985;non_vegetated_other;1,77707665338133e+02
3505708;BARUERI;1985;urban;3,16516837842390e+03
3505708;BARUERI;1985;water;2,06952436578372e+02
3505708;BARUERI;1986;farming;2,22355858906253e+03
3505708;BARUERI;1986;native_vegetation;7,29056393353277e+02
3505708;BARUERI;1986;non_vegetated_other;1,64560966650389e+02
3505708;BARUERI;1986;urban;3,22990809029525e+03
3505708;BARUERI;1986;water;2,22233943597414e+02
3505708;BARUERI;1987;farming;2,26217520701907e+03
3505708;BARUERI;1987;native_vegetation;6,98574775720219e+02
3505708;BARUERI;1987;non_vegetated_other;1,55933997668455e+02
3505708;BARUERI;1987;urban;3,24173830993635e+03
3505708;BARUERI;1987;water;2,10895692614749e+02
3505708;BARUERI;1988;farming;2,24007604671023e+03
3505708;BARUERI;1988;native_vegetation;6,59466877563483e+02
3505708;BARUERI;1988;non_vegetated_other;1,85018734906004e+02
3505708;BARUERI;1988;urban;3,28840331204208e+03
3505708;BARUERI;1988;water;1,96353011737064e+02
3505708;BARUERI;1989;farming;2,20351511937870e+03
3505708;BARUERI;1989;native_vegetation;6,32766348895271e+02
3505708;BARUERI;1989;non_vegetated_other;1,98164460296630e+02
3505708;BARUERI;1989;urban;3,34402409796744e+03
3505708;BARUERI;1989;water;1,90847956420902e+02
3505708;BARUERI;1990;farming;2,16022090396733e+03
3505708;BARUERI;1990;native_vegetation;6,39747971453864e+02
3505708;BARUERI;1990;non_vegetated_other;1,99890320233153e+02
3505708;BARUERI;1990;urban;3,37926807299183e+03
3505708;BARUERI;1990;water;1,90190714312747e+02
3505708;BARUERI;1991;farming;2,06895093428953e+03
3505708;BARUERI;1991;native_vegetation;6,58560281127935e+02
3505708;BARUERI;1991;non_vegetated_other;1,89374935748290e+02
3505708;BARUERI;1991;urban;3,44654943529053e+03
3505708;BARUERI;1991;water;2,05882396502688e+02
3505708;BARUERI;1992;farming;2,01727474607541e+03
3505708;BARUERI;1992;native_vegetation;6,67106671484380e+02
3505708;BARUERI;1992;non_vegetated_other;1,94715479034423e+02
3505708;BARUERI;1992;urban;3,48006636416017e+03
3505708;BARUERI;1992;water;2,10154722204592e+02
3505708;BARUERI;1993;farming;1,94374801289060e+03
3505708;BARUERI;1993;native_vegetation;7,15002457104504e+02
3505708;BARUERI;1993;non_vegetated_other;1,90279182928466e+02
3505708;BARUERI;1993;urban;3,51637740360116e+03
3505708;BARUERI;1993;water;2,03910926434329e+02
3505708;BARUERI;1994;farming;1,87859680249019e+03
3505708;BARUERI;1994;native_vegetation;7,23218090289319e+02
3505708;BARUERI;1994;non_vegetated_other;1,81077501843261e+02
3505708;BARUERI;1994;urban;3,58350025041502e+03
3505708;BARUERI;1994;water;2,02925337921146e+02
3505708;BARUERI;1995;farming;1,79915041067501e+03
3505708;BARUERI;1995;native_vegetation;7,21409153033456e+02
3505708;BARUERI;1995;non_vegetated_other;1,83788613983154e+02
3505708;BARUERI;1995;urban;3,66672745149546e+03
3505708;BARUERI;1995;water;1,98242353771976e+02
3505708;BARUERI;1996;farming;1,70696979840693e+03
3505708;BARUERI;1996;native_vegetation;7,07359473236095e+02
3505708;BARUERI;1996;non_vegetated_other;1,93071578747558e+02
3505708;BARUERI;1996;urban;3,76745355436417e+03
3505708;BARUERI;1996;water;1,94463578204349e+02
3505708;BARUERI;1997;farming;1,64346903299557e+03
3505708;BARUERI;1997;native_vegetation;7,05470562945567e+02
3505708;BARUERI;1997;non_vegetated_other;1,96768095294189e+02
3505708;BARUERI;1997;urban;3,83095454411041e+03
3505708;BARUERI;1997;water;1,92655747613528e+02
3505708;BARUERI;1998;farming;1,53683584230955e+03
3505708;BARUERI;1998;native_vegetation;6,90353518786631e+02
3505708;BARUERI;1998;non_vegetated_other;2,00711594189453e+02
3505708;BARUERI;1998;urban;3,94325691671169e+03
3505708;BARUERI;1998;water;1,98160110961917e+02
3505708;BARUERI;1999;farming;1,44572691676632e+03
3505708;BARUERI;1999;native_vegetation;7,05223665020761e+02
3505708;BARUERI;1999;non_vegetated_other;2,02929785491943e+02
3505708;BARUERI;1999;urban;4,02286401732817e+03
3505708;BARUERI;1999;water;1,92573598352053e+02
3505708;BARUERI;2000;farming;1,41738284830318e+03
3505708;BARUERI;2000;native_vegetation;7,08591760461432e+02
3505708;BARUERI;2000;non_vegetated_other;2,00547631146240e+02
3505708;BARUERI;2000;urban;4,06714677353541e+03
3505708;BARUERI;2000;water;1,75648969512942e+02
3505708;BARUERI;2001;farming;1,39791268004758e+03
3505708;BARUERI;2001;native_vegetation;6,98073861328134e+02
3505708;BARUERI;2001;non_vegetated_other;2,11558646063233e+02
3505708;BARUERI;2001;urban;4,09466754035665e+03
3505708;BARUERI;2001;water;1,67105255163576e+02
3505708;BARUERI;2002;farming;1,38140008385007e+03
3505708;BARUERI;2002;native_vegetation;6,92076298400889e+02
3505708;BARUERI;2002;non_vegetated_other;2,12298840753174e+02
3505708;BARUERI;2002;urban;4,11890219548968e+03
3505708;BARUERI;2002;water;1,64640564465334e+02
3505708;BARUERI;2003;farming;1,35716660827635e+03
3505708;BARUERI;2003;native_vegetation;6,94047387030036e+02
3505708;BARUERI;2003;non_vegetated_other;2,15749782226563e+02
3505708;BARUERI;2003;urban;4,13664529998184e+03
3505708;BARUERI;2003;water;1,65708905444338e+02
3505708;BARUERI;2004;farming;1,33835685529173e+03
3505708;BARUERI;2004;native_vegetation;6,85503608544929e+02
3505708;BARUERI;2004;non_vegetated_other;2,16489197454834e+02
3505708;BARUERI;2004;urban;4,16465637286392e+03
3505708;BARUERI;2004;water;1,64311948803713e+02
3505708;BARUERI;2005;farming;1,31601006860959e+03
3505708;BARUERI;2005;native_vegetation;6,84187773828130e+02
3505708;BARUERI;2005;non_vegetated_other;2,15503371582032e+02
3505708;BARUERI;2005;urban;4,18478617617205e+03
3505708;BARUERI;2005;water;1,68830592767336e+02
3505708;BARUERI;2006;farming;1,29169305286862e+03
3505708;BARUERI;2006;native_vegetation;6,96755206298833e+02
3505708;BARUERI;2006;non_vegetated_other;2,14435735852051e+02
3505708;BARUERI;2006;urban;4,20080726125510e+03
3505708;BARUERI;2006;water;1,65626726684572e+02
3505708;BARUERI;2007;farming;1,27247087292477e+03
3505708;BARUERI;2007;native_vegetation;6,93715010113530e+02
3505708;BARUERI;2007;non_vegetated_other;2,15667841741944e+02
3505708;BARUERI;2007;urban;4,22553474591697e+03
3505708;BARUERI;2007;water;1,61929512261965e+02
3505708;BARUERI;2008;farming;1,25661518309934e+03
3505708;BARUERI;2008;native_vegetation;6,80817501599126e+02
3505708;BARUERI;2008;non_vegetated_other;2,18789951422120e+02
3505708;BARUERI;2008;urban;4,25026202562267e+03
3505708;BARUERI;2008;water;1,62833321215822e+02
3505708;BARUERI;2009;farming;1,23821263715207e+03
3505708;BARUERI;2009;native_vegetation;6,67836587274178e+02
3505708;BARUERI;2009;non_vegetated_other;2,21501402697755e+02
3505708;BARUERI;2009;urban;4,28304181495370e+03
3505708;BARUERI;2009;water;1,58725540881349e+02
3505708;BARUERI;2010;farming;1,14850440882564e+03
3505708;BARUERI;2010;native_vegetation;7,27479965570074e+02
3505708;BARUERI;2010;non_vegetated_other;2,20187147143556e+02
3505708;BARUERI;2010;urban;4,31811807813120e+03
3505708;BARUERI;2010;water;1,55028383288576e+02
3505708;BARUERI;2011;farming;1,05402739169920e+03
3505708;BARUERI;2011;native_vegetation;7,25673256506353e+02
3505708;BARUERI;2011;non_vegetated_other;2,16654659991456e+02
3505708;BARUERI;2011;urban;4,41587977091076e+03
3505708;BARUERI;2011;water;1,57082903851320e+02
3505708;BARUERI;2012;farming;1,02396262999877e+03
3505708;BARUERI;2012;native_vegetation;7,38243360162358e+02
3505708;BARUERI;2012;non_vegetated_other;2,13614787597657e+02
3505708;BARUERI;2012;urban;4,44651962318127e+03
3505708;BARUERI;2012;water;1,46977582019044e+02
3505708;BARUERI;2013;farming;1,00917829597777e+03
3505708;BARUERI;2013;native_vegetation;7,41693912390142e+02
3505708;BARUERI;2013;non_vegetated_other;2,14025686529542e+02
3505708;BARUERI;2013;urban;4,47305214101576e+03
3505708;BARUERI;2013;water;1,31367947045899e+02
3505708;BARUERI;2014;farming;9,77962746368383e+02
3505708;BARUERI;2014;native_vegetation;7,55247910638426e+02
3505708;BARUERI;2014;non_vegetated_other;2,10985875518800e+02
3505708;BARUERI;2014;urban;4,50599387319967e+03
3505708;BARUERI;2014;water;1,19127577233886e+02
3505708;BARUERI;2015;farming;9,25218501513685e+02
3505708;BARUERI;2015;native_vegetation;7,48754738177483e+02
3505708;BARUERI;2015;non_vegetated_other;2,10821538720704e+02
3505708;BARUERI;2015;urban;4,56588764791273e+03
3505708;BARUERI;2015;water;1,18635556634520e+02
3505708;BARUERI;2016;farming;8,85458525354021e+02
3505708;BARUERI;2016;native_vegetation;7,64036606781001e+02
3505708;BARUERI;2016;non_vegetated_other;2,11971778198243e+02
3505708;BARUERI;2016;urban;4,59496605194711e+03
3505708;BARUERI;2016;water;1,12885020678709e+02
3505708;BARUERI;2017;farming;8,68288957678232e+02
3505708;BARUERI;2017;native_vegetation;7,89751008416752e+02
3505708;BARUERI;2017;non_vegetated_other;2,09835323986818e+02
3505708;BARUERI;2017;urban;4,60137364652108e+03
3505708;BARUERI;2017;water;1,00069046356200e+02
3505708;BARUERI;2018;farming;8,54981060253916e+02
3505708;BARUERI;2018;native_vegetation;8,01827528106696e+02
3505708;BARUERI;2018;non_vegetated_other;2,10328002697755e+02
3505708;BARUERI;2018;urban;4,60638462146615e+03
3505708;BARUERI;2018;water;9,57967704345697e+01
3505708;BARUERI;2019;farming;8,35264646899425e+02
3505708;BARUERI;2019;native_vegetation;8,13000295745856e+02
3505708;BARUERI;2019;non_vegetated_other;2,11313917980958e+02
3505708;BARUERI;2019;urban;4,61583179823008e+03
3505708;BARUERI;2019;water;9,39073241027827e+01
3505708;BARUERI;2020;farming;7,87039860662854e+02
3505708;BARUERI;2020;native_vegetation;8,04455552789313e+02
3505708;BARUERI;2020;non_vegetated_other;2,64552964788822e+02
3505708;BARUERI;2020;urban;4,62725018422254e+03
3505708;BARUERI;2020;water;8,60194204956050e+01
3505708;BARUERI;2021;farming;7,62394609082044e+02
3505708;BARUERI;2021;native_vegetation;8,05439199389656e+02
3505708;BARUERI;2021;non_vegetated_other;2,82957210565189e+02
3505708;BARUERI;2021;urban;4,63530091187147e+03
3505708;BARUERI;2021;water;8,32260520507808e+01
3505708;BARUERI;2022;farming;7,31504898992930e+02
3505708;BARUERI;2022;native_vegetation;7,93034091656501e+02
3505708;BARUERI;2022;non_vegetated_other;2,90105093865972e+02
3505708;BARUERI;2022;urban;4,67415770200211e+03
3505708;BARUERI;2022;water;8,05161964416503e+01
3505708;BARUERI;2023;farming;7,20742448400890e+02
3505708;BARUERI;2023;native_vegetation;7,97798914642341e+02
3505708;BARUERI;2023;non_vegetated_other;2,91419657525640e+02
3505708;BARUERI;2023;urban;4,67637577926651e+03
3505708;BARUERI;2023;water;8,29811831237792e+01
3505708;BARUERI;2024;farming;6,96836498260509e+02
3505708;BARUERI;2024;native_vegetation;8,10450932775887e+02
3505708;BARUERI;2024;non_vegetated_other;2,96266869439703e+02
3505708;BARUERI;2024;urban;4,69140941728531e+03
3505708;BARUERI;2024;water;7,43542651977539e+01
3506607;BIRITIBA-MIRIM;1985;farming;8,09779827933352e+03
3506607;BIRITIBA-MIRIM;1985;native_vegetation;2,26560888623537e+04
3506607;BIRITIBA-MIRIM;1985;non_vegetated_other;1,09857427850343e+02
3506607;BIRITIBA-MIRIM;1985;urban;1,92638815783694e+02
3506607;BIRITIBA-MIRIM;1985;water;6,84152121398925e+02
3506607;BIRITIBA-MIRIM;1986;farming;8,16938891400762e+03
3506607;BIRITIBA-MIRIM;1986;native_vegetation;2,26168492320618e+04
3506607;BIRITIBA-MIRIM;1986;non_vegetated_other;4,36791294677734e+01
3506607;BIRITIBA-MIRIM;1986;urban;1,97894254608157e+02
3506607;BIRITIBA-MIRIM;1986;water;7,12723976574707e+02
3506607;BIRITIBA-MIRIM;1987;farming;8,24941756234136e+03
3506607;BIRITIBA-MIRIM;1987;native_vegetation;2,25254896334959e+04
3506607;BIRITIBA-MIRIM;1987;non_vegetated_other;3,33336581542969e+01
3506607;BIRITIBA-MIRIM;1987;urban;1,99700773486331e+02
3506607;BIRITIBA-MIRIM;1987;water;7,32593879241943e+02
3506607;BIRITIBA-MIRIM;1988;farming;8,26920541746239e+03
3506607;BIRITIBA-MIRIM;1988;native_vegetation;2,24857475365781e+04
3506607;BIRITIBA-MIRIM;1988;non_vegetated_other;3,51406467468262e+01
3506607;BIRITIBA-MIRIM;1988;urban;2,16041493103032e+02
3506607;BIRITIBA-MIRIM;1988;water;7,34400412829589e+02
3506607;BIRITIBA-MIRIM;1989;farming;8,27003472606822e+03
3506607;BIRITIBA-MIRIM;1989;native_vegetation;2,24742435100648e+04
3506607;BIRITIBA-MIRIM;1989;non_vegetated_other;3,38266420837402e+01
3506607;BIRITIBA-MIRIM;1989;urban;2,23924457952886e+02
3506607;BIRITIBA-MIRIM;1989;water;7,38506170550537e+02
3506607;BIRITIBA-MIRIM;1990;farming;8,16691064332884e+03
3506607;BIRITIBA-MIRIM;1990;native_vegetation;2,25538013790896e+04
3506607;BIRITIBA-MIRIM;1990;non_vegetated_other;3,57152158264160e+01
3506607;BIRITIBA-MIRIM;1990;urban;2,35009703485112e+02
3506607;BIRITIBA-MIRIM;1990;water;7,49098564990233e+02
3506607;BIRITIBA-MIRIM;1991;farming;8,09911459118653e+03
3506607;BIRITIBA-MIRIM;1991;native_vegetation;2,25985248535774e+04
3506607;BIRITIBA-MIRIM;1991;non_vegetated_other;3,30876455871582e+01
3506607;BIRITIBA-MIRIM;1991;urban;2,49050751367190e+02
3506607;BIRITIBA-MIRIM;1991;water;7,60757665002431e+02
3506607;BIRITIBA-MIRIM;1992;farming;8,11651914016719e+03
3506607;BIRITIBA-MIRIM;1992;native_vegetation;2,25664202052436e+04
3506607;BIRITIBA-MIRIM;1992;non_vegetated_other;3,37447447998046e+01
3506607;BIRITIBA-MIRIM;1992;urban;2,71058316821293e+02
3506607;BIRITIBA-MIRIM;1992;water;7,52793099688715e+02
3506607;BIRITIBA-MIRIM;1993;farming;8,09221830842278e+03
3506607;BIRITIBA-MIRIM;1993;native_vegetation;2,25455615351814e+04
3506607;BIRITIBA-MIRIM;1993;non_vegetated_other;3,25954675720214e+01
3506607;BIRITIBA-MIRIM;1993;urban;2,97332715570072e+02
3506607;BIRITIBA-MIRIM;1993;water;7,72827479974357e+02
3506607;BIRITIBA-MIRIM;1994;farming;8,45313047554930e+03
3506607;BIRITIBA-MIRIM;1994;native_vegetation;2,21626379536985e+04
3506607;BIRITIBA-MIRIM;1994;non_vegetated_other;2,00332300170898e+01
3506607;BIRITIBA-MIRIM;1994;urban;3,22213555010987e+02
3506607;BIRITIBA-MIRIM;1994;water;7,82520292443838e+02
3506607;BIRITIBA-MIRIM;1995;farming;8,47148424273684e+03
3506607;BIRITIBA-MIRIM;1995;native_vegetation;2,20871361524352e+04
3506607;BIRITIBA-MIRIM;1995;non_vegetated_other;1,63386570678711e+01
3506607;BIRITIBA-MIRIM;1995;urban;3,53335348760989e+02
3506607;BIRITIBA-MIRIM;1995;water;8,12241105718995e+02
3506607;BIRITIBA-MIRIM;1996;farming;8,53320983917867e+03
3506607;BIRITIBA-MIRIM;1996;native_vegetation;2,19842751707580e+04
3506607;BIRITIBA-MIRIM;1996;non_vegetated_other;1,69962086120605e+01
3506607;BIRITIBA-MIRIM;1996;urban;3,91846338568116e+02
3506607;BIRITIBA-MIRIM;1996;water;8,14207949603270e+02
3506607;BIRITIBA-MIRIM;1997;farming;8,60707489644188e+03
3506607;BIRITIBA-MIRIM;1997;native_vegetation;2,19002261982605e+04
3506607;BIRITIBA-MIRIM;1997;non_vegetated_other;1,76530670898438e+01
3506607;BIRITIBA-MIRIM;1997;urban;4,18285846881105e+02
3506607;BIRITIBA-MIRIM;1997;water;7,97295498046872e+02
3506607;BIRITIBA-MIRIM;1998;farming;8,61995482191785e+03
3506607;BIRITIBA-MIRIM;1998;native_vegetation;2,18340563656737e+04
3506607;BIRITIBA-MIRIM;1998;non_vegetated_other;2,04443971374512e+01
3506607;BIRITIBA-MIRIM;1998;urban;4,34050914233402e+02
3506607;BIRITIBA-MIRIM;1998;water;8,32029007757570e+02
3506607;BIRITIBA-MIRIM;1999;farming;8,58561008835467e+03
3506607;BIRITIBA-MIRIM;1999;native_vegetation;2,17743070653205e+04
3506607;BIRITIBA-MIRIM;1999;non_vegetated_other;3,31705964111328e+01
3506607;BIRITIBA-MIRIM;1999;urban;4,88080704083256e+02
3506607;BIRITIBA-MIRIM;1999;water;8,59367052551271e+02
3506607;BIRITIBA-MIRIM;2000;farming;8,74755510578011e+03
3506607;BIRITIBA-MIRIM;2000;native_vegetation;2,16759032448371e+04
3506607;BIRITIBA-MIRIM;2000;non_vegetated_other;3,99852486938478e+01
3506607;BIRITIBA-MIRIM;2000;urban;5,10168615734869e+02
3506607;BIRITIBA-MIRIM;2000;water;7,66923291674798e+02
3506607;BIRITIBA-MIRIM;2001;farming;9,04072988804335e+03
3506607;BIRITIBA-MIRIM;2001;native_vegetation;2,14092445625188e+04
3506607;BIRITIBA-MIRIM;2001;non_vegetated_other;4,44184184204102e+01
3506607;BIRITIBA-MIRIM;2001;urban;5,19364954339606e+02
3506607;BIRITIBA-MIRIM;2001;water;7,26777683398436e+02
3506607;BIRITIBA-MIRIM;2002;farming;9,16567111036387e+03
3506607;BIRITIBA-MIRIM;2002;native_vegetation;2,12572047011970e+04
3506607;BIRITIBA-MIRIM;2002;non_vegetated_other;4,54038856262208e+01
3506607;BIRITIBA-MIRIM;2002;urban;5,50731042742927e+02
3506607;BIRITIBA-MIRIM;2002;water;7,21524766790771e+02
3506607;BIRITIBA-MIRIM;2003;farming;9,43297904963992e+03
3506607;BIRITIBA-MIRIM;2003;native_vegetation;2,09706834774301e+04
3506607;BIRITIBA-MIRIM;2003;non_vegetated_other;4,27762677734376e+01
3506607;BIRITIBA-MIRIM;2003;urban;5,81932232910160e+02
3506607;BIRITIBA-MIRIM;2003;water;7,12164478967284e+02
3506607;BIRITIBA-MIRIM;2004;farming;9,78337175485234e+03
3506607;BIRITIBA-MIRIM;2004;native_vegetation;2,06133115494996e+04
3506607;BIRITIBA-MIRIM;2004;non_vegetated_other;4,11344030944825e+01
3506607;BIRITIBA-MIRIM;2004;urban;5,95974202001961e+02
3506607;BIRITIBA-MIRIM;2004;water;7,06743597271728e+02
3506607;BIRITIBA-MIRIM;2005;farming;9,97642870793464e+03
3506607;BIRITIBA-MIRIM;2005;native_vegetation;2,03540920491029e+04
3506607;BIRITIBA-MIRIM;2005;non_vegetated_other;3,76041778381348e+01
3506607;BIRITIBA-MIRIM;2005;urban;6,06813348150645e+02
3506607;BIRITIBA-MIRIM;2005;water;7,65597223693847e+02
3506607;BIRITIBA-MIRIM;2006;farming;9,97773269843132e+03
3506607;BIRITIBA-MIRIM;2006;native_vegetation;2,01750802033632e+04
3506607;BIRITIBA-MIRIM;2006;non_vegetated_other;3,17746404357911e+01
3506607;BIRITIBA-MIRIM;2006;urban;6,24878207720957e+02
3506607;BIRITIBA-MIRIM;2006;water;9,31069756768792e+02
3506607;BIRITIBA-MIRIM;2007;farming;1,00645649261047e+04
3506607;BIRITIBA-MIRIM;2007;native_vegetation;2,00337373628052e+04
3506607;BIRITIBA-MIRIM;2007;non_vegetated_other;2,88193448791505e+01
3506607;BIRITIBA-MIRIM;2007;urban;6,40152489038096e+02
3506607;BIRITIBA-MIRIM;2007;water;9,73261383892823e+02
3506607;BIRITIBA-MIRIM;2008;farming;1,00399506911927e+04
3506607;BIRITIBA-MIRIM;2008;native_vegetation;1,99907047629822e+04
3506607;BIRITIBA-MIRIM;2008;non_vegetated_other;2,88195491821290e+01
3506607;BIRITIBA-MIRIM;2008;urban;6,51485154083262e+02
3506607;BIRITIBA-MIRIM;2008;water;1,02957534927977e+03
3506607;BIRITIBA-MIRIM;2009;farming;1,00122956358765e+04
3506607;BIRITIBA-MIRIM;2009;native_vegetation;1,99788722887330e+04
3506607;BIRITIBA-MIRIM;2009;non_vegetated_other;2,08555976928711e+01
3506607;BIRITIBA-MIRIM;2009;urban;6,63638959051524e+02
3506607;BIRITIBA-MIRIM;2009;water;1,06487302536620e+03
3506607;BIRITIBA-MIRIM;2010;farming;9,88142115186171e+03
3506607;BIRITIBA-MIRIM;2010;native_vegetation;2,00414439905093e+04
3506607;BIRITIBA-MIRIM;2010;non_vegetated_other;2,14304266479492e+01
3506607;BIRITIBA-MIRIM;2010;urban;6,82525686846934e+02
3506607;BIRITIBA-MIRIM;2010;water;1,11371425085449e+03
3506607;BIRITIBA-MIRIM;2011;farming;9,84545804939591e+03
3506607;BIRITIBA-MIRIM;2011;native_vegetation;2,00707488194399e+04
3506607;BIRITIBA-MIRIM;2011;non_vegetated_other;2,20875374023438e+01
3506607;BIRITIBA-MIRIM;2011;urban;7,01905157733162e+02
3506607;BIRITIBA-MIRIM;2011;water;1,10033594274902e+03
3506607;BIRITIBA-MIRIM;2012;farming;9,90687558158578e+03
3506607;BIRITIBA-MIRIM;2012;native_vegetation;2,00237705843081e+04
3506607;BIRITIBA-MIRIM;2012;non_vegetated_other;2,10201021240234e+01
3506607;BIRITIBA-MIRIM;2012;urban;7,24898463690188e+02
3506607;BIRITIBA-MIRIM;2012;water;1,06397077501220e+03
3506607;BIRITIBA-MIRIM;2013;farming;9,76601920056167e+03
3506607;BIRITIBA-MIRIM;2013;native_vegetation;2,01288221556217e+04
3506607;BIRITIBA-MIRIM;2013;non_vegetated_other;2,11024070434570e+01
3506607;BIRITIBA-MIRIM;2013;urban;7,48958230853276e+02
3506607;BIRITIBA-MIRIM;2013;water;1,07563351264038e+03
3506607;BIRITIBA-MIRIM;2014;farming;9,87271883530883e+03
3506607;BIRITIBA-MIRIM;2014;native_vegetation;2,00547014869752e+04
3506607;BIRITIBA-MIRIM;2014;non_vegetated_other;2,64391528869629e+01
3506607;BIRITIBA-MIRIM;2014;urban;7,73018773724371e+02
3506607;BIRITIBA-MIRIM;2014;water;1,01365725782470e+03
3506607;BIRITIBA-MIRIM;2015;farming;9,93486696237801e+03
3506607;BIRITIBA-MIRIM;2015;native_vegetation;2,00252162088258e+04
3506607;BIRITIBA-MIRIM;2015;non_vegetated_other;2,85735237609864e+01
3506607;BIRITIBA-MIRIM;2015;urban;7,99541962719731e+02
3506607;BIRITIBA-MIRIM;2015;water;9,52336849035643e+02
3506607;BIRITIBA-MIRIM;2016;farming;9,90113204943842e+03
3506607;BIRITIBA-MIRIM;2016;native_vegetation;2,00385043863100e+04
3506607;BIRITIBA-MIRIM;2016;non_vegetated_other;2,56995490173340e+01
3506607;BIRITIBA-MIRIM;2016;urban;8,18921925177005e+02
3506607;BIRITIBA-MIRIM;2016;water;9,56277596777343e+02
3506607;BIRITIBA-MIRIM;2017;farming;9,77298721439209e+03
3506607;BIRITIBA-MIRIM;2017;native_vegetation;2,01063873757694e+04
3506607;BIRITIBA-MIRIM;2017;non_vegetated_other;2,28255011901855e+01
3506607;BIRITIBA-MIRIM;2017;urban;8,31814120953371e+02
3506607;BIRITIBA-MIRIM;2017;water;1,00652129441529e+03
3506607;BIRITIBA-MIRIM;2018;farming;9,70361857896733e+03
3506607;BIRITIBA-MIRIM;2018;native_vegetation;2,01423374382389e+04
3506607;BIRITIBA-MIRIM;2018;non_vegetated_other;1,95409862548828e+01
3506607;BIRITIBA-MIRIM;2018;urban;8,53411772137448e+02
3506607;BIRITIBA-MIRIM;2018;water;1,02162673112182e+03
3506607;BIRITIBA-MIRIM;2019;farming;9,67865451608274e+03
3506607;BIRITIBA-MIRIM;2019;native_vegetation;2,01078616289188e+04
3506607;BIRITIBA-MIRIM;2019;non_vegetated_other;1,83917761352539e+01
3506607;BIRITIBA-MIRIM;2019;urban;8,65235964160151e+02
3506607;BIRITIBA-MIRIM;2019;water;1,07039162142334e+03
3506607;BIRITIBA-MIRIM;2020;farming;9,61223134441533e+03
3506607;BIRITIBA-MIRIM;2020;native_vegetation;2,01144293257083e+04
3506607;BIRITIBA-MIRIM;2020;non_vegetated_other;1,77350522827148e+01
3506607;BIRITIBA-MIRIM;2020;urban;8,97096708312986e+02
3506607;BIRITIBA-MIRIM;2020;water;1,09904307600098e+03
3506607;BIRITIBA-MIRIM;2021;farming;9,66000524042976e+03
3506607;BIRITIBA-MIRIM;2021;native_vegetation;2,00587662130922e+04
3506607;BIRITIBA-MIRIM;2021;non_vegetated_other;1,97877694396973e+01
3506607;BIRITIBA-MIRIM;2021;urban;9,36840023461909e+02
3506607;BIRITIBA-MIRIM;2021;water;1,06513626029663e+03
3506607;BIRITIBA-MIRIM;2022;farming;9,59226701876841e+03
3506607;BIRITIBA-MIRIM;2022;native_vegetation;2,00728889983522e+04
3506607;BIRITIBA-MIRIM;2022;non_vegetated_other;1,77348356506348e+01
3506607;BIRITIBA-MIRIM;2022;urban;9,78060851617438e+02
3506607;BIRITIBA-MIRIM;2022;water;1,07958380233154e+03
3506607;BIRITIBA-MIRIM;2023;farming;9,62863791457529e+03
3506607;BIRITIBA-MIRIM;2023;native_vegetation;1,99827413166809e+04
3506607;BIRITIBA-MIRIM;2023;non_vegetated_other;1,89661701965332e+01
3506607;BIRITIBA-MIRIM;2023;urban;1,00589687199096e+03
3506607;BIRITIBA-MIRIM;2023;water;1,10429323327637e+03
3506607;BIRITIBA-MIRIM;2024;farming;9,64028668700572e+03
3506607;BIRITIBA-MIRIM;2024;native_vegetation;1,99401344572206e+04
3506607;BIRITIBA-MIRIM;2024;non_vegetated_other;2,15118982849121e+01
3506607;BIRITIBA-MIRIM;2024;urban;1,04777314381103e+03
3506607;BIRITIBA-MIRIM;2024;water;1,09082932039795e+03
3509007;CAIEIRAS;1985;farming;2,08838228605939e+03
3509007;CAIEIRAS;1985;native_vegetation;6,81944394318987e+03
3509007;CAIEIRAS;1985;non_vegetated_other;5,37809738891602e+01
3509007;CAIEIRAS;1985;urban;7,54151620538331e+02
3509007;CAIEIRAS;1985;water;4,88465675903321e+01
3509007;CAIEIRAS;1986;farming;2,07070094265117e+03
3509007;CAIEIRAS;1986;native_vegetation;6,82322703370500e+03
3509007;CAIEIRAS;1986;non_vegetated_other;5,11493599243165e+01
3509007;CAIEIRAS;1986;urban;7,58264073101807e+02
3509007;CAIEIRAS;1986;water;6,12639818847657e+01
3509007;CAIEIRAS;1987;farming;2,18574642125218e+03
3509007;CAIEIRAS;1987;native_vegetation;6,72388819872572e+03
3509007;CAIEIRAS;1987;non_vegetated_other;3,88141495056153e+01
3509007;CAIEIRAS;1987;urban;7,55879137145997e+02
3509007;CAIEIRAS;1987;water;6,02774846374513e+01
3509007;CAIEIRAS;1988;farming;2,23130174719210e+03
3509007;CAIEIRAS;1988;native_vegetation;6,65144352713752e+03
3509007;CAIEIRAS;1988;non_vegetated_other;5,63286623291016e+01
3509007;CAIEIRAS;1988;urban;7,64102827258300e+02
3509007;CAIEIRAS;1988;water;6,14286273498536e+01
3509007;CAIEIRAS;1989;farming;2,24552906462371e+03
3509007;CAIEIRAS;1989;native_vegetation;6,63647614829229e+03
3509007;CAIEIRAS;1989;non_vegetated_other;5,34505677856445e+01
3509007;CAIEIRAS;1989;urban;7,73148387689205e+02
3509007;CAIEIRAS;1989;water;5,60012228759767e+01
3509007;CAIEIRAS;1990;farming;2,23319687122163e+03
3509007;CAIEIRAS;1990;native_vegetation;6,62528886041998e+03
3509007;CAIEIRAS;1990;non_vegetated_other;4,96675953308105e+01
3509007;CAIEIRAS;1990;urban;7,97572745159902e+02
3509007;CAIEIRAS;1990;water;5,88793191345216e+01
3509007;CAIEIRAS;1991;farming;2,16107828290379e+03
3509007;CAIEIRAS;1991;native_vegetation;6,65316233071416e+03
3509007;CAIEIRAS;1991;non_vegetated_other;4,79403273132324e+01
3509007;CAIEIRAS;1991;urban;8,36802129113752e+02
3509007;CAIEIRAS;1991;water;6,56223212219240e+01
3509007;CAIEIRAS;1992;farming;2,15885804951147e+03
3509007;CAIEIRAS;1992;native_vegetation;6,62569516284306e+03
3509007;CAIEIRAS;1992;non_vegetated_other;5,28743375061035e+01
3509007;CAIEIRAS;1992;urban;8,63775395281959e+02
3509007;CAIEIRAS;1992;water;6,34024461242677e+01
3509007;CAIEIRAS;1993;farming;2,08896236181620e+03
3509007;CAIEIRAS;1993;native_vegetation;6,66384718621953e+03
3509007;CAIEIRAS;1993;non_vegetated_other;5,22987935180664e+01
3509007;CAIEIRAS;1993;urban;8,94778580688451e+02
3509007;CAIEIRAS;1993;water;6,47184690246584e+01
3509007;CAIEIRAS;1994;farming;2,07761421440412e+03
3509007;CAIEIRAS;1994;native_vegetation;6,65151024370854e+03
3509007;CAIEIRAS;1994;non_vegetated_other;5,14761913635253e+01
3509007;CAIEIRAS;1994;urban;9,20355746185271e+02
3509007;CAIEIRAS;1994;water;6,36489956054689e+01
3509007;CAIEIRAS;1995;farming;2,06684420131818e+03
3509007;CAIEIRAS;1995;native_vegetation;6,62485968452276e+03
3509007;CAIEIRAS;1995;non_vegetated_other;5,25444804809569e+01
3509007;CAIEIRAS;1995;urban;9,57448184240691e+02
3509007;CAIEIRAS;1995;water;6,29088407043458e+01
3509007;CAIEIRAS;1996;farming;2,08805859866312e+03
3509007;CAIEIRAS;1996;native_vegetation;6,54903440486574e+03
3509007;CAIEIRAS;1996;non_vegetated_other;5,60802828308104e+01
3509007;CAIEIRAS;1996;urban;1,00671427876583e+03
3509007;CAIEIRAS;1996;water;6,47178261413575e+01
3509007;CAIEIRAS;1997;farming;2,12621687850319e+03
3509007;CAIEIRAS;1997;native_vegetation;6,47715572246216e+03
3509007;CAIEIRAS;1997;non_vegetated_other;5,83825211120604e+01
3509007;CAIEIRAS;1997;urban;1,03961266094967e+03
3509007;CAIEIRAS;1997;water;6,32376082397462e+01
3509007;CAIEIRAS;1998;farming;2,29306596522800e+03
3509007;CAIEIRAS;1998;native_vegetation;6,27346277061878e+03
3509007;CAIEIRAS;1998;non_vegetated_other;6,10135005249021e+01
3509007;CAIEIRAS;1998;urban;1,07736166724849e+03
3509007;CAIEIRAS;1998;water;5,97014876464845e+01
3509007;CAIEIRAS;1999;farming;2,36197599655732e+03
3509007;CAIEIRAS;1999;native_vegetation;6,16959843766586e+03
3509007;CAIEIRAS;1999;non_vegetated_other;6,24113271606443e+01
3509007;CAIEIRAS;1999;urban;1,11256270333858e+03
3509007;CAIEIRAS;1999;water;5,80569265441896e+01
3509007;CAIEIRAS;2000;farming;2,46526248795135e+03
3509007;CAIEIRAS;2000;native_vegetation;6,06392691336158e+03
3509007;CAIEIRAS;2000;non_vegetated_other;6,49608432495115e+01
3509007;CAIEIRAS;2000;urban;1,12868118634028e+03
3509007;CAIEIRAS;2000;water;4,17739603637696e+01
3509007;CAIEIRAS;2001;farming;2,50967445411957e+03
3509007;CAIEIRAS;2001;native_vegetation;5,99426776518652e+03
3509007;CAIEIRAS;2001;non_vegetated_other;7,69676821289060e+01
3509007;CAIEIRAS;2001;urban;1,14702012600093e+03
3509007;CAIEIRAS;2001;water;3,66753638305664e+01
3509007;CAIEIRAS;2002;farming;2,53895447085541e+03
3509007;CAIEIRAS;2002;native_vegetation;5,92115028368015e+03
3509007;CAIEIRAS;2002;non_vegetated_other;1,03287369421386e+02
3509007;CAIEIRAS;2002;urban;1,16922535079951e+03
3509007;CAIEIRAS;2002;water;3,19879165100098e+01
3509007;CAIEIRAS;2003;farming;2,51149256503879e+03
3509007;CAIEIRAS;2003;native_vegetation;5,93611166416112e+03
3509007;CAIEIRAS;2003;non_vegetated_other;1,05755109692383e+02
3509007;CAIEIRAS;2003;urban;1,17876467374262e+03
3509007;CAIEIRAS;2003;water;3,24813786315918e+01
3509007;CAIEIRAS;2004;farming;2,52720592021458e+03
3509007;CAIEIRAS;2004;native_vegetation;5,88733935044039e+03
3509007;CAIEIRAS;2004;non_vegetated_other;1,18420020428467e+02
3509007;CAIEIRAS;2004;urban;1,19841855895381e+03
3509007;CAIEIRAS;2004;water;3,32215412292480e+01
3509007;CAIEIRAS;2005;farming;2,52770220753759e+03
3509007;CAIEIRAS;2005;native_vegetation;5,84769640802096e+03
3509007;CAIEIRAS;2005;non_vegetated_other;1,47698547814941e+02
3509007;CAIEIRAS;2005;urban;1,20754651262813e+03
3509007;CAIEIRAS;2005;water;3,39617152648925e+01
3509007;CAIEIRAS;2006;farming;2,48083492977274e+03
3509007;CAIEIRAS;2006;native_vegetation;5,87499189542330e+03
3509007;CAIEIRAS;2006;non_vegetated_other;1,53949410986328e+02
3509007;CAIEIRAS;2006;urban;1,22177199737544e+03
3509007;CAIEIRAS;2006;water;3,30571577087402e+01
3509007;CAIEIRAS;2007;farming;2,58280718573588e+03
3509007;CAIEIRAS;2007;native_vegetation;5,74489449522183e+03
3509007;CAIEIRAS;2007;non_vegetated_other;1,62420530206298e+02
3509007;CAIEIRAS;2007;urban;1,24159039934687e+03
3509007;CAIEIRAS;2007;water;3,28927807556152e+01
3509007;CAIEIRAS;2008;farming;2,58495046515483e+03
3509007;CAIEIRAS;2008;native_vegetation;5,72112093529139e+03
3509007;CAIEIRAS;2008;non_vegetated_other;1,71714580145263e+02
3509007;CAIEIRAS;2008;urban;1,25302204459224e+03
3509007;CAIEIRAS;2008;water;3,37973660827637e+01
3509007;CAIEIRAS;2009;farming;2,57656090719584e+03
3509007;CAIEIRAS;2009;native_vegetation;5,70409787032558e+03
3509007;CAIEIRAS;2009;non_vegetated_other;1,74101752093506e+02
3509007;CAIEIRAS;2009;urban;1,27522529849238e+03
3509007;CAIEIRAS;2009;water;3,46195631591797e+01
3509007;CAIEIRAS;2010;farming;2,52763399277937e+03
3509007;CAIEIRAS;2010;native_vegetation;5,74052394009489e+03
3509007;CAIEIRAS;2010;non_vegetated_other;1,82161857373047e+02
3509007;CAIEIRAS;2010;urban;1,28492910456538e+03
3509007;CAIEIRAS;2010;water;2,93564964538574e+01
3509007;CAIEIRAS;2011;farming;2,50987194440292e+03
3509007;CAIEIRAS;2011;native_vegetation;5,70647509192592e+03
3509007;CAIEIRAS;2011;non_vegetated_other;1,92525101153564e+02
3509007;CAIEIRAS;2011;urban;1,32802127113033e+03
3509007;CAIEIRAS;2011;water;2,77119826538086e+01
3509007;CAIEIRAS;2012;farming;2,48923007781356e+03
3509007;CAIEIRAS;2012;native_vegetation;5,65047155350427e+03
3509007;CAIEIRAS;2012;non_vegetated_other;2,06673090148927e+02
3509007;CAIEIRAS;2012;urban;1,38986031582027e+03
3509007;CAIEIRAS;2012;water;2,83703539794922e+01
3509007;CAIEIRAS;2013;farming;2,47590468365461e+03
3509007;CAIEIRAS;2013;native_vegetation;5,60935503848350e+03
3509007;CAIEIRAS;2013;non_vegetated_other;2,20491010528566e+02
3509007;CAIEIRAS;2013;urban;1,42974411878658e+03
3509007;CAIEIRAS;2013;water;2,91105398132324e+01
3509007;CAIEIRAS;2014;farming;2,47911213857407e+03
3509007;CAIEIRAS;2014;native_vegetation;5,58131287973104e+03
3509007;CAIEIRAS;2014;non_vegetated_other;2,26247645513917e+02
3509007;CAIEIRAS;2014;urban;1,44808209797359e+03
3509007;CAIEIRAS;2014;water;2,98506294738769e+01
3509007;CAIEIRAS;2015;farming;2,49194100429063e+03
3509007;CAIEIRAS;2015;native_vegetation;5,54315389722370e+03
3509007;CAIEIRAS;2015;non_vegetated_other;2,27152696228029e+02
3509007;CAIEIRAS;2015;urban;1,46888835710445e+03
3509007;CAIEIRAS;2015;water;3,34694364196777e+01
3509007;CAIEIRAS;2016;farming;2,49909324120469e+03
3509007;CAIEIRAS;2016;native_vegetation;5,52095052812579e+03
3509007;CAIEIRAS;2016;non_vegetated_other;2,30525229986573e+02
3509007;CAIEIRAS;2016;urban;1,47884009567867e+03
3509007;CAIEIRAS;2016;water;3,51962962707519e+01
3509007;CAIEIRAS;2017;farming;2,46776066302477e+03
3509007;CAIEIRAS;2017;native_vegetation;5,49545721256181e+03
3509007;CAIEIRAS;2017;non_vegetated_other;2,44590669122316e+02
3509007;CAIEIRAS;2017;urban;1,52168293882443e+03
3509007;CAIEIRAS;2017;water;3,51139077331543e+01
3509007;CAIEIRAS;2018;farming;2,44539360702503e+03
3509007;CAIEIRAS;2018;native_vegetation;5,50540686980669e+03
3509007;CAIEIRAS;2018;non_vegetated_other;2,44837575817873e+02
3509007;CAIEIRAS;2018;urban;1,53451134890134e+03
3509007;CAIEIRAS;2018;water;3,44559897155762e+01
3509007;CAIEIRAS;2019;farming;2,51883337623891e+03
3509007;CAIEIRAS;2019;native_vegetation;5,41338248934399e+03
3509007;CAIEIRAS;2019;non_vegetated_other;2,46153564294436e+02
3509007;CAIEIRAS;2019;urban;1,55424703804928e+03
3509007;CAIEIRAS;2019;water;3,19889233398437e+01
3509007;CAIEIRAS;2020;farming;2,53387644135731e+03
3509007;CAIEIRAS;2020;native_vegetation;5,34718518582224e+03
3509007;CAIEIRAS;2020;non_vegetated_other;2,80859914233400e+02
3509007;CAIEIRAS;2020;urban;1,56995486546017e+03
3509007;CAIEIRAS;2020;water;3,27289843933105e+01
3509007;CAIEIRAS;2021;farming;2,56084599077136e+03
3509007;CAIEIRAS;2021;native_vegetation;5,29718760260080e+03
3509007;CAIEIRAS;2021;non_vegetated_other;2,87933146899416e+02
3509007;CAIEIRAS;2021;urban;1,58714310996090e+03
3509007;CAIEIRAS;2021;water;3,14955410339355e+01
3509007;CAIEIRAS;2022;farming;2,58131332540880e+03
3509007;CAIEIRAS;2022;native_vegetation;5,19752245257635e+03
3509007;CAIEIRAS;2022;non_vegetated_other;2,96487830291750e+02
3509007;CAIEIRAS;2022;urban;1,65392145372310e+03
3509007;CAIEIRAS;2022;water;3,53603292663574e+01
3509007;CAIEIRAS;2023;farming;2,68345674441513e+03
3509007;CAIEIRAS;2023;native_vegetation;5,07325662467715e+03
3509007;CAIEIRAS;2023;non_vegetated_other;3,08001967712405e+02
3509007;CAIEIRAS;2023;urban;1,66469422050777e+03
3509007;CAIEIRAS;2023;water;3,51958339538574e+01
3509007;CAIEIRAS;2024;farming;2,74677893416121e+03
3509007;CAIEIRAS;2024;native_vegetation;4,96535862654477e+03
3509007;CAIEIRAS;2024;non_vegetated_other;3,44272271850588e+02
3509007;CAIEIRAS;2024;urban;1,67415093265376e+03
3509007;CAIEIRAS;2024;water;3,40446260559082e+01
3509205;CAJAMAR;1985;farming;2,83789021303078e+03
3509205;CAJAMAR;1985;native_vegetation;9,65113362114352e+03
3509205;CAJAMAR;1985;non_vegetated_other;5,92067925781252e+01
3509205;CAJAMAR;1985;urban;4,86193054858395e+02
3509205;CAJAMAR;1985;water;1,02628800561523e+02
3509205;CAJAMAR;1986;farming;2,81684094577615e+03
3509205;CAJAMAR;1986;native_vegetation;9,63722792813208e+03
3509205;CAJAMAR;1986;non_vegetated_other;6,25790767089843e+01
3509205;CAJAMAR;1986;urban;4,94908553552242e+02
3509205;CAJAMAR;1986;water;1,25495978002929e+02
3509205;CAJAMAR;1987;farming;2,86002460371679e+03
3509205;CAJAMAR;1987;native_vegetation;9,58927437787578e+03
3509205;CAJAMAR;1987;non_vegetated_other;5,83029456909179e+01
3509205;CAJAMAR;1987;urban;4,99430859436032e+02
3509205;CAJAMAR;1987;water;1,30019695452881e+02
3509205;CAJAMAR;1988;farming;2,85313420858132e+03
3509205;CAJAMAR;1988;native_vegetation;9,57790785905859e+03
3509205;CAJAMAR;1988;non_vegetated_other;5,10664212036133e+01
3509205;CAJAMAR;1988;urban;5,12670093438717e+02
3509205;CAJAMAR;1988;water;1,42273899890137e+02
3509205;CAJAMAR;1989;farming;2,84236498991067e+03
3509205;CAJAMAR;1989;native_vegetation;9,59098195563454e+03
3509205;CAJAMAR;1989;non_vegetated_other;6,19221727355954e+01
3509205;CAJAMAR;1989;urban;5,23935643652340e+02
3509205;CAJAMAR;1989;water;1,17847720239257e+02
3509205;CAJAMAR;1990;farming;2,78001978654153e+03
3509205;CAJAMAR;1990;native_vegetation;9,63762186525977e+03
3509205;CAJAMAR;1990;non_vegetated_other;6,11811537292478e+01
3509205;CAJAMAR;1990;urban;5,38489901727291e+02
3509205;CAJAMAR;1990;water;1,19739774914550e+02
3509205;CAJAMAR;1991;farming;2,73042815124491e+03
3509205;CAJAMAR;1991;native_vegetation;9,64453013468120e+03
3509205;CAJAMAR;1991;non_vegetated_other;5,22164097534179e+01
3509205;CAJAMAR;1991;urban;5,65052742388913e+02
3509205;CAJAMAR;1991;water;1,44825044104004e+02
3509205;CAJAMAR;1992;farming;2,72187368807353e+03
3509205;CAJAMAR;1992;native_vegetation;9,62076493237405e+03
3509205;CAJAMAR;1992;non_vegetated_other;5,63282049255370e+01
3509205;CAJAMAR;1992;urban;5,94658315686033e+02
3509205;CAJAMAR;1992;water;1,43427341113281e+02
3509205;CAJAMAR;1993;farming;2,67811769694195e+03
3509205;CAJAMAR;1993;native_vegetation;9,64503274243870e+03
3509205;CAJAMAR;1993;non_vegetated_other;5,33678470031737e+01
3509205;CAJAMAR;1993;urban;6,20068089154051e+02
3509205;CAJAMAR;1993;water;1,40466106634521e+02
3509205;CAJAMAR;1994;farming;2,72392962759991e+03
3509205;CAJAMAR;1994;native_vegetation;9,58984783754977e+03
3509205;CAJAMAR;1994;non_vegetated_other;5,04895684082031e+01
3509205;CAJAMAR;1994;urban;6,36513050146482e+02
3509205;CAJAMAR;1994;water;1,36272398468017e+02
3509205;CAJAMAR;1995;farming;2,77089381671733e+03
3509205;CAJAMAR;1995;native_vegetation;9,53383858202617e+03
3509205;CAJAMAR;1995;non_vegetated_other;4,55561268859863e+01
3509205;CAJAMAR;1995;urban;6,61673592346188e+02
3509205;CAJAMAR;1995;water;1,25090364196777e+02
3509205;CAJAMAR;1996;farming;2,77946139852885e+03
3509205;CAJAMAR;1996;native_vegetation;9,44427718701875e+03
3509205;CAJAMAR;1996;non_vegetated_other;5,12300875488281e+01
3509205;CAJAMAR;1996;urban;7,34526214453119e+02
3509205;CAJAMAR;1996;water;1,27557594622802e+02
3509205;CAJAMAR;1997;farming;2,72971369727765e+03
3509205;CAJAMAR;1997;native_vegetation;9,44148319661351e+03
3509205;CAJAMAR;1997;non_vegetated_other;4,60492784057617e+01
3509205;CAJAMAR;1997;urban;7,81721558465560e+02
3509205;CAJAMAR;1997;water;1,38084751409911e+02
3509205;CAJAMAR;1998;farming;2,81106148623637e+03
3509205;CAJAMAR;1998;native_vegetation;9,33620912818090e+03
3509205;CAJAMAR;1998;non_vegetated_other;4,39106543884278e+01
3509205;CAJAMAR;1998;urban;8,08936789788799e+02
3509205;CAJAMAR;1998;water;1,36934423577880e+02
3509205;CAJAMAR;1999;farming;2,83279143627909e+03
3509205;CAJAMAR;1999;native_vegetation;9,26587533812359e+03
3509205;CAJAMAR;1999;non_vegetated_other;4,92558760131836e+01
3509205;CAJAMAR;1999;urban;8,65107142138657e+02
3509205;CAJAMAR;1999;water;1,24022689617919e+02
3509205;CAJAMAR;2000;farming;2,86553102818582e+03
3509205;CAJAMAR;2000;native_vegetation;9,22705542246805e+03
3509205;CAJAMAR;2000;non_vegetated_other;5,97005803710933e+01
3509205;CAJAMAR;2000;urban;9,10584210113512e+02
3509205;CAJAMAR;2000;water;7,41812410339353e+01
3509205;CAJAMAR;2001;farming;2,86956168172587e+03
3509205;CAJAMAR;2001;native_vegetation;9,18930550993753e+03
3509205;CAJAMAR;2001;non_vegetated_other;6,29085020874018e+01
3509205;CAJAMAR;2001;urban;9,48087628363025e+02
3509205;CAJAMAR;2001;water;6,71891600585937e+01
3509205;CAJAMAR;2002;farming;2,89547404379251e+03
3509205;CAJAMAR;2002;native_vegetation;9,14645429954932e+03
3509205;CAJAMAR;2002;non_vegetated_other;6,34020765563960e+01
3509205;CAJAMAR;2002;urban;9,66588927746571e+02
3509205;CAJAMAR;2002;water;6,51331345275880e+01
3509205;CAJAMAR;2003;farming;2,97404496533181e+03
3509205;CAJAMAR;2003;native_vegetation;9,03565240435896e+03
3509205;CAJAMAR;2003;non_vegetated_other;6,15929806701656e+01
3509205;CAJAMAR;2003;urban;1,00358950245970e+03
3509205;CAJAMAR;2003;water;6,21726293518067e+01
3509205;CAJAMAR;2004;farming;3,19220288132293e+03
3509205;CAJAMAR;2004;native_vegetation;8,72499783039624e+03
3509205;CAJAMAR;2004;non_vegetated_other;6,28267069030756e+01
3509205;CAJAMAR;2004;urban;1,10241753664548e+03
3509205;CAJAMAR;2004;water;5,46075269042969e+01
3509205;CAJAMAR;2005;farming;3,32897063915374e+03
3509205;CAJAMAR;2005;native_vegetation;8,47111899146792e+03
3509205;CAJAMAR;2005;non_vegetated_other;6,60348693847651e+01
3509205;CAJAMAR;2005;urban;1,21393480382687e+03
3509205;CAJAMAR;2005;water;5,69931783386231e+01
3509205;CAJAMAR;2006;farming;3,39905012775852e+03
3509205;CAJAMAR;2006;native_vegetation;8,38738850185004e+03
3509205;CAJAMAR;2006;non_vegetated_other;6,41443236938474e+01
3509205;CAJAMAR;2006;urban;1,22848944671017e+03
3509205;CAJAMAR;2006;water;5,79800821594239e+01
3509205;CAJAMAR;2007;farming;3,48475618339209e+03
3509205;CAJAMAR;2007;native_vegetation;8,25792520064146e+03
3509205;CAJAMAR;2007;non_vegetated_other;6,66118414367672e+01
3509205;CAJAMAR;2007;urban;1,27479610701291e+03
3509205;CAJAMAR;2007;water;5,29631496887208e+01
3509205;CAJAMAR;2008;farming;3,58397059442123e+03
3509205;CAJAMAR;2008;native_vegetation;8,09422769807202e+03
3509205;CAJAMAR;2008;non_vegetated_other;6,72691406677240e+01
3509205;CAJAMAR;2008;urban;1,33878561577756e+03
3509205;CAJAMAR;2008;water;5,27994332336428e+01
3509205;CAJAMAR;2009;farming;3,61114725355816e+03
3509205;CAJAMAR;2009;native_vegetation;7,94469869670470e+03
3509205;CAJAMAR;2009;non_vegetated_other;6,95706473510734e+01
3509205;CAJAMAR;2009;urban;1,46418191491695e+03
3509205;CAJAMAR;2009;water;4,74539696411134e+01
3509205;CAJAMAR;2010;farming;3,65862246378150e+03
3509205;CAJAMAR;2010;native_vegetation;7,80454252926085e+03
3509205;CAJAMAR;2010;non_vegetated_other;7,13790151733388e+01
3509205;CAJAMAR;2010;urban;1,55612333068844e+03
3509205;CAJAMAR;2010;water;4,63851432678224e+01
3509205;CAJAMAR;2011;farming;3,77837020184296e+03
3509205;CAJAMAR;2011;native_vegetation;7,63528663795222e+03
3509205;CAJAMAR;2011;non_vegetated_other;7,61487148010243e+01
3509205;CAJAMAR;2011;urban;1,59551699501948e+03
3509205;CAJAMAR;2011;water;5,17299325561525e+01
3509205;CAJAMAR;2012;farming;3,81234635371065e+03
3509205;CAJAMAR;2012;native_vegetation;7,48739389979922e+03
3509205;CAJAMAR;2012;non_vegetated_other;8,58533543029776e+01
3509205;CAJAMAR;2012;urban;1,69265589664304e+03
3509205;CAJAMAR;2012;water;5,88029777160645e+01
3509205;CAJAMAR;2013;farming;3,82329502976657e+03
3509205;CAJAMAR;2013;native_vegetation;7,35323833724440e+03
3509205;CAJAMAR;2013;non_vegetated_other;1,00079871874999e+02
3509205;CAJAMAR;2013;urban;1,80583002850951e+03
3509205;CAJAMAR;2013;water;5,46092147766115e+01
3509205;CAJAMAR;2014;farming;3,80973987483496e+03
3509205;CAJAMAR;2014;native_vegetation;7,21973223835534e+03
3509205;CAJAMAR;2014;non_vegetated_other;1,07482087408446e+02
3509205;CAJAMAR;2014;urban;1,94589978425292e+03
3509205;CAJAMAR;2014;water;5,41984973205568e+01
3509205;CAJAMAR;2015;farming;3,90465076052220e+03
3509205;CAJAMAR;2015;native_vegetation;7,10680992344442e+03
3509205;CAJAMAR;2015;non_vegetated_other;1,08304641082763e+02
3509205;CAJAMAR;2015;urban;1,96070324759521e+03
3509205;CAJAMAR;2015;water;5,65839095275881e+01
3509205;CAJAMAR;2016;farming;3,92685926145603e+03
3509205;CAJAMAR;2016;native_vegetation;7,06461684882894e+03
3509205;CAJAMAR;2016;non_vegetated_other;1,00574261340331e+02
3509205;CAJAMAR;2016;urban;1,98430609985351e+03
3509205;CAJAMAR;2016;water;6,06960106933595e+01
3509205;CAJAMAR;2017;farming;4,06084574154025e+03
3509205;CAJAMAR;2017;native_vegetation;6,91903322591642e+03
3509205;CAJAMAR;2017;non_vegetated_other;1,00738816992187e+02
3509205;CAJAMAR;2017;urban;1,99935664417114e+03
3509205;CAJAMAR;2017;water;5,70780535522464e+01
3509205;CAJAMAR;2018;farming;4,06907763052341e+03
3509205;CAJAMAR;2018;native_vegetation;6,84846170258875e+03
3509205;CAJAMAR;2018;non_vegetated_other;9,23506234802239e+01
3509205;CAJAMAR;2018;urban;2,07345671784056e+03
3509205;CAJAMAR;2018;water;5,37058077392580e+01
3509205;CAJAMAR;2019;farming;4,13569711177342e+03
3509205;CAJAMAR;2019;native_vegetation;6,74219174540488e+03
3509205;CAJAMAR;2019;non_vegetated_other;8,28114031372065e+01
3509205;CAJAMAR;2019;urban;2,12314051195676e+03
3509205;CAJAMAR;2019;water;5,32117098999026e+01
3509205;CAJAMAR;2020;farming;4,14284492708710e+03
3509205;CAJAMAR;2020;native_vegetation;6,65368757451255e+03
3509205;CAJAMAR;2020;non_vegetated_other;7,26959176086423e+01
3509205;CAJAMAR;2020;urban;2,20844420914307e+03
3509205;CAJAMAR;2020;water;5,93798538208010e+01
3509205;CAJAMAR;2021;farming;4,17015027965058e+03
3509205;CAJAMAR;2021;native_vegetation;6,58377783244098e+03
3509205;CAJAMAR;2021;non_vegetated_other;7,55752409790037e+01
3509205;CAJAMAR;2021;urban;2,25244680543823e+03
3509205;CAJAMAR;2021;water;5,51023236633304e+01
3509205;CAJAMAR;2022;farming;4,07861815646945e+03
3509205;CAJAMAR;2022;native_vegetation;6,56609972000200e+03
3509205;CAJAMAR;2022;non_vegetated_other;9,97533847412099e+01
3509205;CAJAMAR;2022;urban;2,33805473422854e+03
3509205;CAJAMAR;2022;water;5,45264867309572e+01
3509205;CAJAMAR;2023;farming;4,16430860381440e+03
3509205;CAJAMAR;2023;native_vegetation;6,45688943344194e+03
3509205;CAJAMAR;2023;non_vegetated_other;1,14555997814940e+02
3509205;CAJAMAR;2023;urban;2,34956844321292e+03
3509205;CAJAMAR;2023;water;5,17300038879397e+01
3509205;CAJAMAR;2024;farming;4,22327978456398e+03
3509205;CAJAMAR;2024;native_vegetation;6,37004097326734e+03
3509205;CAJAMAR;2024;non_vegetated_other;1,27302259967040e+02
3509205;CAJAMAR;2024;urban;2,36675606870121e+03
3509205;CAJAMAR;2024;water;4,96733956726077e+01
3510609;CARAPICUÍBA;1985;farming;1,20576693282468e+03
3510609;CARAPICUÍBA;1985;native_vegetation;2,06605048681644e+02
3510609;CARAPICUÍBA;1985;non_vegetated_other;2,19269374938965e+01
3510609;CARAPICUÍBA;1985;urban;1,95187457303461e+03
3510609;CARAPICUÍBA;1985;water;6,75197395263670e+01
3510609;CARAPICUÍBA;1986;farming;1,18696144522091e+03
3510609;CARAPICUÍBA;1986;native_vegetation;2,05373301751712e+02
3510609;CARAPICUÍBA;1986;non_vegetated_other;1,13336606079102e+01
3510609;CARAPICUÍBA;1986;urban;1,98119115796499e+03
3510609;CARAPICUÍBA;1986;water;6,88336660156248e+01
3510609;CARAPICUÍBA;1987;farming;1,18786494819334e+03
3510609;CARAPICUÍBA;1987;native_vegetation;2,02334697222904e+02
3510609;CARAPICUÍBA;1987;non_vegetated_other;1,04301328918457e+01
3510609;CARAPICUÍBA;1987;urban;1,98431194224844e+03
3510609;CARAPICUÍBA;1987;water;6,87515110046384e+01
3510609;CARAPICUÍBA;1988;farming;1,15591480504149e+03
3510609;CARAPICUÍBA;1988;native_vegetation;1,96093106854251e+02
3510609;CARAPICUÍBA;1988;non_vegetated_other;9,03418665771484e+00
3510609;CARAPICUÍBA;1988;urban;2,02324262090444e+03
3510609;CARAPICUÍBA;1988;water;6,94085121032712e+01
3510609;CARAPICUÍBA;1989;farming;1,14860631897582e+03
3510609;CARAPICUÍBA;1989;native_vegetation;1,89523378765872e+02
3510609;CARAPICUÍBA;1989;non_vegetated_other;9,36267237548828e+00
3510609;CARAPICUÍBA;1989;urban;2,03843484396963e+03
3510609;CARAPICUÍBA;1989;water;6,77660174743650e+01
3510609;CARAPICUÍBA;1990;farming;1,07247213710936e+03
3510609;CARAPICUÍBA;1990;native_vegetation;1,89768750048831e+02
3510609;CARAPICUÍBA;1990;non_vegetated_other;1,09229207153320e+01
3510609;CARAPICUÍBA;1990;urban;2,11374893432612e+03
3510609;CARAPICUÍBA;1990;water;6,67804893615721e+01
3510609;CARAPICUÍBA;1991;farming;1,01391917283324e+03
3510609;CARAPICUÍBA;1991;native_vegetation;2,00443987408451e+02
3510609;CARAPICUÍBA;1991;non_vegetated_other;7,55545141601562e+00
3510609;CARAPICUÍBA;1991;urban;2,16384429967653e+03
3510609;CARAPICUÍBA;1991;water;6,79303202270506e+01
3510609;CARAPICUÍBA;1992;farming;9,99958748657218e+02
3510609;CARAPICUÍBA;1992;native_vegetation;1,98390869049076e+02
3510609;CARAPICUÍBA;1992;non_vegetated_other;7,63747623291015e+00
3510609;CARAPICUÍBA;1992;urban;2,17928309662481e+03
3510609;CARAPICUÍBA;1992;water;6,84230409973142e+01
3510609;CARAPICUÍBA;1993;farming;9,74501903393538e+02
3510609;CARAPICUÍBA;1993;native_vegetation;2,05945554174808e+02
3510609;CARAPICUÍBA;1993;non_vegetated_other;6,73413078002930e+00
3510609;CARAPICUÍBA;1993;urban;2,19644612636114e+03
3510609;CARAPICUÍBA;1993;water;7,00655168518063e+01
3510609;CARAPICUÍBA;1994;farming;9,20794183477779e+02
3510609;CARAPICUÍBA;1994;native_vegetation;2,15060170007327e+02
3510609;CARAPICUÍBA;1994;non_vegetated_other;1,97096362304687e+00
3510609;CARAPICUÍBA;1994;urban;2,24695211744381e+03
3510609;CARAPICUÍBA;1994;water;6,89157970092771e+01
3510609;CARAPICUÍBA;1995;farming;8,65774204522704e+02
3510609;CARAPICUÍBA;1995;native_vegetation;2,18837173840335e+02
3510609;CARAPICUÍBA;1995;non_vegetated_other;2,05339536132812e+00
3510609;CARAPICUÍBA;1995;urban;2,29983765573720e+03
3510609;CARAPICUÍBA;1995;water;6,71908020996091e+01
3510609;CARAPICUÍBA;1996;farming;7,84475189086906e+02
3510609;CARAPICUÍBA;1996;native_vegetation;2,17851792102054e+02
3510609;CARAPICUÍBA;1996;non_vegetated_other;2,29987494506836e+00
3510609;CARAPICUÍBA;1996;urban;2,38245038004146e+03
3510609;CARAPICUÍBA;1996;water;6,66159953857420e+01
3510609;CARAPICUÍBA;1997;farming;7,53432452423085e+02
3510609;CARAPICUÍBA;1997;native_vegetation;2,17933950689700e+02
3510609;CARAPICUÍBA;1997;non_vegetated_other;2,38201895751953e+00
3510609;CARAPICUÍBA;1997;urban;2,41431437823485e+03
3510609;CARAPICUÍBA;1997;water;6,56304312561033e+01
3510609;CARAPICUÍBA;1998;farming;7,16477510894771e+02
3510609;CARAPICUÍBA;1998;native_vegetation;2,19247703521732e+02
3510609;CARAPICUÍBA;1998;non_vegetated_other;1,64283847656250e+00
3510609;CARAPICUÍBA;1998;urban;2,45028397374880e+03
3510609;CARAPICUÍBA;1998;water;6,60412049194334e+01
3510609;CARAPICUÍBA;1999;farming;6,72954973376458e+02
3510609;CARAPICUÍBA;1999;native_vegetation;2,22122129315189e+02
3510609;CARAPICUÍBA;1999;non_vegetated_other;1,47859749755859e+00
3510609;CARAPICUÍBA;1999;urban;2,49265688516235e+03
3510609;CARAPICUÍBA;1999;water;6,44806462097167e+01
3510609;CARAPICUÍBA;2000;farming;6,55134879840081e+02
3510609;CARAPICUÍBA;2000;native_vegetation;2,22614735461429e+02
3510609;CARAPICUÍBA;2000;non_vegetated_other;1,47859749755859e+00
3510609;CARAPICUÍBA;2000;urban;2,51606175202632e+03
3510609;CARAPICUÍBA;2000;water;5,84032667358399e+01
3510609;CARAPICUÍBA;2001;farming;6,18591879559324e+02
3510609;CARAPICUÍBA;2001;native_vegetation;2,16948278295901e+02
3510609;CARAPICUÍBA;2001;non_vegetated_other;0,00000000000000e+00
3510609;CARAPICUÍBA;2001;urban;2,56254233449089e+03
3510609;CARAPICUÍBA;2001;water;5,56107392150880e+01
3510609;CARAPICUÍBA;2002;farming;5,98966279296869e+02
3510609;CARAPICUÍBA;2002;native_vegetation;2,08490380194095e+02
3510609;CARAPICUÍBA;2002;non_vegetated_other;0,00000000000000e+00
3510609;CARAPICUÍBA;2002;urban;2,59415816002802e+03
3510609;CARAPICUÍBA;2002;water;5,20784120422364e+01
3510609;CARAPICUÍBA;2003;farming;5,71703389489746e+02
3510609;CARAPICUÍBA;2003;native_vegetation;2,08736698382571e+02
3510609;CARAPICUÍBA;2003;non_vegetated_other;1,64298382568359e-01
3510609;CARAPICUÍBA;2003;urban;2,62347465078120e+03
3510609;CARAPICUÍBA;2003;water;4,96141945251466e+01
3510609;CARAPICUÍBA;2004;farming;5,58810926635740e+02
3510609;CARAPICUÍBA;2004;native_vegetation;2,04548618243410e+02
3510609;CARAPICUÍBA;2004;non_vegetated_other;1,64298382568359e-01
3510609;CARAPICUÍBA;2004;urban;2,64310186549677e+03
3510609;CARAPICUÍBA;2004;water;4,70675228027345e+01
3510609;CARAPICUÍBA;2005;farming;5,46329161413571e+02
3510609;CARAPICUÍBA;2005;native_vegetation;2,08900953106692e+02
3510609;CARAPICUÍBA;2005;non_vegetated_other;0,00000000000000e+00
3510609;CARAPICUÍBA;2005;urban;2,65574947751461e+03
3510609;CARAPICUÍBA;2005;water;4,27136395263673e+01
3510609;CARAPICUÍBA;2006;farming;5,32206343060298e+02
3510609;CARAPICUÍBA;2006;native_vegetation;2,18918978649904e+02
3510609;CARAPICUÍBA;2006;non_vegetated_other;0,00000000000000e+00
3510609;CARAPICUÍBA;2006;urban;2,66568688395383e+03
3510609;CARAPICUÍBA;2006;water;3,68810258972169e+01
3510609;CARAPICUÍBA;2007;farming;5,17836223815916e+02
3510609;CARAPICUÍBA;2007;native_vegetation;2,22778217236330e+02
3510609;CARAPICUÍBA;2007;non_vegetated_other;0,00000000000000e+00
3510609;CARAPICUÍBA;2007;urban;2,67825153269040e+03
3510609;CARAPICUÍBA;2007;water;3,48272578186036e+01
3510609;CARAPICUÍBA;2008;farming;5,01657602032466e+02
3510609;CARAPICUÍBA;2008;native_vegetation;2,23024589337160e+02
3510609;CARAPICUÍBA;2008;non_vegetated_other;0,00000000000000e+00
3510609;CARAPICUÍBA;2008;urban;2,69451246962279e+03
3510609;CARAPICUÍBA;2008;water;3,44985705688477e+01
3510609;CARAPICUÍBA;2009;farming;5,03052529907223e+02
3510609;CARAPICUÍBA;2009;native_vegetation;2,04138649713137e+02
3510609;CARAPICUÍBA;2009;non_vegetated_other;5,75028973388672e-01
3510609;CARAPICUÍBA;2009;urban;2,71216762596436e+03
3510609;CARAPICUÍBA;2009;water;3,37593970031739e+01
3510609;CARAPICUÍBA;2010;farming;4,74394235382077e+02
3510609;CARAPICUÍBA;2010;native_vegetation;2,00362026562503e+02
3510609;CARAPICUÍBA;2010;non_vegetated_other;5,75028973388672e-01
3510609;CARAPICUÍBA;2010;urban;2,74583459407349e+03
3510609;CARAPICUÍBA;2010;water;3,25273465698243e+01
3510609;CARAPICUÍBA;2011;farming;4,35548987908932e+02
3510609;CARAPICUÍBA;2011;native_vegetation;2,00361722369388e+02
3510609;CARAPICUÍBA;2011;non_vegetated_other;0,00000000000000e+00
3510609;CARAPICUÍBA;2011;urban;2,78615870076903e+03
3510609;CARAPICUÍBA;2011;water;3,16238205139161e+01
3510609;CARAPICUÍBA;2012;farming;4,11078341186523e+02
3510609;CARAPICUÍBA;2012;native_vegetation;2,00608164508060e+02
3510609;CARAPICUÍBA;2012;non_vegetated_other;6,56919256591797e-01
3510609;CARAPICUÍBA;2012;urban;2,81038308012690e+03
3510609;CARAPICUÍBA;2012;water;3,09667264831544e+01
3510609;CARAPICUÍBA;2013;farming;3,85127996630859e+02
3510609;CARAPICUÍBA;2013;native_vegetation;2,00361785974124e+02
3510609;CARAPICUÍBA;2013;non_vegetated_other;7,39033978271485e-01
3510609;CARAPICUÍBA;2013;urban;2,83814034760123e+03
3510609;CARAPICUÍBA;2013;water;2,93240673767091e+01
3510609;CARAPICUÍBA;2014;farming;3,80364897412109e+02
3510609;CARAPICUÍBA;2014;native_vegetation;2,00443986975101e+02
3510609;CARAPICUÍBA;2014;non_vegetated_other;7,39033978271485e-01
3510609;CARAPICUÍBA;2014;urban;2,84158911008291e+03
3510609;CARAPICUÍBA;2014;water;3,05562031127930e+01
3510609;CARAPICUÍBA;2015;farming;3,64434211999511e+02
3510609;CARAPICUÍBA;2015;native_vegetation;2,03153690899662e+02
3510609;CARAPICUÍBA;2015;non_vegetated_other;7,39033978271485e-01
3510609;CARAPICUÍBA;2015;urban;2,85793153565051e+03
3510609;CARAPICUÍBA;2015;water;2,74347590332032e+01
3510609;CARAPICUÍBA;2016;farming;3,50063827117920e+02
3510609;CARAPICUÍBA;2016;native_vegetation;2,11283061444095e+02
3510609;CARAPICUÍBA;2016;non_vegetated_other;0,00000000000000e+00
3510609;CARAPICUÍBA;2016;urban;2,86622569553819e+03
3510609;CARAPICUÍBA;2016;water;2,61206474609375e+01
3510609;CARAPICUÍBA;2017;farming;3,42755813244630e+02
3510609;CARAPICUÍBA;2017;native_vegetation;2,20481245483401e+02
3510609;CARAPICUÍBA;2017;non_vegetated_other;2,05339420166016e+00
3510609;CARAPICUÍBA;2017;urban;2,87033169677110e+03
3510609;CARAPICUÍBA;2017;water;1,80710818603516e+01
3510609;CARAPICUÍBA;2018;farming;3,35447737188722e+02
3510609;CARAPICUÍBA;2018;native_vegetation;2,24915523742679e+02
3510609;CARAPICUÍBA;2018;non_vegetated_other;2,21769537353516e+00
3510609;CARAPICUÍBA;2018;urban;2,87460183468004e+03
3510609;CARAPICUÍBA;2018;water;1,65104405761719e+01
3510609;CARAPICUÍBA;2019;farming;3,27893228039552e+02
3510609;CARAPICUÍBA;2019;native_vegetation;2,29349843548587e+02
3510609;CARAPICUÍBA;2019;non_vegetated_other;8,21481219482422e-01
3510609;CARAPICUÍBA;2019;urban;2,88026796318957e+03
3510609;CARAPICUÍBA;2019;water;1,53607155639648e+01
3510609;CARAPICUÍBA;2020;farming;3,13194011566164e+02
3510609;CARAPICUÍBA;2020;native_vegetation;2,28774103869632e+02
3510609;CARAPICUÍBA;2020;non_vegetated_other;4,10753424072266e-01
3510609;CARAPICUÍBA;2020;urban;2,90047174863881e+03
3510609;CARAPICUÍBA;2020;water;1,08426140625000e+01
3510609;CARAPICUÍBA;2021;farming;2,95128681073000e+02
3510609;CARAPICUÍBA;2021;native_vegetation;2,27460428619387e+02
3510609;CARAPICUÍBA;2021;non_vegetated_other;3,28602673339844e-01
3510609;CARAPICUÍBA;2021;urban;2,92141150803826e+03
3510609;CARAPICUÍBA;2021;water;9,36401115722655e+00
3510609;CARAPICUÍBA;2022;farming;2,68438828576663e+02
3510609;CARAPICUÍBA;2022;native_vegetation;2,23106913311770e+02
3510609;CARAPICUÍBA;2022;non_vegetated_other;8,21299871826172e-01
3510609;CARAPICUÍBA;2022;urban;2,95426256925046e+03
3510609;CARAPICUÍBA;2022;water;7,06362055053711e+00
3510609;CARAPICUÍBA;2023;farming;2,61705815100100e+02
3510609;CARAPICUÍBA;2023;native_vegetation;2,23353205078128e+02
3510609;CARAPICUÍBA;2023;non_vegetated_other;4,10753259277344e-01
3510609;CARAPICUÍBA;2023;urban;2,96214556648557e+03
3510609;CARAPICUÍBA;2023;water;6,07789163818360e+00
3510609;CARAPICUÍBA;2024;farming;2,55711469274904e+02
3510609;CARAPICUÍBA;2024;native_vegetation;2,24584893481448e+02
3510609;CARAPICUÍBA;2024;non_vegetated_other;4,92904010009766e-01
3510609;CARAPICUÍBA;2024;urban;2,96682605735472e+03
3510609;CARAPICUÍBA;2024;water;6,07790744018555e+00
3513009;COTIA;1985;farming;1,15531032224242e+04
3513009;COTIA;1985;native_vegetation;1,86621933113616e+04
3513009;COTIA;1985;non_vegetated_other;2,10841008764649e+02
3513009;COTIA;1985;urban;1,54706590898443e+03
3513009;COTIA;1985;water;4,25920618823243e+02
3513009;COTIA;1986;farming;1,16471472502683e+04
3513009;COTIA;1986;native_vegetation;1,86300246146818e+04
3513009;COTIA;1986;non_vegetated_other;8,96305557922363e+01
3513009;COTIA;1986;urban;1,57029740649420e+03
3513009;COTIA;1986;water;4,62024243121339e+02
3513009;COTIA;1987;farming;1,17597253485898e+04
3513009;COTIA;1987;native_vegetation;1,84923506668107e+04
3513009;COTIA;1987;non_vegetated_other;6,79649564331053e+01
3513009;COTIA;1987;urban;1,58942422706305e+03
3513009;COTIA;1987;water;4,89658871459960e+02
3513009;COTIA;1988;farming;1,18186847747556e+04
3513009;COTIA;1988;native_vegetation;1,83421079294261e+04
3513009;COTIA;1988;non_vegetated_other;6,50917953735350e+01
3513009;COTIA;1988;urban;1,68423990284429e+03
3513009;COTIA;1988;water;4,88999667956543e+02
3513009;COTIA;1989;farming;1,18021024166380e+04
3513009;COTIA;1989;native_vegetation;1,82849845788584e+04
3513009;COTIA;1989;non_vegetated_other;6,27922183227538e+01
3513009;COTIA;1989;urban;1,75983633128057e+03
3513009;COTIA;1989;water;4,89408525256348e+02
3513009;COTIA;1990;farming;1,16572196212522e+04
3513009;COTIA;1990;native_vegetation;1,83382571293226e+04
3513009;COTIA;1990;non_vegetated_other;5,68815609436034e+01
3513009;COTIA;1990;urban;1,85333633454596e+03
3513009;COTIA;1990;water;4,93429424291993e+02
3513009;COTIA;1991;farming;1,14440155735779e+04
3513009;COTIA;1991;native_vegetation;1,84537841233908e+04
3513009;COTIA;1991;non_vegetated_other;5,33513045227050e+01
3513009;COTIA;1991;urban;1,94929260416266e+03
3513009;COTIA;1991;water;4,98680464703370e+02
3513009;COTIA;1992;farming;1,14322595988769e+04
3513009;COTIA;1992;native_vegetation;1,83849321526566e+04
3513009;COTIA;1992;non_vegetated_other;5,37613373352051e+01
3513009;COTIA;1992;urban;2,02440222580570e+03
3513009;COTIA;1992;water;5,03768755682373e+02
3513009;COTIA;1993;farming;1,12048160776367e+04
3513009;COTIA;1993;native_vegetation;1,85004985245624e+04
3513009;COTIA;1993;non_vegetated_other;5,17910779541016e+01
3513009;COTIA;1993;urban;2,13964303153687e+03
3513009;COTIA;1993;water;5,02375358666993e+02
3513009;COTIA;1994;farming;1,08805138109071e+04
3513009;COTIA;1994;native_vegetation;1,87818586094199e+04
3513009;COTIA;1994;non_vegetated_other;4,27624530395508e+01
3513009;COTIA;1994;urban;2,20383690303950e+03
3513009;COTIA;1994;water;4,90152293951414e+02
3513009;COTIA;1995;farming;1,07659304132752e+04
3513009;COTIA;1995;native_vegetation;1,88462847348777e+04
3513009;COTIA;1995;non_vegetated_other;3,64421224670410e+01
3513009;COTIA;1995;urban;2,27229767644035e+03
3513009;COTIA;1995;water;4,78169123297118e+02
3513009;COTIA;1996;farming;1,06749930771424e+04
3513009;COTIA;1996;native_vegetation;1,88503678692773e+04
3513009;COTIA;1996;non_vegetated_other;3,66069984558105e+01
3513009;COTIA;1996;urban;2,36842139983524e+03
3513009;COTIA;1996;water;4,68734725646972e+02
3513009;COTIA;1997;farming;1,05493074544189e+04
3513009;COTIA;1997;native_vegetation;1,88463504372704e+04
3513009;COTIA;1997;non_vegetated_other;2,54437974609375e+01
3513009;COTIA;1997;urban;2,52060825364992e+03
3513009;COTIA;1997;water;4,57414127557373e+02
3513009;COTIA;1998;farming;1,04980369288880e+04
3513009;COTIA;1998;native_vegetation;1,87438730281095e+04
3513009;COTIA;1998;non_vegetated_other;2,47866057800293e+01
3513009;COTIA;1998;urban;2,67492935726314e+03
3513009;COTIA;1998;water;4,57498150317383e+02
3513009;COTIA;1999;farming;1,03830063565673e+04
3513009;COTIA;1999;native_vegetation;1,86600742465668e+04
3513009;COTIA;1999;non_vegetated_other;2,67576787963867e+01
3513009;COTIA;1999;urban;2,88695821600944e+03
3513009;COTIA;1999;water;4,42327572418214e+02
3513009;COTIA;2000;farming;1,03913237691832e+04
3513009;COTIA;2000;native_vegetation;1,86037446532501e+04
3513009;COTIA;2000;non_vegetated_other;3,89844459777832e+01
3513009;COTIA;2000;urban;3,03643980327761e+03
3513009;COTIA;2000;water;3,28631398669434e+02
3513009;COTIA;2001;farming;1,02988940731200e+04
3513009;COTIA;2001;native_vegetation;1,85747634242951e+04
3513009;COTIA;2001;non_vegetated_other;4,71940886352539e+01
3513009;COTIA;2001;urban;3,15325119116217e+03
3513009;COTIA;2001;water;3,25021293145753e+02
3513009;COTIA;2002;farming;1,03098893401000e+04
3513009;COTIA;2002;native_vegetation;1,84474887973413e+04
3513009;COTIA;2002;non_vegetated_other;4,72803084472655e+01
3513009;COTIA;2002;urban;3,22803088788455e+03
3513009;COTIA;2002;water;3,66434736584473e+02
3513009;COTIA;2003;farming;1,02484743737242e+04
3513009;COTIA;2003;native_vegetation;1,84582237730190e+04
3513009;COTIA;2003;non_vegetated_other;4,69518536010742e+01
3513009;COTIA;2003;urban;3,31168095951543e+03
3513009;COTIA;2003;water;3,33793110498048e+02
3513009;COTIA;2004;farming;1,02637085228209e+04
3513009;COTIA;2004;native_vegetation;1,83578601296591e+04
3513009;COTIA;2004;non_vegetated_other;4,45715153930664e+01
3513009;COTIA;2004;urban;3,40370204509886e+03
3513009;COTIA;2004;water;3,29281857385255e+02
3513009;COTIA;2005;farming;1,01518635604796e+04
3513009;COTIA;2005;native_vegetation;1,83343189302148e+04
3513009;COTIA;2005;non_vegetated_other;4,05509243957520e+01
3513009;COTIA;2005;urban;3,47806736421507e+03
3513009;COTIA;2005;water;3,94323291052246e+02
3513009;COTIA;2006;farming;9,96564035788569e+03
3513009;COTIA;2006;native_vegetation;1,84357557219572e+04
3513009;COTIA;2006;non_vegetated_other;4,02220690979004e+01
3513009;COTIA;2006;urban;3,55670496204831e+03
3513009;COTIA;2006;water;4,00800959368897e+02
3513009;COTIA;2007;farming;9,89749765526731e+03
3513009;COTIA;2007;native_vegetation;1,83879974138881e+04
3513009;COTIA;2007;non_vegetated_other;3,90719875488281e+01
3513009;COTIA;2007;urban;3,66194467340692e+03
3513009;COTIA;2007;water;4,12612340246583e+02
3513009;COTIA;2008;farming;9,85891935541988e+03
3513009;COTIA;2008;native_vegetation;1,83404649946989e+04
3513009;COTIA;2008;non_vegetated_other;3,67735522827148e+01
3513009;COTIA;2008;urban;3,76347973778065e+03
3513009;COTIA;2008;water;3,99486430175782e+02
3513009;COTIA;2009;farming;9,75213151660762e+03
3513009;COTIA;2009;native_vegetation;1,83012240943632e+04
3513009;COTIA;2009;non_vegetated_other;3,30797489501953e+01
3513009;COTIA;2009;urban;3,91492709819927e+03
3513009;COTIA;2009;water;3,97761612237549e+02
3513009;COTIA;2010;farming;9,59168298789059e+03
3513009;COTIA;2010;native_vegetation;1,83790974985933e+04
3513009;COTIA;2010;non_vegetated_other;3,09456762207031e+01
3513009;COTIA;2010;urban;4,00743188740826e+03
3513009;COTIA;2010;water;3,89966020245362e+02
3513009;COTIA;2011;farming;9,45928738581536e+03
3513009;COTIA;2011;native_vegetation;1,83456920346465e+04
3513009;COTIA;2011;non_vegetated_other;2,49546292053223e+01
3513009;COTIA;2011;urban;4,18143871734602e+03
3513009;COTIA;2011;water;3,87751303344727e+02
3513009;COTIA;2012;farming;9,26734599223025e+03
3513009;COTIA;2012;native_vegetation;1,83293332628816e+04
3513009;COTIA;2012;non_vegetated_other;2,06029904602051e+01
3513009;COTIA;2012;urban;4,39491199474480e+03
3513009;COTIA;2012;water;3,86929830041505e+02
3513009;COTIA;2013;farming;9,11577187810066e+03
3513009;COTIA;2013;native_vegetation;1,83427706144743e+04
3513009;COTIA;2013;non_vegetated_other;2,32295600891113e+01
3513009;COTIA;2013;urban;4,53731723589480e+03
3513009;COTIA;2013;water;3,80034781799317e+02
3513009;COTIA;2014;farming;9,04539655298467e+03
3513009;COTIA;2014;native_vegetation;1,83727225457183e+04
3513009;COTIA;2014;non_vegetated_other;2,52817075317383e+01
3513009;COTIA;2014;urban;4,62432289509892e+03
3513009;COTIA;2014;water;3,31400369024658e+02
3513009;COTIA;2015;farming;8,93719704096074e+03
3513009;COTIA;2015;native_vegetation;1,83546033180017e+04
3513009;COTIA;2015;non_vegetated_other;2,91391312072754e+01
3513009;COTIA;2015;urban;4,74645647068482e+03
3513009;COTIA;2015;water;3,31728109503174e+02
3513009;COTIA;2016;farming;8,80632374331671e+03
3513009;COTIA;2016;native_vegetation;1,83692984105678e+04
3513009;COTIA;2016;non_vegetated_other;3,57867722595215e+01
3513009;COTIA;2016;urban;4,81490075261834e+03
3513009;COTIA;2016;water;3,72814391595459e+02
3513009;COTIA;2017;farming;8,75714505305790e+03
3513009;COTIA;2017;native_vegetation;1,83186762875875e+04
3513009;COTIA;2017;non_vegetated_other;3,49658160827637e+01
3513009;COTIA;2017;urban;4,90896248996573e+03
3513009;COTIA;2017;water;3,79374423663330e+02
3513009;COTIA;2018;farming;8,65151250859979e+03
3513009;COTIA;2018;native_vegetation;1,83072746241779e+04
3513009;COTIA;2018;non_vegetated_other;3,34060661376953e+01
3513009;COTIA;2018;urban;5,03051023334951e+03
3513009;COTIA;2018;water;3,76420638092042e+02
3513009;COTIA;2019;farming;8,51962141304924e+03
3513009;COTIA;2019;native_vegetation;1,82861840996174e+04
3513009;COTIA;2019;non_vegetated_other;4,52229766967773e+01
3513009;COTIA;2019;urban;5,18053455872787e+03
3513009;COTIA;2019;water;3,67561022265625e+02
3513009;COTIA;2020;farming;8,46929036204223e+03
3513009;COTIA;2020;native_vegetation;1,81975612629530e+04
3513009;COTIA;2020;non_vegetated_other;4,67850675720214e+01
3513009;COTIA;2020;urban;5,31890978385604e+03
3513009;COTIA;2020;water;3,66577593933106e+02
3513009;COTIA;2021;farming;8,35853941318363e+03
3513009;COTIA;2021;native_vegetation;1,80760301749401e+04
3513009;COTIA;2021;non_vegetated_other;6,22177677368165e+01
3513009;COTIA;2021;urban;5,54461574415874e+03
3513009;COTIA;2021;water;3,57720970336915e+02
3513009;COTIA;2022;farming;8,18872002272947e+03
3513009;COTIA;2022;native_vegetation;1,80533111432080e+04
3513009;COTIA;2022;non_vegetated_other;5,95060805419923e+01
3513009;COTIA;2022;urban;5,73248064802847e+03
3513009;COTIA;2022;water;3,65106175848389e+02
3513009;COTIA;2023;farming;8,21758360623779e+03
3513009;COTIA;2023;native_vegetation;1,79088153924208e+04
3513009;COTIA;2023;non_vegetated_other;7,55983901184084e+01
3513009;COTIA;2023;urban;5,80856262566511e+03
3513009;COTIA;2023;water;3,88564055914306e+02
3513009;COTIA;2024;farming;8,16857004296873e+03
3513009;COTIA;2024;native_vegetation;1,78998661816235e+04
3513009;COTIA;2024;non_vegetated_other;8,79944898925780e+01
3513009;COTIA;2024;urban;5,87914691096182e+03
3513009;COTIA;2024;water;3,63546444909668e+02
3513801;DIADEMA;1985;farming;3,04948663500977e+02
3513801;DIADEMA;1985;native_vegetation;1,44844023516848e+02
3513801;DIADEMA;1985;non_vegetated_other;7,79168305664062e+00
3513801;DIADEMA;1985;urban;2,54662714166252e+03
3513801;DIADEMA;1985;water;6,94695210205082e+01
3513801;DIADEMA;1986;farming;2,91661097717286e+02
3513801;DIADEMA;1986;native_vegetation;1,40907201159670e+02
3513801;DIADEMA;1986;non_vegetated_other;6,56140384521484e+00
3513801;DIADEMA;1986;urban;2,55081047310783e+03
3513801;DIADEMA;1986;water;8,37408569274913e+01
3513801;DIADEMA;1987;farming;2,92972921398926e+02
3513801;DIADEMA;1987;native_vegetation;1,37298494641115e+02
3513801;DIADEMA;1987;non_vegetated_other;6,39737684326172e+00
3513801;DIADEMA;1987;urban;2,55548586840203e+03
3513801;DIADEMA;1987;water;8,15263714721689e+01
3513801;DIADEMA;1988;farming;2,71235706604005e+02
3513801;DIADEMA;1988;native_vegetation;1,31228434277345e+02
3513801;DIADEMA;1988;non_vegetated_other;4,67481744384766e+00
3513801;DIADEMA;1988;urban;2,58813238979490e+03
3513801;DIADEMA;1988;water;7,84096846374519e+01
3513801;DIADEMA;1989;farming;2,67626698516847e+02
3513801;DIADEMA;1989;native_vegetation;1,32786798980714e+02
3513801;DIADEMA;1989;non_vegetated_other;3,69065410156250e+00
3513801;DIADEMA;1989;urban;2,59239750639647e+03
3513801;DIADEMA;1989;water;7,71793747619636e+01
3513801;DIADEMA;1990;farming;2,62705412115480e+02
3513801;DIADEMA;1990;native_vegetation;1,28029639025881e+02
3513801;DIADEMA;1990;non_vegetated_other;3,03453946533203e+00
3513801;DIADEMA;1990;urban;2,59617054838866e+03
3513801;DIADEMA;1990;water;8,37408937622079e+01
3513801;DIADEMA;1991;farming;2,48761089794923e+02
3513801;DIADEMA;1991;native_vegetation;1,26471371148683e+02
3513801;DIADEMA;1991;non_vegetated_other;2,37847735595703e+00
3513801;DIADEMA;1991;urban;2,60872028880617e+03
3513801;DIADEMA;1991;water;8,73498056518564e+01
3513801;DIADEMA;1992;farming;2,46136181317140e+02
3513801;DIADEMA;1992;native_vegetation;1,28767997485353e+02
3513801;DIADEMA;1992;non_vegetated_other;2,46048911743164e+00
3513801;DIADEMA;1992;urban;2,61413383960573e+03
3513801;DIADEMA;1992;water;8,21825252319344e+01
3513801;DIADEMA;1993;farming;2,47366550378419e+02
3513801;DIADEMA;1993;native_vegetation;1,34017135668947e+02
3513801;DIADEMA;1993;non_vegetated_other;2,13242979736328e+00
3513801;DIADEMA;1993;urban;2,61626636537478e+03
3513801;DIADEMA;1993;water;7,38985515380865e+01
3513801;DIADEMA;1994;farming;2,18331950689698e+02
3513801;DIADEMA;1994;native_vegetation;1,57146060894778e+02
3513801;DIADEMA;1994;non_vegetated_other;1,31222763671875e+00
3513801;DIADEMA;1994;urban;2,62250011457523e+03
3513801;DIADEMA;1994;water;7,43906789611822e+01
3513801;DIADEMA;1995;farming;2,01518588214111e+02
3513801;DIADEMA;1995;native_vegetation;1,61164576690677e+02
3513801;DIADEMA;1995;non_vegetated_other;1,06618306884766e+00
3513801;DIADEMA;1995;urban;2,62807717710577e+03
3513801;DIADEMA;1995;water;8,18545076782235e+01
3513801;DIADEMA;1996;farming;1,88559981542967e+02
3513801;DIADEMA;1996;native_vegetation;1,64691303778079e+02
3513801;DIADEMA;1996;non_vegetated_other;2,46034625244141e-01
3513801;DIADEMA;1996;urban;2,63677083859871e+03
3513801;DIADEMA;1996;water;8,34128742126473e+01
3513801;DIADEMA;1997;farming;1,76831648876951e+02
3513801;DIADEMA;1997;native_vegetation;1,66987692395023e+02
3513801;DIADEMA;1997;non_vegetated_other;1,64022863769531e-01
3513801;DIADEMA;1997;urban;2,64702293158575e+03
3513801;DIADEMA;1997;water;8,26747370361336e+01
3513801;DIADEMA;1998;farming;1,59608174725340e+02
3513801;DIADEMA;1998;native_vegetation;1,80766294451907e+02
3513801;DIADEMA;1998;non_vegetated_other;0,00000000000000e+00
3513801;DIADEMA;1998;urban;2,65850578867193e+03
3513801;DIADEMA;1998;water;7,48007749084478e+01
3513801;DIADEMA;1999;farming;1,43532317419433e+02
3513801;DIADEMA;1999;native_vegetation;1,91592618518069e+02
3513801;DIADEMA;1999;non_vegetated_other;4,10065759277344e-01
3513801;DIADEMA;1999;urban;2,66383735906377e+03
3513801;DIADEMA;1999;water;7,43086719970708e+01
3513801;DIADEMA;2000;farming;1,42548012329101e+02
3513801;DIADEMA;2000;native_vegetation;2,00122637268069e+02
3513801;DIADEMA;2000;non_vegetated_other;4,92082330322266e-01
3513801;DIADEMA;2000;urban;2,66506773440557e+03
3513801;DIADEMA;2000;water;6,54505664245607e+01
3513801;DIADEMA;2001;farming;1,38529095550537e+02
3513801;DIADEMA;2001;native_vegetation;2,04469568994143e+02
3513801;DIADEMA;2001;non_vegetated_other;4,92082330322266e-01
3513801;DIADEMA;2001;urban;2,66761038093878e+03
3513801;DIADEMA;2001;water;6,25799049438477e+01
3513801;DIADEMA;2002;farming;1,36806520025635e+02
3513801;DIADEMA;2002;native_vegetation;2,08652588122561e+02
3513801;DIADEMA;2002;non_vegetated_other;4,92082330322266e-01
3513801;DIADEMA;2002;urban;2,66851272314459e+03
3513801;DIADEMA;2002;water;5,92171191345214e+01
3513801;DIADEMA;2003;farming;1,27866222613525e+02
3513801;DIADEMA;2003;native_vegetation;2,18904845947268e+02
3513801;DIADEMA;2003;non_vegetated_other;4,10069079589844e-01
3513801;DIADEMA;2003;urban;2,66949728950201e+03
3513801;DIADEMA;2003;water;5,70026056152343e+01
3513801;DIADEMA;2004;farming;1,24995651123047e+02
3513801;DIADEMA;2004;native_vegetation;2,21775398999026e+02
3513801;DIADEMA;2004;non_vegetated_other;8,20165710449219e-02
3513801;DIADEMA;2004;urban;2,66949728884283e+03
3513801;DIADEMA;2004;water;5,73306772216796e+01
3513801;DIADEMA;2005;farming;1,24339538592530e+02
3513801;DIADEMA;2005;native_vegetation;2,18904701892092e+02
3513801;DIADEMA;2005;non_vegetated_other;8,20165710449219e-02
3513801;DIADEMA;2005;urban;2,66966132563482e+03
3513801;DIADEMA;2005;water;6,06934500671387e+01
3513801;DIADEMA;2006;farming;1,24995841070557e+02
3513801;DIADEMA;2006;native_vegetation;2,18412453948976e+02
3513801;DIADEMA;2006;non_vegetated_other;8,20165710449219e-02
3513801;DIADEMA;2006;urban;2,67007140963750e+03
3513801;DIADEMA;2006;water;6,01193115295410e+01
3513801;DIADEMA;2007;farming;1,28604635583496e+02
3513801;DIADEMA;2007;native_vegetation;2,15869847320558e+02
3513801;DIADEMA;2007;non_vegetated_other;8,20165710449219e-02
3513801;DIADEMA;2007;urban;2,67015343034673e+03
3513801;DIADEMA;2007;water;5,89711029357909e+01
3513801;DIADEMA;2008;farming;1,24421798883057e+02
3513801;DIADEMA;2008;native_vegetation;2,21364944647219e+02
3513801;DIADEMA;2008;non_vegetated_other;8,20165710449219e-02
3513801;DIADEMA;2008;urban;2,67023544890752e+03
3513801;DIADEMA;2008;water;5,75768237487793e+01
3513801;DIADEMA;2009;farming;1,22535453906250e+02
3513801;DIADEMA;2009;native_vegetation;2,19970526385500e+02
3513801;DIADEMA;2009;non_vegetated_other;8,20165710449219e-02
3513801;DIADEMA;2009;urban;2,67195779570317e+03
3513801;DIADEMA;2009;water;5,91352401916504e+01
3513801;DIADEMA;2010;farming;1,12857190716553e+02
3513801;DIADEMA;2010;native_vegetation;2,24809608142091e+02
3513801;DIADEMA;2010;non_vegetated_other;0,00000000000000e+00
3513801;DIADEMA;2010;urban;2,67499255859379e+03
3513801;DIADEMA;2010;water;6,10216753051756e+01
3513801;DIADEMA;2011;farming;1,08920255487061e+02
3513801;DIADEMA;2011;native_vegetation;2,24973566845705e+02
3513801;DIADEMA;2011;non_vegetated_other;0,00000000000000e+00
3513801;DIADEMA;2011;urban;2,67983179227908e+03
3513801;DIADEMA;2011;water;5,99554181457518e+01
3513801;DIADEMA;2012;farming;1,08674258355713e+02
3513801;DIADEMA;2012;native_vegetation;2,22020810052492e+02
3513801;DIADEMA;2012;non_vegetated_other;0,00000000000000e+00
3513801;DIADEMA;2012;urban;2,68286652830813e+03
3513801;DIADEMA;2012;water;6,01194360412596e+01
3513801;DIADEMA;2013;farming;1,00800476031495e+02
3513801;DIADEMA;2013;native_vegetation;2,31206846246339e+02
3513801;DIADEMA;2013;non_vegetated_other;0,00000000000000e+00
3513801;DIADEMA;2013;urban;2,68696754887698e+03
3513801;DIADEMA;2013;water;5,47061616027832e+01
3513801;DIADEMA;2014;farming;1,02440864959717e+02
3513801;DIADEMA;2014;native_vegetation;2,29320429681398e+02
3513801;DIADEMA;2014;non_vegetated_other;0,00000000000000e+00
3513801;DIADEMA;2014;urban;2,68704957191164e+03
3513801;DIADEMA;2014;water;5,48701662048340e+01
3513801;DIADEMA;2015;farming;1,02358736761475e+02
3513801;DIADEMA;2015;native_vegetation;2,28992401202394e+02
3513801;DIADEMA;2015;non_vegetated_other;0,00000000000000e+00
3513801;DIADEMA;2015;urban;2,68795184738772e+03
3513801;DIADEMA;2015;water;5,43780474060059e+01
3513801;DIADEMA;2016;farming;1,03752877575684e+02
3513801;DIADEMA;2016;native_vegetation;2,20872568011476e+02
3513801;DIADEMA;2016;non_vegetated_other;0,00000000000000e+00
3513801;DIADEMA;2016;urban;2,68844395526736e+03
3513801;DIADEMA;2016;water;6,06116319030761e+01
3513801;DIADEMA;2017;farming;1,00881984362793e+02
3513801;DIADEMA;2017;native_vegetation;2,14311086334230e+02
3513801;DIADEMA;2017;non_vegetated_other;0,00000000000000e+00
3513801;DIADEMA;2017;urban;2,68910008102419e+03
3513801;DIADEMA;2017;water;6,93878810363771e+01
3513801;DIADEMA;2018;farming;1,04736810595704e+02
3513801;DIADEMA;2018;native_vegetation;2,09964184936525e+02
3513801;DIADEMA;2018;non_vegetated_other;0,00000000000000e+00
3513801;DIADEMA;2018;urban;2,68893588684084e+03
3513801;DIADEMA;2018;water;7,00441503845216e+01
3513801;DIADEMA;2019;farming;1,04326439221192e+02
3513801;DIADEMA;2019;native_vegetation;2,10784735406496e+02
3513801;DIADEMA;2019;non_vegetated_other;0,00000000000000e+00
3513801;DIADEMA;2019;urban;2,69131467144167e+03
3513801;DIADEMA;2019;water;6,72551866882325e+01
3513801;DIADEMA;2020;farming;1,02275962829590e+02
3513801;DIADEMA;2020;native_vegetation;2,11687028192141e+02
3513801;DIADEMA;2020;non_vegetated_other;0,00000000000000e+00
3513801;DIADEMA;2020;urban;2,69410331886599e+03
3513801;DIADEMA;2020;water;6,56147228698731e+01
3513801;DIADEMA;2021;farming;1,02932141638184e+02
3513801;DIADEMA;2021;native_vegetation;2,18084583996584e+02
3513801;DIADEMA;2021;non_vegetated_other;0,00000000000000e+00
3513801;DIADEMA;2021;urban;2,69763011803591e+03
3513801;DIADEMA;2021;water;5,50341890869141e+01
3513801;DIADEMA;2022;farming;9,77647997253421e+01
3513801;DIADEMA;2022;native_vegetation;2,17920562475588e+02
3513801;DIADEMA;2022;non_vegetated_other;0,00000000000000e+00
3513801;DIADEMA;2022;urban;2,70263341685182e+03
3513801;DIADEMA;2022;water;5,53622537048340e+01
3513801;DIADEMA;2023;farming;9,71085035766606e+01
3513801;DIADEMA;2023;native_vegetation;2,07996284228518e+02
3513801;DIADEMA;2023;non_vegetated_other;1,64049707031250e-01
3513801;DIADEMA;2023;urban;2,70517603674318e+03
3513801;DIADEMA;2023;water;6,32361585021972e+01
3513801;DIADEMA;2024;farming;9,39920040405275e+01
3513801;DIADEMA;2024;native_vegetation;2,07422104931643e+02
3513801;DIADEMA;2024;non_vegetated_other;1,64049707031250e-01
3513801;DIADEMA;2024;urban;2,70952285955813e+03
3513801;DIADEMA;2024;water;6,25800145202636e+01
3515004;EMBU DAS ARTES;1985;farming;2,64999773180543e+03
3515004;EMBU DAS ARTES;1985;native_vegetation;2,72613087800919e+03
3515004;EMBU DAS ARTES;1985;non_vegetated_other;8,05848893066406e+01
3515004;EMBU DAS ARTES;1985;urban;1,53663822987670e+03
3515004;EMBU DAS ARTES;1985;water;4,60348786987306e+01
3515004;EMBU DAS ARTES;1986;farming;2,67945742429805e+03
3515004;EMBU DAS ARTES;1986;native_vegetation;2,68862705612810e+03
3515004;EMBU DAS ARTES;1986;non_vegetated_other;6,33524455993650e+01
3515004;EMBU DAS ARTES;1986;urban;1,55715540650023e+03
3515004;EMBU DAS ARTES;1986;water;5,07942751708985e+01
3515004;EMBU DAS ARTES;1987;farming;2,68979696947020e+03
3515004;EMBU DAS ARTES;1987;native_vegetation;2,66499259208999e+03
3515004;EMBU DAS ARTES;1987;non_vegetated_other;6,05622806274413e+01
3515004;EMBU DAS ARTES;1987;urban;1,57479955090331e+03
3515004;EMBU DAS ARTES;1987;water;4,92352146057129e+01
3515004;EMBU DAS ARTES;1988;farming;2,67256159533692e+03
3515004;EMBU DAS ARTES;1988;native_vegetation;2,62355040722057e+03
3515004;EMBU DAS ARTES;1988;non_vegetated_other;6,15472305725099e+01
3515004;EMBU DAS ARTES;1988;urban;1,63799032864989e+03
3515004;EMBU DAS ARTES;1988;water;4,37370459167481e+01
3515004;EMBU DAS ARTES;1989;farming;2,65335766416627e+03
3515004;EMBU DAS ARTES;1989;native_vegetation;2,62010385990611e+03
3515004;EMBU DAS ARTES;1989;non_vegetated_other;6,34351980773926e+01
3515004;EMBU DAS ARTES;1989;urban;1,66170690612791e+03
3515004;EMBU DAS ARTES;1989;water;4,07829794189453e+01
3515004;EMBU DAS ARTES;1990;farming;2,57810573043210e+03
3515004;EMBU DAS ARTES;1990;native_vegetation;2,65112223120131e+03
3515004;EMBU DAS ARTES;1990;non_vegetated_other;6,35172609008790e+01
3515004;EMBU DAS ARTES;1990;urban;1,70438138633419e+03
3515004;EMBU DAS ARTES;1990;water;4,22599988281251e+01
3515004;EMBU DAS ARTES;1991;farming;2,49973388235477e+03
3515004;EMBU DAS ARTES;1991;native_vegetation;2,69100582785050e+03
3515004;EMBU DAS ARTES;1991;non_vegetated_other;6,18761182556153e+01
3515004;EMBU DAS ARTES;1991;urban;1,74418271911008e+03
3515004;EMBU DAS ARTES;1991;water;4,25880601257325e+01
3515004;EMBU DAS ARTES;1992;farming;2,48118486193850e+03
3515004;EMBU DAS ARTES;1992;native_vegetation;2,69108940853896e+03
3515004;EMBU DAS ARTES;1992;non_vegetated_other;6,01526272277832e+01
3515004;EMBU DAS ARTES;1992;urban;1,76584864545286e+03
3515004;EMBU DAS ARTES;1992;water;4,11110645385743e+01
3515004;EMBU DAS ARTES;1993;farming;2,42537794018555e+03
3515004;EMBU DAS ARTES;1993;native_vegetation;2,72556000047623e+03
3515004;EMBU DAS ARTES;1993;non_vegetated_other;6,07271097839356e+01
3515004;EMBU DAS ARTES;1993;urban;1,78718487877806e+03
3515004;EMBU DAS ARTES;1993;water;4,05366784729004e+01
3515004;EMBU DAS ARTES;1994;farming;2,30876403947143e+03
3515004;EMBU DAS ARTES;1994;native_vegetation;2,79531749171766e+03
3515004;EMBU DAS ARTES;1994;non_vegetated_other;5,75267479797364e+01
3515004;EMBU DAS ARTES;1994;urban;1,83855452064821e+03
3515004;EMBU DAS ARTES;1994;water;3,92238078796387e+01
3515004;EMBU DAS ARTES;1995;farming;2,22415640414427e+03
3515004;EMBU DAS ARTES;1995;native_vegetation;2,84800084733897e+03
3515004;EMBU DAS ARTES;1995;non_vegetated_other;5,95783194335937e+01
3515004;EMBU DAS ARTES;1995;urban;1,86777029064330e+03
3515004;EMBU DAS ARTES;1995;water;3,98807461364746e+01
3515004;EMBU DAS ARTES;1996;farming;2,19625889400023e+03
3515004;EMBU DAS ARTES;1996;native_vegetation;2,85841740198376e+03
3515004;EMBU DAS ARTES;1996;non_vegetated_other;6,08910569763183e+01
3515004;EMBU DAS ARTES;1996;urban;1,88943674117430e+03
3515004;EMBU DAS ARTES;1996;water;3,43825135620117e+01
3515004;EMBU DAS ARTES;1997;farming;2,18198004353026e+03
3515004;EMBU DAS ARTES;1997;native_vegetation;2,85611699207776e+03
3515004;EMBU DAS ARTES;1997;non_vegetated_other;6,03985693115234e+01
3515004;EMBU DAS ARTES;1997;urban;1,91093969024045e+03
3515004;EMBU DAS ARTES;1997;water;2,99513125366211e+01
3515004;EMBU DAS ARTES;1998;farming;2,15629566869508e+03
3515004;EMBU DAS ARTES;1998;native_vegetation;2,84462508493664e+03
3515004;EMBU DAS ARTES;1998;non_vegetated_other;6,06445420776368e+01
3515004;EMBU DAS ARTES;1998;urban;1,94417714771117e+03
3515004;EMBU DAS ARTES;1998;water;3,36441642761230e+01
3515004;EMBU DAS ARTES;1999;farming;2,13956199979861e+03
3515004;EMBU DAS ARTES;1999;native_vegetation;2,82492320604260e+03
3515004;EMBU DAS ARTES;1999;non_vegetated_other;6,79480327758789e+01
3515004;EMBU DAS ARTES;1999;urban;1,96937065880739e+03
3515004;EMBU DAS ARTES;1999;water;3,75827102722168e+01
3515004;EMBU DAS ARTES;2000;farming;2,09262085940551e+03
3515004;EMBU DAS ARTES;2000;native_vegetation;2,76189217957774e+03
3515004;EMBU DAS ARTES;2000;non_vegetated_other;7,33641838256835e+01
3515004;EMBU DAS ARTES;2000;urban;2,08164010510870e+03
3515004;EMBU DAS ARTES;2000;water;2,98692797790527e+01
3515004;EMBU DAS ARTES;2001;farming;2,07226761934200e+03
3515004;EMBU DAS ARTES;2001;native_vegetation;2,75187927764903e+03
3515004;EMBU DAS ARTES;2001;non_vegetated_other;7,27076349121094e+01
3515004;EMBU DAS ARTES;2001;urban;2,11225241403202e+03
3515004;EMBU DAS ARTES;2001;water;3,02796617614745e+01
3515004;EMBU DAS ARTES;2002;farming;2,04895894873651e+03
3515004;EMBU DAS ARTES;2002;native_vegetation;2,74096263997813e+03
3515004;EMBU DAS ARTES;2002;non_vegetated_other;7,27897057678222e+01
3515004;EMBU DAS ARTES;2002;urban;2,14729834752809e+03
3515004;EMBU DAS ARTES;2002;water;2,93769656860351e+01
3515004;EMBU DAS ARTES;2003;farming;2,02975196589352e+03
3515004;EMBU DAS ARTES;2003;native_vegetation;2,73612148137217e+03
3515004;EMBU DAS ARTES;2003;non_vegetated_other;7,13944549804687e+01
3515004;EMBU DAS ARTES;2003;urban;2,17233129365236e+03
3515004;EMBU DAS ARTES;2003;water;2,97874117980956e+01
3515004;EMBU DAS ARTES;2004;farming;2,06446463386835e+03
3515004;EMBU DAS ARTES;2004;native_vegetation;2,68712682904674e+03
3515004;EMBU DAS ARTES;2004;non_vegetated_other;7,14767089660644e+01
3515004;EMBU DAS ARTES;2004;urban;2,18850027842409e+03
3515004;EMBU DAS ARTES;2004;water;2,78181573913574e+01
3515004;EMBU DAS ARTES;2005;farming;2,03426095839838e+03
3515004;EMBU DAS ARTES;2005;native_vegetation;2,69451417463390e+03
3515004;EMBU DAS ARTES;2005;non_vegetated_other;7,25435941284179e+01
3515004;EMBU DAS ARTES;2005;urban;2,20934713352051e+03
3515004;EMBU DAS ARTES;2005;water;2,87207470153808e+01
3515004;EMBU DAS ARTES;2006;farming;1,99888762998654e+03
3515004;EMBU DAS ARTES;2006;native_vegetation;2,71659150335703e+03
3515004;EMBU DAS ARTES;2006;non_vegetated_other;7,27077813232421e+01
3515004;EMBU DAS ARTES;2006;urban;2,22256136991577e+03
3515004;EMBU DAS ARTES;2006;water;2,86383231140136e+01
3515004;EMBU DAS ARTES;2007;farming;2,00511994263911e+03
3515004;EMBU DAS ARTES;2007;native_vegetation;2,68212799534924e+03
3515004;EMBU DAS ARTES;2007;non_vegetated_other;7,18050373657225e+01
3515004;EMBU DAS ARTES;2007;urban;2,25062875438842e+03
3515004;EMBU DAS ARTES;2007;water;2,97048779541015e+01
3515004;EMBU DAS ARTES;2008;farming;1,99453535061030e+03
3515004;EMBU DAS ARTES;2008;native_vegetation;2,62074445708024e+03
3515004;EMBU DAS ARTES;2008;non_vegetated_other;8,34563459533688e+01
3515004;EMBU DAS ARTES;2008;urban;2,31160189201057e+03
3515004;EMBU DAS ARTES;2008;water;2,90485620422363e+01
3515004;EMBU DAS ARTES;2009;farming;1,99313795577386e+03
3515004;EMBU DAS ARTES;2009;native_vegetation;2,59752120735488e+03
3515004;EMBU DAS ARTES;2009;non_vegetated_other;8,43588869567869e+01
3515004;EMBU DAS ARTES;2009;urban;2,33778171643686e+03
3515004;EMBU DAS ARTES;2009;water;2,65868411743163e+01
3515004;EMBU DAS ARTES;2010;farming;1,94438888283077e+03
3515004;EMBU DAS ARTES;2010;native_vegetation;2,62813236503311e+03
3515004;EMBU DAS ARTES;2010;non_vegetated_other;8,72310934570311e+01
3515004;EMBU DAS ARTES;2010;urban;2,35427830761728e+03
3515004;EMBU DAS ARTES;2010;water;2,53559587585449e+01
3515004;EMBU DAS ARTES;2011;farming;1,92412055800778e+03
3515004;EMBU DAS ARTES;2011;native_vegetation;2,62402761854263e+03
3515004;EMBU DAS ARTES;2011;non_vegetated_other;9,37960633911132e+01
3515004;EMBU DAS ARTES;2011;urban;2,37298913615125e+03
3515004;EMBU DAS ARTES;2011;water;2,44532316040039e+01
3515004;EMBU DAS ARTES;2012;farming;1,89720248306271e+03
3515004;EMBU DAS ARTES;2012;native_vegetation;2,59464872120985e+03
3515004;EMBU DAS ARTES;2012;non_vegetated_other;9,51091466674804e+01
3515004;EMBU DAS ARTES;2012;urban;2,42871160064713e+03
3515004;EMBU DAS ARTES;2012;water;2,37146561096191e+01
3515004;EMBU DAS ARTES;2013;farming;1,86371940206295e+03
3515004;EMBU DAS ARTES;2013;native_vegetation;2,60219743859268e+03
3515004;EMBU DAS ARTES;2013;non_vegetated_other;8,96932663024902e+01
3515004;EMBU DAS ARTES;2013;urban;2,46260562994400e+03
3515004;EMBU DAS ARTES;2013;water;2,11708707946777e+01
3515004;EMBU DAS ARTES;2014;farming;1,82719698934322e+03
3515004;EMBU DAS ARTES;2014;native_vegetation;2,61598565703140e+03
3515004;EMBU DAS ARTES;2014;non_vegetated_other;8,81343476562500e+01
3515004;EMBU DAS ARTES;2014;urban;2,48755510368668e+03
3515004;EMBU DAS ARTES;2014;water;2,05145099792480e+01
3515004;EMBU DAS ARTES;2015;farming;1,78837854015498e+03
3515004;EMBU DAS ARTES;2015;native_vegetation;2,61811956538711e+03
3515004;EMBU DAS ARTES;2015;non_vegetated_other;8,51801197082520e+01
3515004;EMBU DAS ARTES;2015;urban;2,52686555302137e+03
3515004;EMBU DAS ARTES;2015;water;2,08428294250488e+01
3515004;EMBU DAS ARTES;2016;farming;1,75563126313474e+03
3515004;EMBU DAS ARTES;2016;native_vegetation;2,62591839460464e+03
3515004;EMBU DAS ARTES;2016;non_vegetated_other;8,60831781982422e+01
3515004;EMBU DAS ARTES;2016;urban;2,54894133063977e+03
3515004;EMBU DAS ARTES;2016;water;2,28124411193847e+01
3515004;EMBU DAS ARTES;2017;farming;1,72756163468016e+03
3515004;EMBU DAS ARTES;2017;native_vegetation;2,62329158731093e+03
3515004;EMBU DAS ARTES;2017;non_vegetated_other;8,50986974975586e+01
3515004;EMBU DAS ARTES;2017;urban;2,58218138266003e+03
3515004;EMBU DAS ARTES;2017;water;2,12533055480957e+01
3515004;EMBU DAS ARTES;2018;farming;1,71524968871458e+03
3515004;EMBU DAS ARTES;2018;native_vegetation;2,61631717150890e+03
3515004;EMBU DAS ARTES;2018;non_vegetated_other;8,32934873229980e+01
3515004;EMBU DAS ARTES;2018;urban;2,60458591513681e+03
3515004;EMBU DAS ARTES;2018;water;1,99403450134277e+01
3515004;EMBU DAS ARTES;2019;farming;1,68004108703000e+03
3515004;EMBU DAS ARTES;2019;native_vegetation;2,60950625183726e+03
3515004;EMBU DAS ARTES;2019;non_vegetated_other;8,48522474182129e+01
3515004;EMBU DAS ARTES;2019;urban;2,64619559436654e+03
3515004;EMBU DAS ARTES;2019;water;1,87914270446777e+01
3515004;EMBU DAS ARTES;2020;farming;1,66625371217648e+03
3515004;EMBU DAS ARTES;2020;native_vegetation;2,56585013680425e+03
3515004;EMBU DAS ARTES;2020;non_vegetated_other;9,67520233337404e+01
3515004;EMBU DAS ARTES;2020;urban;2,69108289661267e+03
3515004;EMBU DAS ARTES;2020;water;1,94478387695312e+01
3515004;EMBU DAS ARTES;2021;farming;1,60955179207760e+03
3515004;EMBU DAS ARTES;2021;native_vegetation;2,51127383433234e+03
3515004;EMBU DAS ARTES;2021;non_vegetated_other;9,33882148010255e+01
3515004;EMBU DAS ARTES;2021;urban;2,80474022949847e+03
3515004;EMBU DAS ARTES;2021;water;2,04325369873047e+01
3515004;EMBU DAS ARTES;2022;farming;1,55678375714110e+03
3515004;EMBU DAS ARTES;2022;native_vegetation;2,48739755133063e+03
3515004;EMBU DAS ARTES;2022;non_vegetated_other;1,05040124639893e+02
3515004;EMBU DAS ARTES;2022;urban;2,86702486677873e+03
3515004;EMBU DAS ARTES;2022;water;2,31403078063965e+01
3515004;EMBU DAS ARTES;2023;farming;1,57852540137937e+03
3515004;EMBU DAS ARTES;2023;native_vegetation;2,42339422012940e+03
3515004;EMBU DAS ARTES;2023;non_vegetated_other;1,14722806060791e+02
3515004;EMBU DAS ARTES;2023;urban;2,90026033947160e+03
3515004;EMBU DAS ARTES;2023;water;2,24838406555176e+01
3515004;EMBU DAS ARTES;2024;farming;1,55078733941649e+03
3515004;EMBU DAS ARTES;2024;native_vegetation;2,41428773231203e+03
3515004;EMBU DAS ARTES;2024;non_vegetated_other;1,25143907922363e+02
3515004;EMBU DAS ARTES;2024;urban;2,92840703055434e+03
3515004;EMBU DAS ARTES;2024;water;2,07605974914551e+01
3515103;EMBU-GUAÇU;1985;farming;4,94144647879631e+03
3515103;EMBU-GUAÇU;1985;native_vegetation;9,98110515166640e+03
3515103;EMBU-GUAÇU;1985;non_vegetated_other;1,12895791845703e+02
3515103;EMBU-GUAÇU;1985;urban;3,49843233190917e+02
3515103;EMBU-GUAÇU;1985;water;1,78265419537353e+02
3515103;EMBU-GUAÇU;1986;farming;4,94922469331662e+03
3515103;EMBU-GUAÇU;1986;native_vegetation;9,97667713036511e+03
3515103;EMBU-GUAÇU;1986;non_vegetated_other;8,75774221313476e+01
3515103;EMBU-GUAÇU;1986;urban;3,51645906726074e+02
3515103;EMBU-GUAÇU;1986;water;1,98430922497558e+02
3515103;EMBU-GUAÇU;1987;farming;5,17779900087888e+03
3515103;EMBU-GUAÇU;1987;native_vegetation;9,72588464888299e+03
3515103;EMBU-GUAÇU;1987;non_vegetated_other;8,41368258789061e+01
3515103;EMBU-GUAÇU;1987;urban;3,57299726995849e+02
3515103;EMBU-GUAÇU;1987;water;2,18435872399902e+02
3515103;EMBU-GUAÇU;1988;farming;5,36516739815061e+03
3515103;EMBU-GUAÇU;1988;native_vegetation;9,51556139727177e+03
3515103;EMBU-GUAÇU;1988;non_vegetated_other;6,33307169372557e+01
3515103;EMBU-GUAÇU;1988;urban;3,93195167395018e+02
3515103;EMBU-GUAÇU;1988;water;2,26301395281982e+02
3515103;EMBU-GUAÇU;1989;farming;5,39563653828126e+03
3515103;EMBU-GUAÇU;1989;native_vegetation;9,45796712977943e+03
3515103;EMBU-GUAÇU;1989;non_vegetated_other;6,03791587097168e+01
3515103;EMBU-GUAÇU;1989;urban;4,20402512561033e+02
3515103;EMBU-GUAÇU;1989;water;2,29170735705566e+02
3515103;EMBU-GUAÇU;1990;farming;5,50099882952881e+03
3515103;EMBU-GUAÇU;1990;native_vegetation;9,31663261958629e+03
3515103;EMBU-GUAÇU;1990;non_vegetated_other;5,78387835510253e+01
3515103;EMBU-GUAÇU;1990;urban;4,56948569543450e+02
3515103;EMBU-GUAÇU;1990;water;2,31137272827148e+02
3515103;EMBU-GUAÇU;1991;farming;5,40969182592159e+03
3515103;EMBU-GUAÇU;1991;native_vegetation;9,36744897675796e+03
3515103;EMBU-GUAÇU;1991;non_vegetated_other;4,92391405212402e+01
3515103;EMBU-GUAÇU;1991;urban;4,96611391357420e+02
3515103;EMBU-GUAÇU;1991;water;2,40564740478515e+02
3515103;EMBU-GUAÇU;1992;farming;5,33341400882569e+03
3515103;EMBU-GUAÇU;1992;native_vegetation;9,40341543339243e+03
3515103;EMBU-GUAÇU;1992;non_vegetated_other;4,85017634094238e+01
3515103;EMBU-GUAÇU;1992;urban;5,47416069030766e+02
3515103;EMBU-GUAÇU;1992;water;2,30808800378418e+02
3515103;EMBU-GUAÇU;1993;farming;5,25353563544921e+03
3515103;EMBU-GUAÇU;1993;native_vegetation;9,45240256450822e+03
3515103;EMBU-GUAÇU;1993;non_vegetated_other;4,58820572814941e+01
3515103;EMBU-GUAÇU;1993;urban;5,80681428131113e+02
3515103;EMBU-GUAÇU;1993;water;2,31054389666748e+02
3515103;EMBU-GUAÇU;1994;farming;5,13297875331415e+03
3515103;EMBU-GUAÇU;1994;native_vegetation;9,57025649169338e+03
3515103;EMBU-GUAÇU;1994;non_vegetated_other;4,14571768432617e+01
3515103;EMBU-GUAÇU;1994;urban;5,98544432244882e+02
3515103;EMBU-GUAÇU;1994;water;2,20319220941162e+02
3515103;EMBU-GUAÇU;1995;farming;5,05448143668813e+03
3515103;EMBU-GUAÇU;1995;native_vegetation;9,63547683701179e+03
3515103;EMBU-GUAÇU;1995;non_vegetated_other;3,31030275817871e+01
3515103;EMBU-GUAÇU;1995;urban;6,17062249218764e+02
3515103;EMBU-GUAÇU;1995;water;2,23432524536132e+02
3515103;EMBU-GUAÇU;1996;farming;4,98327384043574e+03
3515103;EMBU-GUAÇU;1996;native_vegetation;9,67472777198499e+03
3515103;EMBU-GUAÇU;1996;non_vegetated_other;2,74475274658203e+01
3515103;EMBU-GUAÇU;1996;urban;6,46726405731217e+02
3515103;EMBU-GUAÇU;1996;water;2,31380529418945e+02
3515103;EMBU-GUAÇU;1997;farming;4,94533756324456e+03
3515103;EMBU-GUAÇU;1997;native_vegetation;9,71332303192758e+03
3515103;EMBU-GUAÇU;1997;non_vegetated_other;2,32678059020996e+01
3515103;EMBU-GUAÇU;1997;urban;6,65162758758560e+02
3515103;EMBU-GUAÇU;1997;water;2,16464915203857e+02
3515103;EMBU-GUAÇU;1998;farming;4,92298140497430e+03
3515103;EMBU-GUAÇU;1998;native_vegetation;9,70618226508184e+03
3515103;EMBU-GUAÇU;1998;non_vegetated_other;2,27759417114258e+01
3515103;EMBU-GUAÇU;1998;urban;6,85731116241472e+02
3515103;EMBU-GUAÇU;1998;water;2,25885347027588e+02
3515103;EMBU-GUAÇU;1999;farming;4,84414642160637e+03
3515103;EMBU-GUAÇU;1999;native_vegetation;9,76182815054327e+03
3515103;EMBU-GUAÇU;1999;non_vegetated_other;2,08092043640137e+01
3515103;EMBU-GUAÇU;1999;urban;7,11629428491231e+02
3515103;EMBU-GUAÇU;1999;water;2,25142870031738e+02
3515103;EMBU-GUAÇU;2000;farming;4,86963544474475e+03
3515103;EMBU-GUAÇU;2000;native_vegetation;9,79618215054327e+03
3515103;EMBU-GUAÇU;2000;non_vegetated_other;2,00720656494141e+01
3515103;EMBU-GUAÇU;2000;urban;7,35228601428246e+02
3515103;EMBU-GUAÇU;2000;water;1,42437812670898e+02
3515103;EMBU-GUAÇU;2001;farming;4,83735596072378e+03
3515103;EMBU-GUAÇU;2001;native_vegetation;9,81444836852417e+03
3515103;EMBU-GUAÇU;2001;non_vegetated_other;2,17106909606934e+01
3515103;EMBU-GUAÇU;2001;urban;7,52439220709249e+02
3515103;EMBU-GUAÇU;2001;water;1,37601834118652e+02
3515103;EMBU-GUAÇU;2002;farming;4,75311969843744e+03
3515103;EMBU-GUAÇU;2002;native_vegetation;9,89163185454708e+03
3515103;EMBU-GUAÇU;2002;non_vegetated_other;1,84340498168945e+01
3515103;EMBU-GUAÇU;2002;urban;7,60061026843279e+02
3515103;EMBU-GUAÇU;2002;water;1,40309445391845e+02
3515103;EMBU-GUAÇU;2003;farming;4,72608403117062e+03
3515103;EMBU-GUAÇU;2003;native_vegetation;9,90424965982667e+03
3515103;EMBU-GUAÇU;2003;non_vegetated_other;1,99896719543457e+01
3515103;EMBU-GUAÇU;2003;urban;7,88829453784198e+02
3515103;EMBU-GUAÇU;2003;water;1,24403258300781e+02
3515103;EMBU-GUAÇU;2004;farming;4,76377440734861e+03
3515103;EMBU-GUAÇU;2004;native_vegetation;9,85360912391982e+03
3515103;EMBU-GUAÇU;2004;non_vegetated_other;1,76957907592773e+01
3515103;EMBU-GUAÇU;2004;urban;8,05713906842061e+02
3515103;EMBU-GUAÇU;2004;water;1,22762846166992e+02
3515103;EMBU-GUAÇU;2005;farming;4,68716539992062e+03
3515103;EMBU-GUAÇU;2005;native_vegetation;9,87504590396736e+03
3515103;EMBU-GUAÇU;2005;non_vegetated_other;1,57289443603516e+01
3515103;EMBU-GUAÇU;2005;urban;8,22023150500504e+02
3515103;EMBU-GUAÇU;2005;water;1,63592676287842e+02
3515103;EMBU-GUAÇU;2006;farming;4,65947433729854e+03
3515103;EMBU-GUAÇU;2006;native_vegetation;9,89667035477901e+03
3515103;EMBU-GUAÇU;2006;non_vegetated_other;1,41727180419922e+01
3515103;EMBU-GUAÇU;2006;urban;8,33087218872085e+02
3515103;EMBU-GUAÇU;2006;water;1,60151446044922e+02
3515103;EMBU-GUAÇU;2007;farming;4,69841208162228e+03
3515103;EMBU-GUAÇU;2007;native_vegetation;9,86060233114638e+03
3515103;EMBU-GUAÇU;2007;non_vegetated_other;1,15507726684570e+01
3515103;EMBU-GUAÇU;2007;urban;8,40299601977556e+02
3515103;EMBU-GUAÇU;2007;water;1,52691287622070e+02
3515103;EMBU-GUAÇU;2008;farming;4,68415866835933e+03
3515103;EMBU-GUAÇU;2008;native_vegetation;9,87182416011369e+03
3515103;EMBU-GUAÇU;2008;non_vegetated_other;1,13050265136719e+01
3515103;EMBU-GUAÇU;2008;urban;8,47757281097433e+02
3515103;EMBU-GUAÇU;2008;water;1,48510938952636e+02
3515103;EMBU-GUAÇU;2009;farming;4,66538364047235e+03
3515103;EMBU-GUAÇU;2009;native_vegetation;9,84436562071555e+03
3515103;EMBU-GUAÇU;2009;non_vegetated_other;8,10965292358398e+00
3515103;EMBU-GUAÇU;2009;urban;8,74638962683122e+02
3515103;EMBU-GUAÇU;2009;water;1,71058198242187e+02
3515103;EMBU-GUAÇU;2010;farming;4,58917171520380e+03
3515103;EMBU-GUAÇU;2010;native_vegetation;9,88844642257079e+03
3515103;EMBU-GUAÇU;2010;non_vegetated_other;8,11025864868164e+00
3515103;EMBU-GUAÇU;2010;urban;8,99469657537857e+02
3515103;EMBU-GUAÇU;2010;water;1,78358021075439e+02
3515103;EMBU-GUAÇU;2011;farming;4,55828267434694e+03
3515103;EMBU-GUAÇU;2011;native_vegetation;9,91909833842770e+03
3515103;EMBU-GUAÇU;2011;non_vegetated_other;7,37307037963867e+00
3515103;EMBU-GUAÇU;2011;urban;9,24791077355978e+02
3515103;EMBU-GUAÇU;2011;water;1,54010914526367e+02
3515103;EMBU-GUAÇU;2012;farming;4,49035435197753e+03
3515103;EMBU-GUAÇU;2012;native_vegetation;9,97236072952878e+03
3515103;EMBU-GUAÇU;2012;non_vegetated_other;9,17666413574219e+00
3515103;EMBU-GUAÇU;2012;urban;9,43474258825711e+02
3515103;EMBU-GUAÇU;2012;water;1,48190070568847e+02
3515103;EMBU-GUAÇU;2013;farming;4,38686472810058e+03
3515103;EMBU-GUAÇU;2013;native_vegetation;1,00655277941225e+04
3515103;EMBU-GUAÇU;2013;non_vegetated_other;8,60293322753906e+00
3515103;EMBU-GUAÇU;2013;urban;9,72895035998571e+02
3515103;EMBU-GUAÇU;2013;water;1,29665583587647e+02
3515103;EMBU-GUAÇU;2014;farming;4,38776592229006e+03
3515103;EMBU-GUAÇU;2014;native_vegetation;1,00546275673219e+04
3515103;EMBU-GUAÇU;2014;non_vegetated_other;6,30912644042969e+00
3515103;EMBU-GUAÇU;2014;urban;9,95843142230257e+02
3515103;EMBU-GUAÇU;2014;water;1,19010316754150e+02
3515103;EMBU-GUAÇU;2015;farming;4,43644314600220e+03
3515103;EMBU-GUAÇU;2015;native_vegetation;1,00049719850891e+04
3515103;EMBU-GUAÇU;2015;non_vegetated_other;6,30939519653320e+00
3515103;EMBU-GUAÇU;2015;urban;1,00879096684574e+03
3515103;EMBU-GUAÇU;2015;water;1,07040581903076e+02
3515103;EMBU-GUAÇU;2016;farming;4,48659257520752e+03
3515103;EMBU-GUAÇU;2016;native_vegetation;9,92941328634056e+03
3515103;EMBU-GUAÇU;2016;non_vegetated_other;7,62037001953125e+00
3515103;EMBU-GUAÇU;2016;urban;1,03272344456180e+03
3515103;EMBU-GUAÇU;2016;water;1,07206398907470e+02
3515103;EMBU-GUAÇU;2017;farming;4,40744254735110e+03
3515103;EMBU-GUAÇU;2017;native_vegetation;9,94872617459728e+03
3515103;EMBU-GUAÇU;2017;non_vegetated_other;5,98131390380859e+00
3515103;EMBU-GUAÇU;2017;urban;1,06624460651248e+03
3515103;EMBU-GUAÇU;2017;water;1,35161432672119e+02
3515103;EMBU-GUAÇU;2018;farming;4,32665724994508e+03
3515103;EMBU-GUAÇU;2018;native_vegetation;9,98100189985351e+03
3515103;EMBU-GUAÇU;2018;non_vegetated_other;5,73537819213867e+00
3515103;EMBU-GUAÇU;2018;urban;1,11705060762942e+03
3515103;EMBU-GUAÇU;2018;water;1,33110939416504e+02
3515103;EMBU-GUAÇU;2019;farming;4,28551742156373e+03
3515103;EMBU-GUAÇU;2019;native_vegetation;9,97370613350218e+03
3515103;EMBU-GUAÇU;2019;non_vegetated_other;7,12894150390625e+00
3515103;EMBU-GUAÇU;2019;urban;1,16515716052247e+03
3515103;EMBU-GUAÇU;2019;water;1,32046417944336e+02
3515103;EMBU-GUAÇU;2020;farming;4,28011998947755e+03
3515103;EMBU-GUAÇU;2020;native_vegetation;9,95623610106811e+03
3515103;EMBU-GUAÇU;2020;non_vegetated_other;6,55569227294922e+00
3515103;EMBU-GUAÇU;2020;urban;1,18900669296265e+03
3515103;EMBU-GUAÇU;2020;water;1,31637599255371e+02
3515103;EMBU-GUAÇU;2021;farming;4,26643600211792e+03
3515103;EMBU-GUAÇU;2021;native_vegetation;9,95452287976701e+03
3515103;EMBU-GUAÇU;2021;non_vegetated_other;5,89985480346679e+00
3515103;EMBU-GUAÇU;2021;urban;1,23072226752929e+03
3515103;EMBU-GUAÇU;2021;water;1,05975070819092e+02
3515103;EMBU-GUAÇU;2022;farming;4,15187065142211e+03
3515103;EMBU-GUAÇU;2022;native_vegetation;1,00101623709595e+04
3515103;EMBU-GUAÇU;2022;non_vegetated_other;4,91736401367188e+00
3515103;EMBU-GUAÇU;2022;urban;1,27301095999755e+03
3515103;EMBU-GUAÇU;2022;water;1,23594728643799e+02
3515103;EMBU-GUAÇU;2023;farming;4,20364968280029e+03
3515103;EMBU-GUAÇU;2023;native_vegetation;9,91706876240264e+03
3515103;EMBU-GUAÇU;2023;non_vegetated_other;4,34385219726563e+00
3515103;EMBU-GUAÇU;2023;urban;1,29054562864988e+03
3515103;EMBU-GUAÇU;2023;water;1,47948148986816e+02
3515103;EMBU-GUAÇU;2024;farming;4,19242529447023e+03
3515103;EMBU-GUAÇU;2024;native_vegetation;9,93617106350734e+03
3515103;EMBU-GUAÇU;2024;non_vegetated_other;8,35986094360351e+00
3515103;EMBU-GUAÇU;2024;urban;1,31398473977659e+03
3515103;EMBU-GUAÇU;2024;water;1,12615116339111e+02
3515707;FERRAZ DE VASCONCELOS;1985;farming;9,37668418377687e+02
3515707;FERRAZ DE VASCONCELOS;1985;native_vegetation;8,78665591650392e+02
3515707;FERRAZ DE VASCONCELOS;1985;non_vegetated_other;1,51934398437500e+01
3515707;FERRAZ DE VASCONCELOS;1985;urban;1,12341218588865e+03
3515707;FERRAZ DE VASCONCELOS;1985;water;0,00000000000000e+00
3515707;FERRAZ DE VASCONCELOS;1986;farming;9,20911716650392e+02
3515707;FERRAZ DE VASCONCELOS;1986;native_vegetation;8,72751698303224e+02
3515707;FERRAZ DE VASCONCELOS;1986;non_vegetated_other;7,39166260375977e+00
3515707;FERRAZ DE VASCONCELOS;1986;urban;1,15388455820308e+03
3515707;FERRAZ DE VASCONCELOS;1986;water;0,00000000000000e+00
3515707;FERRAZ DE VASCONCELOS;1987;farming;9,19509400482182e+02
3515707;FERRAZ DE VASCONCELOS;1987;native_vegetation;8,52800057183841e+02
3515707;FERRAZ DE VASCONCELOS;1987;non_vegetated_other;7,47372863769531e+00
3515707;FERRAZ DE VASCONCELOS;1987;urban;1,17515644945673e+03
3515707;FERRAZ DE VASCONCELOS;1987;water;0,00000000000000e+00
3515707;FERRAZ DE VASCONCELOS;1988;farming;8,95769302416989e+02
3515707;FERRAZ DE VASCONCELOS;1988;native_vegetation;8,39662514862065e+02
3515707;FERRAZ DE VASCONCELOS;1988;non_vegetated_other;7,47372863769531e+00
3515707;FERRAZ DE VASCONCELOS;1988;urban;1,21203408984372e+03
3515707;FERRAZ DE VASCONCELOS;1988;water;0,00000000000000e+00
3515707;FERRAZ DE VASCONCELOS;1989;farming;8,55609357122800e+02
3515707;FERRAZ DE VASCONCELOS;1989;native_vegetation;8,42207299438478e+02
3515707;FERRAZ DE VASCONCELOS;1989;non_vegetated_other;3,20256064453125e+00
3515707;FERRAZ DE VASCONCELOS;1989;urban;1,25392041855467e+03
3515707;FERRAZ DE VASCONCELOS;1989;water;0,00000000000000e+00
3515707;FERRAZ DE VASCONCELOS;1990;farming;8,34584842407224e+02
3515707;FERRAZ DE VASCONCELOS;1990;native_vegetation;8,40647168225100e+02
3515707;FERRAZ DE VASCONCELOS;1990;non_vegetated_other;3,20254531860351e+00
3515707;FERRAZ DE VASCONCELOS;1990;urban;1,27650507980955e+03
3515707;FERRAZ DE VASCONCELOS;1990;water;0,00000000000000e+00
3515707;FERRAZ DE VASCONCELOS;1991;farming;8,24811930682371e+02
3515707;FERRAZ DE VASCONCELOS;1991;native_vegetation;8,39990129925540e+02
3515707;FERRAZ DE VASCONCELOS;1991;non_vegetated_other;3,53100224609375e+00
3515707;FERRAZ DE VASCONCELOS;1991;urban;1,28660657290647e+03
3515707;FERRAZ DE VASCONCELOS;1991;water;0,00000000000000e+00
3515707;FERRAZ DE VASCONCELOS;1992;farming;7,90150942852783e+02
3515707;FERRAZ DE VASCONCELOS;1992;native_vegetation;8,12646400335697e+02
3515707;FERRAZ DE VASCONCELOS;1992;non_vegetated_other;2,95604977416992e+00
3515707;FERRAZ DE VASCONCELOS;1992;urban;1,34918624279783e+03
3515707;FERRAZ DE VASCONCELOS;1992;water;0,00000000000000e+00
3515707;FERRAZ DE VASCONCELOS;1993;farming;7,71176225189212e+02
3515707;FERRAZ DE VASCONCELOS;1993;native_vegetation;8,08212760058596e+02
3515707;FERRAZ DE VASCONCELOS;1993;non_vegetated_other;2,70971088256836e+00
3515707;FERRAZ DE VASCONCELOS;1993;urban;1,37284093963011e+03
3515707;FERRAZ DE VASCONCELOS;1993;water;0,00000000000000e+00
3515707;FERRAZ DE VASCONCELOS;1994;farming;7,51627955517579e+02
3515707;FERRAZ DE VASCONCELOS;1994;native_vegetation;7,95977813415530e+02
3515707;FERRAZ DE VASCONCELOS;1994;non_vegetated_other;1,72429962768555e+00
3515707;FERRAZ DE VASCONCELOS;1994;urban;1,40560956719967e+03
3515707;FERRAZ DE VASCONCELOS;1994;water;0,00000000000000e+00
3515707;FERRAZ DE VASCONCELOS;1995;farming;7,31751843981933e+02
3515707;FERRAZ DE VASCONCELOS;1995;native_vegetation;7,95485260583496e+02
3515707;FERRAZ DE VASCONCELOS;1995;non_vegetated_other;1,64218770141602e+00
3515707;FERRAZ DE VASCONCELOS;1995;urban;1,42606034349361e+03
3515707;FERRAZ DE VASCONCELOS;1995;water;0,00000000000000e+00
3515707;FERRAZ DE VASCONCELOS;1996;farming;6,97085315411376e+02
3515707;FERRAZ DE VASCONCELOS;1996;native_vegetation;7,71755734051509e+02
3515707;FERRAZ DE VASCONCELOS;1996;non_vegetated_other;4,92613842773438e-01
3515707;FERRAZ DE VASCONCELOS;1996;urban;1,48511335445550e+03
3515707;FERRAZ DE VASCONCELOS;1996;water;4,92617999267578e-01
3515707;FERRAZ DE VASCONCELOS;1997;farming;6,35077529101562e+02
3515707;FERRAZ DE VASCONCELOS;1997;native_vegetation;7,65761130352778e+02
3515707;FERRAZ DE VASCONCELOS;1997;non_vegetated_other;4,10493188476563e-01
3515707;FERRAZ DE VASCONCELOS;1997;urban;1,55327996781613e+03
3515707;FERRAZ DE VASCONCELOS;1997;water;4,10515301513672e-01
3515707;FERRAZ DE VASCONCELOS;1998;farming;6,11590506860350e+02
3515707;FERRAZ DE VASCONCELOS;1998;native_vegetation;7,63297259472652e+02
3515707;FERRAZ DE VASCONCELOS;1998;non_vegetated_other;4,10493188476563e-01
3515707;FERRAZ DE VASCONCELOS;1998;urban;1,57906665488278e+03
3515707;FERRAZ DE VASCONCELOS;1998;water;5,74721356201172e-01
3515707;FERRAZ DE VASCONCELOS;1999;farming;5,57389170623778e+02
3515707;FERRAZ DE VASCONCELOS;1999;native_vegetation;7,85713282366938e+02
3515707;FERRAZ DE VASCONCELOS;1999;non_vegetated_other;4,10493188476563e-01
3515707;FERRAZ DE VASCONCELOS;1999;urban;1,61003094124753e+03
3515707;FERRAZ DE VASCONCELOS;1999;water;1,39574833374023e+00
3515707;FERRAZ DE VASCONCELOS;2000;farming;5,43016121844480e+02
3515707;FERRAZ DE VASCONCELOS;2000;native_vegetation;7,91461222930902e+02
3515707;FERRAZ DE VASCONCELOS;2000;non_vegetated_other;4,10493188476563e-01
3515707;FERRAZ DE VASCONCELOS;2000;urban;1,62005179779659e+03
3515707;FERRAZ DE VASCONCELOS;2000;water;0,00000000000000e+00
3515707;FERRAZ DE VASCONCELOS;2001;farming;5,48598015350341e+02
3515707;FERRAZ DE VASCONCELOS;2001;native_vegetation;7,83415859008787e+02
3515707;FERRAZ DE VASCONCELOS;2001;non_vegetated_other;1,23161948242187e+00
3515707;FERRAZ DE VASCONCELOS;2001;urban;1,62169414191890e+03
3515707;FERRAZ DE VASCONCELOS;2001;water;0,00000000000000e+00
3515707;FERRAZ DE VASCONCELOS;2002;farming;5,49663908288573e+02
3515707;FERRAZ DE VASCONCELOS;2002;native_vegetation;7,81692998870847e+02
3515707;FERRAZ DE VASCONCELOS;2002;non_vegetated_other;1,23161948242187e+00
3515707;FERRAZ DE VASCONCELOS;2002;urban;1,62235110911861e+03
3515707;FERRAZ DE VASCONCELOS;2002;water;0,00000000000000e+00
3515707;FERRAZ DE VASCONCELOS;2003;farming;5,50237104339599e+02
3515707;FERRAZ DE VASCONCELOS;2003;native_vegetation;7,77424678118893e+02
3515707;FERRAZ DE VASCONCELOS;2003;non_vegetated_other;1,23161948242187e+00
3515707;FERRAZ DE VASCONCELOS;2003;urban;1,62604623381954e+03
3515707;FERRAZ DE VASCONCELOS;2003;water;0,00000000000000e+00
3515707;FERRAZ DE VASCONCELOS;2004;farming;5,67312234777832e+02
3515707;FERRAZ DE VASCONCELOS;2004;native_vegetation;7,57886072705076e+02
3515707;FERRAZ DE VASCONCELOS;2004;non_vegetated_other;1,14950690307617e+00
3515707;FERRAZ DE VASCONCELOS;2004;urban;1,62859182137447e+03
3515707;FERRAZ DE VASCONCELOS;2004;water;0,00000000000000e+00
3515707;FERRAZ DE VASCONCELOS;2005;farming;5,72894948272706e+02
3515707;FERRAZ DE VASCONCELOS;2005;native_vegetation;7,50743386828611e+02
3515707;FERRAZ DE VASCONCELOS;2005;non_vegetated_other;1,39585930786133e+00
3515707;FERRAZ DE VASCONCELOS;2005;urban;1,62990544135127e+03
3515707;FERRAZ DE VASCONCELOS;2005;water;0,00000000000000e+00
3515707;FERRAZ DE VASCONCELOS;2006;farming;5,32649868658447e+02
3515707;FERRAZ DE VASCONCELOS;2006;native_vegetation;7,55587408569335e+02
3515707;FERRAZ DE VASCONCELOS;2006;non_vegetated_other;1,31374688720703e+00
3515707;FERRAZ DE VASCONCELOS;2006;urban;1,66538861164550e+03
3515707;FERRAZ DE VASCONCELOS;2006;water;0,00000000000000e+00
3515707;FERRAZ DE VASCONCELOS;2007;farming;5,38478917205812e+02
3515707;FERRAZ DE VASCONCELOS;2007;native_vegetation;7,47623572692868e+02
3515707;FERRAZ DE VASCONCELOS;2007;non_vegetated_other;1,39586935424805e+00
3515707;FERRAZ DE VASCONCELOS;2007;urban;1,66744127650756e+03
3515707;FERRAZ DE VASCONCELOS;2007;water;0,00000000000000e+00
3515707;FERRAZ DE VASCONCELOS;2008;farming;5,30516010906981e+02
3515707;FERRAZ DE VASCONCELOS;2008;native_vegetation;7,44010050036619e+02
3515707;FERRAZ DE VASCONCELOS;2008;non_vegetated_other;1,39586935424805e+00
3515707;FERRAZ DE VASCONCELOS;2008;urban;1,67901770546263e+03
3515707;FERRAZ DE VASCONCELOS;2008;water;0,00000000000000e+00
3515707;FERRAZ DE VASCONCELOS;2009;farming;5,29366957641602e+02
3515707;FERRAZ DE VASCONCELOS;2009;native_vegetation;7,43681161236570e+02
3515707;FERRAZ DE VASCONCELOS;2009;non_vegetated_other;1,39586935424805e+00
3515707;FERRAZ DE VASCONCELOS;2009;urban;1,68049564752806e+03
3515707;FERRAZ DE VASCONCELOS;2009;water;0,00000000000000e+00
3515707;FERRAZ DE VASCONCELOS;2010;farming;5,18036000256348e+02
3515707;FERRAZ DE VASCONCELOS;2010;native_vegetation;7,50331844586178e+02
3515707;FERRAZ DE VASCONCELOS;2010;non_vegetated_other;1,39586935424805e+00
3515707;FERRAZ DE VASCONCELOS;2010;urban;1,68517592156370e+03
3515707;FERRAZ DE VASCONCELOS;2010;water;0,00000000000000e+00
3515707;FERRAZ DE VASCONCELOS;2011;farming;5,21319635668944e+02
3515707;FERRAZ DE VASCONCELOS;2011;native_vegetation;7,36210219335939e+02
3515707;FERRAZ DE VASCONCELOS;2011;non_vegetated_other;1,39586935424805e+00
3515707;FERRAZ DE VASCONCELOS;2011;urban;1,69601391140133e+03
3515707;FERRAZ DE VASCONCELOS;2011;water;0,00000000000000e+00
3515707;FERRAZ DE VASCONCELOS;2012;farming;5,56211296862794e+02
3515707;FERRAZ DE VASCONCELOS;2012;native_vegetation;6,94011378002929e+02
3515707;FERRAZ DE VASCONCELOS;2012;non_vegetated_other;3,61257122192383e+00
3515707;FERRAZ DE VASCONCELOS;2012;urban;1,70110438967281e+03
3515707;FERRAZ DE VASCONCELOS;2012;water;0,00000000000000e+00
3515707;FERRAZ DE VASCONCELOS;2013;farming;5,63516805664061e+02
3515707;FERRAZ DE VASCONCELOS;2013;native_vegetation;6,69135307867433e+02
3515707;FERRAZ DE VASCONCELOS;2013;non_vegetated_other;5,00822510375977e+00
3515707;FERRAZ DE VASCONCELOS;2013;urban;1,71727929712517e+03
3515707;FERRAZ DE VASCONCELOS;2013;water;0,00000000000000e+00
3515707;FERRAZ DE VASCONCELOS;2014;farming;5,69673844287106e+02
3515707;FERRAZ DE VASCONCELOS;2014;native_vegetation;6,56984599182132e+02
3515707;FERRAZ DE VASCONCELOS;2014;non_vegetated_other;4,67984877929687e+00
3515707;FERRAZ DE VASCONCELOS;2014;urban;1,72360134351189e+03
3515707;FERRAZ DE VASCONCELOS;2014;water;0,00000000000000e+00
3515707;FERRAZ DE VASCONCELOS;2015;farming;5,71805376702882e+02
3515707;FERRAZ DE VASCONCELOS;2015;native_vegetation;6,38101009356693e+02
3515707;FERRAZ DE VASCONCELOS;2015;non_vegetated_other;5,09042205810547e+00
3515707;FERRAZ DE VASCONCELOS;2015;urban;1,73994282764276e+03
3515707;FERRAZ DE VASCONCELOS;2015;water;0,00000000000000e+00
3515707;FERRAZ DE VASCONCELOS;2016;farming;5,93478408105465e+02
3515707;FERRAZ DE VASCONCELOS;2016;native_vegetation;6,07642608526617e+02
3515707;FERRAZ DE VASCONCELOS;2016;non_vegetated_other;5,66520516357422e+00
3515707;FERRAZ DE VASCONCELOS;2016;urban;1,74807129874873e+03
3515707;FERRAZ DE VASCONCELOS;2016;water;8,21152160644531e-02
3515707;FERRAZ DE VASCONCELOS;2017;farming;6,01030094866945e+02
3515707;FERRAZ DE VASCONCELOS;2017;native_vegetation;5,95246160284429e+02
3515707;FERRAZ DE VASCONCELOS;2017;non_vegetated_other;3,77678052978516e+00
3515707;FERRAZ DE VASCONCELOS;2017;urban;1,75431179406122e+03
3515707;FERRAZ DE VASCONCELOS;2017;water;5,74806018066406e-01
3515707;FERRAZ DE VASCONCELOS;2018;farming;6,15314494921878e+02
3515707;FERRAZ DE VASCONCELOS;2018;native_vegetation;5,80468762542726e+02
3515707;FERRAZ DE VASCONCELOS;2018;non_vegetated_other;1,72431716918945e+00
3515707;FERRAZ DE VASCONCELOS;2018;urban;1,75685725510859e+03
3515707;FERRAZ DE VASCONCELOS;2018;water;5,74806018066406e-01
3515707;FERRAZ DE VASCONCELOS;2019;farming;6,15395923779300e+02
3515707;FERRAZ DE VASCONCELOS;2019;native_vegetation;5,78005788903810e+02
3515707;FERRAZ DE VASCONCELOS;2019;non_vegetated_other;1,31386240844726e+00
3515707;FERRAZ DE VASCONCELOS;2019;urban;1,75956713926997e+03
3515707;FERRAZ DE VASCONCELOS;2019;water;6,56921398925781e-01
3515707;FERRAZ DE VASCONCELOS;2020;farming;6,02666874835209e+02
3515707;FERRAZ DE VASCONCELOS;2020;native_vegetation;5,73408853625491e+02
3515707;FERRAZ DE VASCONCELOS;2020;non_vegetated_other;9,85398907470703e-01
3515707;FERRAZ DE VASCONCELOS;2020;urban;1,77730370220940e+03
3515707;FERRAZ DE VASCONCELOS;2020;water;5,74806182861328e-01
3515707;FERRAZ DE VASCONCELOS;2021;farming;6,02253791436771e+02
3515707;FERRAZ DE VASCONCELOS;2021;native_vegetation;5,61587025744634e+02
3515707;FERRAZ DE VASCONCELOS;2021;non_vegetated_other;9,03254681396484e-01
3515707;FERRAZ DE VASCONCELOS;2021;urban;1,78962075771477e+03
3515707;FERRAZ DE VASCONCELOS;2021;water;5,74806182861328e-01
3515707;FERRAZ DE VASCONCELOS;2022;farming;5,90101178192142e+02
3515707;FERRAZ DE VASCONCELOS;2022;native_vegetation;5,62901199108892e+02
3515707;FERRAZ DE VASCONCELOS;2022;non_vegetated_other;1,97057998657227e+00
3515707;FERRAZ DE VASCONCELOS;2022;urban;1,79840665358879e+03
3515707;FERRAZ DE VASCONCELOS;2022;water;1,56002488403320e+00
3515707;FERRAZ DE VASCONCELOS;2023;farming;5,97900480798344e+02
3515707;FERRAZ DE VASCONCELOS;2023;native_vegetation;5,53459712951663e+02
3515707;FERRAZ DE VASCONCELOS;2023;non_vegetated_other;2,54527114257812e+00
3515707;FERRAZ DE VASCONCELOS;2023;urban;1,79972046676017e+03
3515707;FERRAZ DE VASCONCELOS;2023;water;1,31370410766602e+00
3515707;FERRAZ DE VASCONCELOS;2024;farming;5,94861774627690e+02
3515707;FERRAZ DE VASCONCELOS;2024;native_vegetation;5,47958736730957e+02
3515707;FERRAZ DE VASCONCELOS;2024;non_vegetated_other;3,11987177734375e+00
3515707;FERRAZ DE VASCONCELOS;2024;urban;1,80760344565422e+03
3515707;FERRAZ DE VASCONCELOS;2024;water;1,39580697021484e+00
3516309;FRANCISCO MORATO;1985;farming;1,91946936622930e+03
3516309;FRANCISCO MORATO;1985;native_vegetation;1,96302377299190e+03
3516309;FRANCISCO MORATO;1985;non_vegetated_other;1,71165022705078e+01
3516309;FRANCISCO MORATO;1985;urban;9,99162430535835e+02
3516309;FRANCISCO MORATO;1985;water;1,72830156860352e+00
3516309;FRANCISCO MORATO;1986;farming;1,90786436774908e+03
3516309;FRANCISCO MORATO;1986;native_vegetation;1,96631658555294e+03
3516309;FRANCISCO MORATO;1986;non_vegetated_other;1,51414404541016e+01
3516309;FRANCISCO MORATO;1986;urban;1,00961427749628e+03
3516309;FRANCISCO MORATO;1986;water;1,56370234375000e+00
3516309;FRANCISCO MORATO;1987;farming;2,01311721532602e+03
3516309;FRANCISCO MORATO;1987;native_vegetation;1,86674195307002e+03
3516309;FRANCISCO MORATO;1987;non_vegetated_other;6,66534152221680e+00
3516309;FRANCISCO MORATO;1987;urban;1,01241216068720e+03
3516309;FRANCISCO MORATO;1987;water;1,56370299072266e+00
3516309;FRANCISCO MORATO;1988;farming;2,05755624977425e+03
3516309;FRANCISCO MORATO;1988;native_vegetation;1,80592636995845e+03
3516309;FRANCISCO MORATO;1988;non_vegetated_other;2,71541318359375e+00
3516309;FRANCISCO MORATO;1988;urban;1,03290323643183e+03
3516309;FRANCISCO MORATO;1988;water;1,39910424804687e+00
3516309;FRANCISCO MORATO;1989;farming;2,05088932330938e+03
3516309;FRANCISCO MORATO;1989;native_vegetation;1,79967364163814e+03
3516309;FRANCISCO MORATO;1989;non_vegetated_other;2,55084829711914e+00
3516309;FRANCISCO MORATO;1989;urban;1,04598745626215e+03
3516309;FRANCISCO MORATO;1989;water;1,39910408935547e+00
3516309;FRANCISCO MORATO;1990;farming;1,98579599334726e+03
3516309;FRANCISCO MORATO;1990;native_vegetation;1,80346051826778e+03
3516309;FRANCISCO MORATO;1990;non_vegetated_other;1,31659570922852e+00
3516309;FRANCISCO MORATO;1990;urban;1,10877506289667e+03
3516309;FRANCISCO MORATO;1990;water;1,15220337524414e+00
3516309;FRANCISCO MORATO;1991;farming;1,92045473272105e+03
3516309;FRANCISCO MORATO;1991;native_vegetation;1,80683450867305e+03
3516309;FRANCISCO MORATO;1991;non_vegetated_other;1,06967467041016e+00
3516309;FRANCISCO MORATO;1991;urban;1,17041317157587e+03
3516309;FRANCISCO MORATO;1991;water;1,72828595581055e+00
3516309;FRANCISCO MORATO;1992;farming;1,89198081700450e+03
3516309;FRANCISCO MORATO;1992;native_vegetation;1,79185598033443e+03
3516309;FRANCISCO MORATO;1992;non_vegetated_other;1,06967467041016e+00
3516309;FRANCISCO MORATO;1992;urban;1,21378331219476e+03
3516309;FRANCISCO MORATO;1992;water;1,81058939208984e+00
3516309;FRANCISCO MORATO;1993;farming;1,82153605504766e+03
3516309;FRANCISCO MORATO;1993;native_vegetation;1,77803104788814e+03
3516309;FRANCISCO MORATO;1993;non_vegetated_other;1,06986996459961e+00
3516309;FRANCISCO MORATO;1993;urban;1,29805281130366e+03
3516309;FRANCISCO MORATO;1993;water;1,81058939208984e+00
3516309;FRANCISCO MORATO;1994;farming;1,72295270055543e+03
3516309;FRANCISCO MORATO;1994;native_vegetation;1,75852811445919e+03
3516309;FRANCISCO MORATO;1994;non_vegetated_other;7,40730755615234e-01
3516309;FRANCISCO MORATO;1994;urban;1,41663283977661e+03
3516309;FRANCISCO MORATO;1994;water;1,64598804931641e+00
3516309;FRANCISCO MORATO;1995;farming;1,70279233589478e+03
3516309;FRANCISCO MORATO;1995;native_vegetation;1,73136974275509e+03
3516309;FRANCISCO MORATO;1995;non_vegetated_other;1,48148396606445e+00
3516309;FRANCISCO MORATO;1995;urban;1,46345771697388e+03
3516309;FRANCISCO MORATO;1995;water;1,39909400634766e+00
3516309;FRANCISCO MORATO;1996;farming;1,69044779328613e+03
3516309;FRANCISCO MORATO;1996;native_vegetation;1,67532676328122e+03
3516309;FRANCISCO MORATO;1996;non_vegetated_other;2,38669722900391e+00
3516309;FRANCISCO MORATO;1996;urban;1,53118692032473e+03
3516309;FRANCISCO MORATO;1996;water;1,15219947509766e+00
3516309;FRANCISCO MORATO;1997;farming;1,64724393594971e+03
3516309;FRANCISCO MORATO;1997;native_vegetation;1,65845785606687e+03
3516309;FRANCISCO MORATO;1997;non_vegetated_other;2,38669722900391e+00
3516309;FRANCISCO MORATO;1997;urban;1,59117739104008e+03
3516309;FRANCISCO MORATO;1997;water;1,23449331054687e+00
3516309;FRANCISCO MORATO;1998;farming;1,66361970057373e+03
3516309;FRANCISCO MORATO;1998;native_vegetation;1,59747698274533e+03
3516309;FRANCISCO MORATO;1998;non_vegetated_other;2,96283607177734e+00
3516309;FRANCISCO MORATO;1998;urban;1,63545325201419e+03
3516309;FRANCISCO MORATO;1998;water;9,87602191162109e-01
3516309;FRANCISCO MORATO;1999;farming;1,66658478564453e+03
3516309;FRANCISCO MORATO;1999;native_vegetation;1,55994988703001e+03
3516309;FRANCISCO MORATO;1999;non_vegetated_other;1,97529772338867e+00
3516309;FRANCISCO MORATO;1999;urban;1,67092050114750e+03
3516309;FRANCISCO MORATO;1999;water;1,06990205078125e+00
3516309;FRANCISCO MORATO;2000;farming;1,66971108070679e+03
3516309;FRANCISCO MORATO;2000;native_vegetation;1,54291484873655e+03
3516309;FRANCISCO MORATO;2000;non_vegetated_other;2,30445191650391e+00
3516309;FRANCISCO MORATO;2000;urban;1,68466469006350e+03
3516309;FRANCISCO MORATO;2000;water;9,05302172851562e-01
3516309;FRANCISCO MORATO;2001;farming;1,67802307748413e+03
3516309;FRANCISCO MORATO;2001;native_vegetation;1,52703122977293e+03
3516309;FRANCISCO MORATO;2001;non_vegetated_other;2,22216735839844e+00
3516309;FRANCISCO MORATO;2001;urban;1,69240089666750e+03
3516309;FRANCISCO MORATO;2001;water;8,23002313232422e-01
3516309;FRANCISCO MORATO;2002;farming;1,71596283584594e+03
3516309;FRANCISCO MORATO;2002;native_vegetation;1,48028541051634e+03
3516309;FRANCISCO MORATO;2002;non_vegetated_other;1,48141708984375e+00
3516309;FRANCISCO MORATO;2002;urban;1,70194770783083e+03
3516309;FRANCISCO MORATO;2002;water;8,23002313232422e-01
3516309;FRANCISCO MORATO;2003;farming;1,74122922554321e+03
3516309;FRANCISCO MORATO;2003;native_vegetation;1,44753034858398e+03
3516309;FRANCISCO MORATO;2003;non_vegetated_other;9,87582482910156e-01
3516309;FRANCISCO MORATO;2003;urban;1,70993021467287e+03
3516309;FRANCISCO MORATO;2003;water;8,23002313232422e-01
3516309;FRANCISCO MORATO;2004;farming;1,75925306979369e+03
3516309;FRANCISCO MORATO;2004;native_vegetation;1,41518658735964e+03
3516309;FRANCISCO MORATO;2004;non_vegetated_other;7,40628417968750e-01
3516309;FRANCISCO MORATO;2004;urban;1,72449708571170e+03
3516309;FRANCISCO MORATO;2004;water;8,23002313232422e-01
3516309;FRANCISCO MORATO;2005;farming;1,75563253065184e+03
3516309;FRANCISCO MORATO;2005;native_vegetation;1,40481717840578e+03
3516309;FRANCISCO MORATO;2005;non_vegetated_other;3,45615383300781e+00
3516309;FRANCISCO MORATO;2005;urban;1,73577150839234e+03
3516309;FRANCISCO MORATO;2005;water;8,23002313232422e-01
3516309;FRANCISCO MORATO;2006;farming;1,73686937836303e+03
3516309;FRANCISCO MORATO;2006;native_vegetation;1,40909627723390e+03
3516309;FRANCISCO MORATO;2006;non_vegetated_other;3,78531127929688e+00
3516309;FRANCISCO MORATO;2006;urban;1,74935033174440e+03
3516309;FRANCISCO MORATO;2006;water;1,39907497558594e+00
3516309;FRANCISCO MORATO;2007;farming;1,72584130234985e+03
3516309;FRANCISCO MORATO;2007;native_vegetation;1,41000207337648e+03
3516309;FRANCISCO MORATO;2007;non_vegetated_other;3,78531127929688e+00
3516309;FRANCISCO MORATO;2007;urban;1,75955490773317e+03
3516309;FRANCISCO MORATO;2007;water;1,31677885742188e+00
3516309;FRANCISCO MORATO;2008;farming;1,72139717273559e+03
3516309;FRANCISCO MORATO;2008;native_vegetation;1,41049593095705e+03
3516309;FRANCISCO MORATO;2008;non_vegetated_other;3,78531127929688e+00
3516309;FRANCISCO MORATO;2008;urban;1,76342288381349e+03
3516309;FRANCISCO MORATO;2008;water;1,39907481079102e+00
3516309;FRANCISCO MORATO;2009;farming;1,71440287133178e+03
3516309;FRANCISCO MORATO;2009;native_vegetation;1,40086645716554e+03
3516309;FRANCISCO MORATO;2009;non_vegetated_other;2,13951753540039e+00
3516309;FRANCISCO MORATO;2009;urban;1,78169245275270e+03
3516309;FRANCISCO MORATO;2009;water;1,39907481079102e+00
3516309;FRANCISCO MORATO;2010;farming;1,71036993353271e+03
3516309;FRANCISCO MORATO;2010;native_vegetation;1,40094918004762e+03
3516309;FRANCISCO MORATO;2010;non_vegetated_other;5,76023010253906e-01
3516309;FRANCISCO MORATO;2010;urban;1,78728845814821e+03
3516309;FRANCISCO MORATO;2010;water;1,31677885742188e+00
3516309;FRANCISCO MORATO;2011;farming;1,68782009636230e+03
3516309;FRANCISCO MORATO;2011;native_vegetation;1,39461244630129e+03
3516309;FRANCISCO MORATO;2011;non_vegetated_other;0,00000000000000e+00
3516309;FRANCISCO MORATO;2011;urban;1,81675105207524e+03
3516309;FRANCISCO MORATO;2011;water;1,31677885742188e+00
3516309;FRANCISCO MORATO;2012;farming;1,67078412554932e+03
3516309;FRANCISCO MORATO;2012;native_vegetation;1,38778200186769e+03
3516309;FRANCISCO MORATO;2012;non_vegetated_other;0,00000000000000e+00
3516309;FRANCISCO MORATO;2012;urban;1,84069976782844e+03
3516309;FRANCISCO MORATO;2012;water;1,23447835083008e+00
3516309;FRANCISCO MORATO;2013;farming;1,64584930918579e+03
3516309;FRANCISCO MORATO;2013;native_vegetation;1,38210315180666e+03
3516309;FRANCISCO MORATO;2013;non_vegetated_other;0,00000000000000e+00
3516309;FRANCISCO MORATO;2013;urban;1,87123113829964e+03
3516309;FRANCISCO MORATO;2013;water;1,31677430419922e+00
3516309;FRANCISCO MORATO;2014;farming;1,60428830828247e+03
3516309;FRANCISCO MORATO;2014;native_vegetation;1,37881126134035e+03
3516309;FRANCISCO MORATO;2014;non_vegetated_other;0,00000000000000e+00
3516309;FRANCISCO MORATO;2014;urban;1,91608402966927e+03
3516309;FRANCISCO MORATO;2014;water;1,31677430419922e+00
3516309;FRANCISCO MORATO;2015;farming;1,56914728458862e+03
3516309;FRANCISCO MORATO;2015;native_vegetation;1,38646562091677e+03
3516309;FRANCISCO MORATO;2015;non_vegetated_other;0,00000000000000e+00
3516309;FRANCISCO MORATO;2015;urban;1,94357069085699e+03
3516309;FRANCISCO MORATO;2015;water;1,31677723388672e+00
3516309;FRANCISCO MORATO;2016;farming;1,55581694062501e+03
3516309;FRANCISCO MORATO;2016;native_vegetation;1,38959231162721e+03
3516309;FRANCISCO MORATO;2016;non_vegetated_other;5,76002655029297e-01
3516309;FRANCISCO MORATO;2016;urban;1,95319834145512e+03
3516309;FRANCISCO MORATO;2016;water;1,31677723388672e+00
3516309;FRANCISCO MORATO;2017;farming;1,54627117954713e+03
3516309;FRANCISCO MORATO;2017;native_vegetation;1,38185619013673e+03
3516309;FRANCISCO MORATO;2017;non_vegetated_other;6,58288842773437e-01
3516309;FRANCISCO MORATO;2017;urban;1,97048023785402e+03
3516309;FRANCISCO MORATO;2017;water;1,23447721557617e+00
3516309;FRANCISCO MORATO;2018;farming;1,51483438382571e+03
3516309;FRANCISCO MORATO;2018;native_vegetation;1,40407580867919e+03
3516309;FRANCISCO MORATO;2018;non_vegetated_other;6,58288842773437e-01
3516309;FRANCISCO MORATO;2018;urban;1,97961511907960e+03
3516309;FRANCISCO MORATO;2018;water;1,31677316894531e+00
3516309;FRANCISCO MORATO;2019;farming;1,47583009962163e+03
3516309;FRANCISCO MORATO;2019;native_vegetation;1,40045437395629e+03
3516309;FRANCISCO MORATO;2019;non_vegetated_other;5,92475932617187e+00
3516309;FRANCISCO MORATO;2019;urban;2,01746814666744e+03
3516309;FRANCISCO MORATO;2019;water;8,22994024658203e-01
3516309;FRANCISCO MORATO;2020;farming;1,46965778175054e+03
3516309;FRANCISCO MORATO;2020;native_vegetation;1,39831522595824e+03
3516309;FRANCISCO MORATO;2020;non_vegetated_other;7,24140571289062e+00
3516309;FRANCISCO MORATO;2020;urban;2,02454526226802e+03
3516309;FRANCISCO MORATO;2020;water;7,40697906494141e-01
3516309;FRANCISCO MORATO;2021;farming;1,45558406846319e+03
3516309;FRANCISCO MORATO;2021;native_vegetation;1,39263655250853e+03
3516309;FRANCISCO MORATO;2021;non_vegetated_other;7,32369401855468e+00
3516309;FRANCISCO MORATO;2021;urban;2,04429765681757e+03
3516309;FRANCISCO MORATO;2021;water;6,58401788330078e-01
3516309;FRANCISCO MORATO;2022;farming;1,43953637816167e+03
3516309;FRANCISCO MORATO;2022;native_vegetation;1,38736964004517e+03
3516309;FRANCISCO MORATO;2022;non_vegetated_other;9,46345632934569e+00
3516309;FRANCISCO MORATO;2022;urban;2,06347249727167e+03
3516309;FRANCISCO MORATO;2022;water;6,58401788330078e-01
3516309;FRANCISCO MORATO;2023;farming;1,44307484668583e+03
3516309;FRANCISCO MORATO;2023;native_vegetation;1,38440717110596e+03
3516309;FRANCISCO MORATO;2023;non_vegetated_other;7,81768211669921e+00
3516309;FRANCISCO MORATO;2023;urban;2,06437767235101e+03
3516309;FRANCISCO MORATO;2023;water;8,23001336669922e-01
3516309;FRANCISCO MORATO;2024;farming;1,43081252625738e+03
3516309;FRANCISCO MORATO;2024;native_vegetation;1,39090893748780e+03
3516309;FRANCISCO MORATO;2024;non_vegetated_other;1,02042097167969e+01
3516309;FRANCISCO MORATO;2024;urban;2,06750481320184e+03
3516309;FRANCISCO MORATO;2024;water;1,06988693237305e+00
3516408;FRANCO DA ROCHA;1985;farming;3,92389774595333e+03
3516408;FRANCO DA ROCHA;1985;native_vegetation;7,82350321642412e+03
3516408;FRANCO DA ROCHA;1985;non_vegetated_other;9,29567470581055e+01
3516408;FRANCO DA ROCHA;1985;urban;1,27243122799682e+03
3516408;FRANCO DA ROCHA;1985;water;1,64518719525147e+02
3516408;FRANCO DA ROCHA;1986;farming;3,86253551338496e+03
3516408;FRANCO DA ROCHA;1986;native_vegetation;7,86141994110068e+03
3516408;FRANCO DA ROCHA;1986;non_vegetated_other;9,43547111022949e+01
3516408;FRANCO DA ROCHA;1986;urban;1,27514604715576e+03
3516408;FRANCO DA ROCHA;1986;water;1,83851444213868e+02
3516408;FRANCO DA ROCHA;1987;farming;4,11379584281627e+03
3516408;FRANCO DA ROCHA;1987;native_vegetation;7,63006858175009e+03
3516408;FRANCO DA ROCHA;1987;non_vegetated_other;7,72434449707030e+01
3516408;FRANCO DA ROCHA;1987;urban;1,27415851161498e+03
3516408;FRANCO DA ROCHA;1987;water;1,82041275805665e+02
3516408;FRANCO DA ROCHA;1988;farming;4,21639510113532e+03
3516408;FRANCO DA ROCHA;1988;native_vegetation;7,51883071632037e+03
3516408;FRANCO DA ROCHA;1988;non_vegetated_other;7,45287305969237e+01
3516408;FRANCO DA ROCHA;1988;urban;1,28180916672363e+03
3516408;FRANCO DA ROCHA;1988;water;1,85743942181398e+02
3516408;FRANCO DA ROCHA;1989;farming;4,26336536696778e+03
3516408;FRANCO DA ROCHA;1989;native_vegetation;7,47449259323075e+03
3516408;FRANCO DA ROCHA;1989;non_vegetated_other;7,42821396179199e+01
3516408;FRANCO DA ROCHA;1989;urban;1,28748563635864e+03
3516408;FRANCO DA ROCHA;1989;water;1,77681920782472e+02
3516408;FRANCO DA ROCHA;1990;farming;4,21185804425050e+03
3516408;FRANCO DA ROCHA;1990;native_vegetation;7,51209670212967e+03
3516408;FRANCO DA ROCHA;1990;non_vegetated_other;6,77011763000489e+01
3516408;FRANCO DA ROCHA;1990;urban;1,30846374558715e+03
3516408;FRANCO DA ROCHA;1990;water;1,77187988690187e+02
3516408;FRANCO DA ROCHA;1991;farming;4,13847594901739e+03
3516408;FRANCO DA ROCHA;1991;native_vegetation;7,56384192679400e+03
3516408;FRANCO DA ROCHA;1991;non_vegetated_other;5,98864350646974e+01
3516408;FRANCO DA ROCHA;1991;urban;1,33075781734618e+03
3516408;FRANCO DA ROCHA;1991;water;1,84345528735353e+02
3516408;FRANCO DA ROCHA;1992;farming;4,10129498847055e+03
3516408;FRANCO DA ROCHA;1992;native_vegetation;7,59394709218706e+03
3516408;FRANCO DA ROCHA;1992;non_vegetated_other;5,72541034423829e+01
3516408;FRANCO DA ROCHA;1992;urban;1,34202882850341e+03
3516408;FRANCO DA ROCHA;1992;water;1,82782644354249e+02
3516408;FRANCO DA ROCHA;1993;farming;4,01170083092663e+03
3516408;FRANCO DA ROCHA;1993;native_vegetation;7,65869236007035e+03
3516408;FRANCO DA ROCHA;1993;non_vegetated_other;5,23177065734864e+01
3516408;FRANCO DA ROCHA;1993;urban;1,37526883754271e+03
3516408;FRANCO DA ROCHA;1993;water;1,79327921844484e+02
3516408;FRANCO DA ROCHA;1994;farming;3,95469271919566e+03
3516408;FRANCO DA ROCHA;1994;native_vegetation;7,69266144407305e+03
3516408;FRANCO DA ROCHA;1994;non_vegetated_other;3,74285907165528e+01
3516408;FRANCO DA ROCHA;1994;urban;1,41253875955199e+03
3516408;FRANCO DA ROCHA;1994;water;1,79986143420411e+02
3516408;FRANCO DA ROCHA;1995;farming;4,04026442614145e+03
3516408;FRANCO DA ROCHA;1995;native_vegetation;7,57352557031207e+03
3516408;FRANCO DA ROCHA;1995;non_vegetated_other;3,54550139526368e+01
3516408;FRANCO DA ROCHA;1995;urban;1,44478682283323e+03
3516408;FRANCO DA ROCHA;1995;water;1,83275823718263e+02
3516408;FRANCO DA ROCHA;1996;farming;4,14433897229012e+03
3516408;FRANCO DA ROCHA;1996;native_vegetation;7,43111145185502e+03
3516408;FRANCO DA ROCHA;1996;non_vegetated_other;3,47969135070801e+01
3516408;FRANCO DA ROCHA;1996;urban;1,49061196337279e+03
3516408;FRANCO DA ROCHA;1996;water;1,76448355932618e+02
3516408;FRANCO DA ROCHA;1997;farming;4,16013225156254e+03
3516408;FRANCO DA ROCHA;1997;native_vegetation;7,35081506963450e+03
3516408;FRANCO DA ROCHA;1997;non_vegetated_other;3,15886544616699e+01
3516408;FRANCO DA ROCHA;1997;urban;1,55412758380737e+03
3516408;FRANCO DA ROCHA;1997;water;1,80644097491456e+02
3516408;FRANCO DA ROCHA;1998;farming;4,28173312446294e+03
3516408;FRANCO DA ROCHA;1998;native_vegetation;7,19433121262765e+03
3516408;FRANCO DA ROCHA;1998;non_vegetated_other;3,01906072998046e+01
3516408;FRANCO DA ROCHA;1998;urban;1,58621338204346e+03
3516408;FRANCO DA ROCHA;1998;water;1,84839330523683e+02
3516408;FRANCO DA ROCHA;1999;farming;4,39182031203614e+03
3516408;FRANCO DA ROCHA;1999;native_vegetation;7,04006576076616e+03
3516408;FRANCO DA ROCHA;1999;non_vegetated_other;2,95327158264160e+01
3516408;FRANCO DA ROCHA;1999;urban;1,63170774393922e+03
3516408;FRANCO DA ROCHA;1999;water;1,84181124389650e+02
3516408;FRANCO DA ROCHA;2000;farming;4,45327952786868e+03
3516408;FRANCO DA ROCHA;2000;native_vegetation;6,98987647898516e+03
3516408;FRANCO DA ROCHA;2000;non_vegetated_other;3,09310614746093e+01
3516408;FRANCO DA ROCHA;2000;urban;1,64775027655640e+03
3516408;FRANCO DA ROCHA;2000;water;1,55470312072754e+02
3516408;FRANCO DA ROCHA;2001;farming;4,50461919232181e+03
3516408;FRANCO DA ROCHA;2001;native_vegetation;6,90612060341756e+03
3516408;FRANCO DA ROCHA;2001;non_vegetated_other;2,87099432128906e+01
3516408;FRANCO DA ROCHA;2001;urban;1,68666537907715e+03
3516408;FRANCO DA ROCHA;2001;water;1,51192538928223e+02
3516408;FRANCO DA ROCHA;2002;farming;4,58088328143924e+03
3516408;FRANCO DA ROCHA;2002;native_vegetation;6,80805495294155e+03
3516408;FRANCO DA ROCHA;2002;non_vegetated_other;2,64885475769043e+01
3516408;FRANCO DA ROCHA;2002;urban;1,71109980394287e+03
3516408;FRANCO DA ROCHA;2002;water;1,50781071057129e+02
3516408;FRANCO DA ROCHA;2003;farming;4,63403825651247e+03
3516408;FRANCO DA ROCHA;2003;native_vegetation;6,74412246236540e+03
3516408;FRANCO DA ROCHA;2003;non_vegetated_other;2,45143386962891e+01
3516408;FRANCO DA ROCHA;2003;urban;1,72878745161133e+03
3516408;FRANCO DA ROCHA;2003;water;1,45845147772217e+02
3516408;FRANCO DA ROCHA;2004;farming;4,67805503598024e+03
3516408;FRANCO DA ROCHA;2004;native_vegetation;6,69080830287447e+03
3516408;FRANCO DA ROCHA;2004;non_vegetated_other;2,13062798828125e+01
3516408;FRANCO DA ROCHA;2004;urban;1,74129260844116e+03
3516408;FRANCO DA ROCHA;2004;water;1,45845429779053e+02
3516408;FRANCO DA ROCHA;2005;farming;4,67179850100709e+03
3516408;FRANCO DA ROCHA;2005;native_vegetation;6,66662480026828e+03
3516408;FRANCO DA ROCHA;2005;non_vegetated_other;1,95789190551758e+01
3516408;FRANCO DA ROCHA;2005;urban;1,76835948132324e+03
3516408;FRANCO DA ROCHA;2005;water;1,50945955303955e+02
3516408;FRANCO DA ROCHA;2006;farming;4,63190191613160e+03
3516408;FRANCO DA ROCHA;2006;native_vegetation;6,67945373834201e+03
3516408;FRANCO DA ROCHA;2006;non_vegetated_other;1,89209015380859e+01
3516408;FRANCO DA ROCHA;2006;urban;1,79509778505857e+03
3516408;FRANCO DA ROCHA;2006;water;1,51933315887451e+02
3516408;FRANCO DA ROCHA;2007;farming;4,60788633627317e+03
3516408;FRANCO DA ROCHA;2007;native_vegetation;6,67360570614597e+03
3516408;FRANCO DA ROCHA;2007;non_vegetated_other;1,87563152893066e+01
3516408;FRANCO DA ROCHA;2007;urban;1,82413872598266e+03
3516408;FRANCO DA ROCHA;2007;water;1,52920573266602e+02
3516408;FRANCO DA ROCHA;2008;farming;4,54610780111691e+03
3516408;FRANCO DA ROCHA;2008;native_vegetation;6,70420428394748e+03
3516408;FRANCO DA ROCHA;2008;non_vegetated_other;1,70285699279785e+01
3516408;FRANCO DA ROCHA;2008;urban;1,85967886411745e+03
3516408;FRANCO DA ROCHA;2008;water;1,50288137847901e+02
3516408;FRANCO DA ROCHA;2009;farming;4,53484252824094e+03
3516408;FRANCO DA ROCHA;2009;native_vegetation;6,69004726328098e+03
3516408;FRANCO DA ROCHA;2009;non_vegetated_other;1,68640213623047e+01
3516408;FRANCO DA ROCHA;2009;urban;1,89036579594728e+03
3516408;FRANCO DA ROCHA;2009;water;1,45188048126221e+02
3516408;FRANCO DA ROCHA;2010;farming;4,50687905100703e+03
3516408;FRANCO DA ROCHA;2010;native_vegetation;6,70525879461031e+03
3516408;FRANCO DA ROCHA;2010;non_vegetated_other;1,43139259643555e+01
3516408;FRANCO DA ROCHA;2010;urban;1,90805310820922e+03
3516408;FRANCO DA ROCHA;2010;water;1,42802777166748e+02
3516408;FRANCO DA ROCHA;2011;farming;4,50803061773672e+03
3516408;FRANCO DA ROCHA;2011;native_vegetation;6,65844356136448e+03
3516408;FRANCO DA ROCHA;2011;non_vegetated_other;1,38206413024902e+01
3516408;FRANCO DA ROCHA;2011;urban;1,95577315579833e+03
3516408;FRANCO DA ROCHA;2011;water;1,41239680755615e+02
3516408;FRANCO DA ROCHA;2012;farming;4,47396998229965e+03
3516408;FRANCO DA ROCHA;2012;native_vegetation;6,62355781712626e+03
3516408;FRANCO DA ROCHA;2012;non_vegetated_other;1,54661494812012e+01
3516408;FRANCO DA ROCHA;2012;urban;2,02924347859491e+03
3516408;FRANCO DA ROCHA;2012;water;1,35070229455566e+02
3516408;FRANCO DA ROCHA;2013;farming;4,44032365878888e+03
3516408;FRANCO DA ROCHA;2013;native_vegetation;6,62947903610209e+03
3516408;FRANCO DA ROCHA;2013;non_vegetated_other;1,59597302490234e+01
3516408;FRANCO DA ROCHA;2013;urban;2,05935389715568e+03
3516408;FRANCO DA ROCHA;2013;water;1,32191334661865e+02
3516408;FRANCO DA ROCHA;2014;farming;4,36694656179792e+03
3516408;FRANCO DA ROCHA;2014;native_vegetation;6,66665331331764e+03
3516408;FRANCO DA ROCHA;2014;non_vegetated_other;1,62067279174805e+01
3516408;FRANCO DA ROCHA;2014;urban;2,09785961233510e+03
3516408;FRANCO DA ROCHA;2014;water;1,29641441589355e+02
3516408;FRANCO DA ROCHA;2015;farming;4,36439410390610e+03
3516408;FRANCO DA ROCHA;2015;native_vegetation;6,63522667817973e+03
3516408;FRANCO DA ROCHA;2015;non_vegetated_other;1,67825704589844e+01
3516408;FRANCO DA ROCHA;2015;urban;2,13192123428333e+03
3516408;FRANCO DA ROCHA;2015;water;1,28983070129394e+02
3516408;FRANCO DA ROCHA;2016;farming;4,33420094306632e+03
3516408;FRANCO DA ROCHA;2016;native_vegetation;6,61811279253522e+03
3516408;FRANCO DA ROCHA;2016;non_vegetated_other;1,61242314025879e+01
3516408;FRANCO DA ROCHA;2016;urban;2,17815909783309e+03
3516408;FRANCO DA ROCHA;2016;water;1,30710592120361e+02
3516408;FRANCO DA ROCHA;2017;farming;4,37689996282955e+03
3516408;FRANCO DA ROCHA;2017;native_vegetation;6,53764956965320e+03
3516408;FRANCO DA ROCHA;2017;non_vegetated_other;1,53838347229004e+01
3516408;FRANCO DA ROCHA;2017;urban;2,21740390695171e+03
3516408;FRANCO DA ROCHA;2017;water;1,29970382800292e+02
3516408;FRANCO DA ROCHA;2018;farming;4,33337639600215e+03
3516408;FRANCO DA ROCHA;2018;native_vegetation;6,52720112308338e+03
3516408;FRANCO DA ROCHA;2018;non_vegetated_other;1,42321683410645e+01
3516408;FRANCO DA ROCHA;2018;urban;2,27483102371191e+03
3516408;FRANCO DA ROCHA;2018;water;1,27666945819091e+02
3516408;FRANCO DA ROCHA;2019;farming;4,36233906746822e+03
3516408;FRANCO DA ROCHA;2019;native_vegetation;6,45019116298821e+03
3516408;FRANCO DA ROCHA;2019;non_vegetated_other;1,34919706604004e+01
3516408;FRANCO DA ROCHA;2019;urban;2,32246698096287e+03
3516408;FRANCO DA ROCHA;2019;water;1,28818474877929e+02
3516408;FRANCO DA ROCHA;2020;farming;4,37344823962397e+03
3516408;FRANCO DA ROCHA;2020;native_vegetation;6,39572508810421e+03
3516408;FRANCO DA ROCHA;2020;non_vegetated_other;1,78525821350098e+01
3516408;FRANCO DA ROCHA;2020;urban;2,36335527923555e+03
3516408;FRANCO DA ROCHA;2020;water;1,26926467858886e+02
3516408;FRANCO DA ROCHA;2021;farming;4,39245072351678e+03
3516408;FRANCO DA ROCHA;2021;native_vegetation;6,34101431080929e+03
3516408;FRANCO DA ROCHA;2021;non_vegetated_other;2,13089834838867e+01
3516408;FRANCO DA ROCHA;2021;urban;2,39651214398162e+03
3516408;FRANCO DA ROCHA;2021;water;1,26021495166015e+02
3516408;FRANCO DA ROCHA;2022;farming;4,39236676185299e+03
3516408;FRANCO DA ROCHA;2022;native_vegetation;6,26367903187251e+03
3516408;FRANCO DA ROCHA;2022;non_vegetated_other;3,40633041137695e+01
3516408;FRANCO DA ROCHA;2022;urban;2,45640561001553e+03
3516408;FRANCO DA ROCHA;2022;water;1,30792949102783e+02
3516408;FRANCO DA ROCHA;2023;farming;4,44616552799679e+03
3516408;FRANCO DA ROCHA;2023;native_vegetation;6,17359835399169e+03
3516408;FRANCO DA ROCHA;2023;non_vegetated_other;5,15870318420410e+01
3516408;FRANCO DA ROCHA;2023;urban;2,47286024590420e+03
3516408;FRANCO DA ROCHA;2023;water;1,33096497222900e+02
3516408;FRANCO DA ROCHA;2024;farming;4,43333770583490e+03
3516408;FRANCO DA ROCHA;2024;native_vegetation;6,11254780861204e+03
3516408;FRANCO DA ROCHA;2024;non_vegetated_other;1,12137279125977e+02
3516408;FRANCO DA ROCHA;2024;urban;2,48528325470548e+03
3516408;FRANCO DA ROCHA;2024;water;1,34001608679199e+02
3518800;GUARULHOS;1985;farming;7,83404358647523e+03
3518800;GUARULHOS;1985;native_vegetation;1,20316094412799e+04
3518800;GUARULHOS;1985;non_vegetated_other;5,54609579125976e+02
3518800;GUARULHOS;1985;urban;1,12355548021970e+04
3518800;GUARULHOS;1985;water;2,13074229101563e+02
3518800;GUARULHOS;1986;farming;7,59922217857110e+03
3518800;GUARULHOS;1986;native_vegetation;1,19239271309833e+04
3518800;GUARULHOS;1986;non_vegetated_other;4,51923695764159e+02
3518800;GUARULHOS;1986;urban;1,15911587700377e+04
3518800;GUARULHOS;1986;water;3,02659862823488e+02
3518800;GUARULHOS;1987;farming;7,55500330766053e+03
3518800;GUARULHOS;1987;native_vegetation;1,18792036841449e+04
3518800;GUARULHOS;1987;non_vegetated_other;3,94377953497314e+02
3518800;GUARULHOS;1987;urban;1,17401084651671e+04
3518800;GUARULHOS;1987;water;3,00198227709962e+02
3518800;GUARULHOS;1988;farming;7,37786582549508e+03
3518800;GUARULHOS;1988;native_vegetation;1,18315264925677e+04
3518800;GUARULHOS;1988;non_vegetated_other;3,72512485675049e+02
3518800;GUARULHOS;1988;urban;1,20055250752318e+04
3518800;GUARULHOS;1988;water;2,81461759210206e+02
3518800;GUARULHOS;1989;farming;7,00275377276074e+03
3518800;GUARULHOS;1989;native_vegetation;1,18896675847185e+04
3518800;GUARULHOS;1989;non_vegetated_other;3,72515642810058e+02
3518800;GUARULHOS;1989;urban;1,23258601557189e+04
3518800;GUARULHOS;1989;water;2,78094482171632e+02
3518800;GUARULHOS;1990;farming;6,66468135984572e+03
3518800;GUARULHOS;1990;native_vegetation;1,20018456607013e+04
3518800;GUARULHOS;1990;non_vegetated_other;3,41854024078369e+02
3518800;GUARULHOS;1990;urban;1,25764180229061e+04
3518800;GUARULHOS;1990;water;2,84092570648195e+02
3518800;GUARULHOS;1991;farming;6,36559290921097e+03
3518800;GUARULHOS;1991;native_vegetation;1,20251690165728e+04
3518800;GUARULHOS;1991;non_vegetated_other;3,14399104223633e+02
3518800;GUARULHOS;1991;urban;1,28251565839962e+04
3518800;GUARULHOS;1991;water;3,38574024176026e+02
3518800;GUARULHOS;1992;farming;6,26397841861638e+03
3518800;GUARULHOS;1992;native_vegetation;1,19614637439103e+04
3518800;GUARULHOS;1992;non_vegetated_other;3,08155185607910e+02
3518800;GUARULHOS;1992;urban;1,30092121201779e+04
3518800;GUARULHOS;1992;water;3,26082169866944e+02
3518800;GUARULHOS;1993;farming;6,18711441767639e+03
3518800;GUARULHOS;1993;native_vegetation;1,18648663399125e+04
3518800;GUARULHOS;1993;non_vegetated_other;2,72721657672120e+02
3518800;GUARULHOS;1993;urban;1,32171172202332e+04
3518800;GUARULHOS;1993;water;3,27072002685548e+02
3518800;GUARULHOS;1994;farming;6,17755785092216e+03
3518800;GUARULHOS;1994;native_vegetation;1,17187351428361e+04
3518800;GUARULHOS;1994;non_vegetated_other;2,32357640637208e+02
3518800;GUARULHOS;1994;urban;1,34136610700985e+04
3518800;GUARULHOS;1994;water;3,26579933685303e+02
3518800;GUARULHOS;1995;farming;5,88986245552397e+03
3518800;GUARULHOS;1995;native_vegetation;1,16588811903396e+04
3518800;GUARULHOS;1995;non_vegetated_other;2,22823833923340e+02
3518800;GUARULHOS;1995;urban;1,37895690998715e+04
3518800;GUARULHOS;1995;water;3,07755058520510e+02
3518800;GUARULHOS;1996;farming;5,74618857435948e+03
3518800;GUARULHOS;1996;native_vegetation;1,15316025597365e+04
3518800;GUARULHOS;1996;non_vegetated_other;2,18795655261230e+02
3518800;GUARULHOS;1996;urban;1,40772051199886e+04
3518800;GUARULHOS;1996;water;2,95099728833010e+02
3518800;GUARULHOS;1997;farming;5,60732677498218e+03
3518800;GUARULHOS;1997;native_vegetation;1,15358132262221e+04
3518800;GUARULHOS;1997;non_vegetated_other;1,97253004095459e+02
3518800;GUARULHOS;1997;urban;1,42388150282165e+04
3518800;GUARULHOS;1997;water;2,89683604663088e+02
3518800;GUARULHOS;1998;farming;5,38203090892387e+03
3518800;GUARULHOS;1998;native_vegetation;1,16420595542677e+04
3518800;GUARULHOS;1998;non_vegetated_other;2,08025135052490e+02
3518800;GUARULHOS;1998;urban;1,43560507379088e+04
3518800;GUARULHOS;1998;water;2,80725302026369e+02
3518800;GUARULHOS;1999;farming;5,14205564840141e+03
3518800;GUARULHOS;1999;native_vegetation;1,18353360136245e+04
3518800;GUARULHOS;1999;non_vegetated_other;2,20851501708985e+02
3518800;GUARULHOS;1999;urban;1,44056228848874e+04
3518800;GUARULHOS;1999;water;2,65025589556886e+02
3518800;GUARULHOS;2000;farming;5,04716237194270e+03
3518800;GUARULHOS;2000;native_vegetation;1,19288304855666e+04
3518800;GUARULHOS;2000;non_vegetated_other;2,16412462561035e+02
3518800;GUARULHOS;2000;urban;1,44524787544125e+04
3518800;GUARULHOS;2000;water;2,24007563696289e+02
3518800;GUARULHOS;2001;farming;4,99036201376403e+03
3518800;GUARULHOS;2001;native_vegetation;1,19376233134658e+04
3518800;GUARULHOS;2001;non_vegetated_other;2,08437619714356e+02
3518800;GUARULHOS;2001;urban;1,45133118512875e+04
3518800;GUARULHOS;2001;water;2,19156839947510e+02
3518800;GUARULHOS;2002;farming;4,93569936676084e+03
3518800;GUARULHOS;2002;native_vegetation;1,19183011440688e+04
3518800;GUARULHOS;2002;non_vegetated_other;2,06546567034912e+02
3518800;GUARULHOS;2002;urban;1,45829415252011e+04
3518800;GUARULHOS;2002;water;2,25403035113526e+02
3518800;GUARULHOS;2003;farming;4,84113407283993e+03
3518800;GUARULHOS;2003;native_vegetation;1,19546506449233e+04
3518800;GUARULHOS;2003;non_vegetated_other;2,15178209332275e+02
3518800;GUARULHOS;2003;urban;1,46399932233456e+04
3518800;GUARULHOS;2003;water;2,17935487738038e+02
3518800;GUARULHOS;2004;farming;4,79681072768003e+03
3518800;GUARULHOS;2004;native_vegetation;1,19747227714004e+04
3518800;GUARULHOS;2004;non_vegetated_other;2,16740806500244e+02
3518800;GUARULHOS;2004;urban;1,46764092723936e+04
3518800;GUARULHOS;2004;water;2,04208060205079e+02
3518800;GUARULHOS;2005;farming;4,70721588337460e+03
3518800;GUARULHOS;2005;native_vegetation;1,19829485386489e+04
3518800;GUARULHOS;2005;non_vegetated_other;2,23976983685303e+02
3518800;GUARULHOS;2005;urban;1,47428196444884e+04
3518800;GUARULHOS;2005;water;2,11930587982178e+02
3518800;GUARULHOS;2006;farming;4,61412628832458e+03
3518800;GUARULHOS;2006;native_vegetation;1,20487395329849e+04
3518800;GUARULHOS;2006;non_vegetated_other;2,34174047509766e+02
3518800;GUARULHOS;2006;urban;1,47659995626402e+04
3518800;GUARULHOS;2006;water;2,05852206719971e+02
3518800;GUARULHOS;2007;farming;4,56701124325622e+03
3518800;GUARULHOS;2007;native_vegetation;1,20354309743972e+04
3518800;GUARULHOS;2007;non_vegetated_other;2,50453980236817e+02
3518800;GUARULHOS;2007;urban;1,48223857045164e+04
3518800;GUARULHOS;2007;water;1,93609735772706e+02
3518800;GUARULHOS;2008;farming;4,47682336940982e+03
3518800;GUARULHOS;2008;native_vegetation;1,20767109307694e+04
3518800;GUARULHOS;2008;non_vegetated_other;2,70350366931153e+02
3518800;GUARULHOS;2008;urban;1,48630670520687e+04
3518800;GUARULHOS;2008;water;1,81939919000246e+02
3518800;GUARULHOS;2009;farming;4,44318695256411e+03
3518800;GUARULHOS;2009;native_vegetation;1,21054152598221e+04
3518800;GUARULHOS;2009;non_vegetated_other;2,69117741772461e+02
3518800;GUARULHOS;2009;urban;1,48730142265438e+04
3518800;GUARULHOS;2009;water;1,78157457476808e+02
3518800;GUARULHOS;2010;farming;4,30645278488225e+03
3518800;GUARULHOS;2010;native_vegetation;1,22342587722122e+04
3518800;GUARULHOS;2010;non_vegetated_other;2,57608959826660e+02
3518800;GUARULHOS;2010;urban;1,49015414920651e+04
3518800;GUARULHOS;2010;water;1,69029629193116e+02
3518800;GUARULHOS;2011;farming;4,27438940811221e+03
3518800;GUARULHOS;2011;native_vegetation;1,22062219575760e+04
3518800;GUARULHOS;2011;non_vegetated_other;2,42977380584716e+02
3518800;GUARULHOS;2011;urban;1,49788997778561e+04
3518800;GUARULHOS;2011;water;1,66403114050294e+02
3518800;GUARULHOS;2012;farming;4,23879161832336e+03
3518800;GUARULHOS;2012;native_vegetation;1,21792524093521e+04
3518800;GUARULHOS;2012;non_vegetated_other;2,39113749023437e+02
3518800;GUARULHOS;2012;urban;1,50578260325436e+04
3518800;GUARULHOS;2012;water;1,53907828936769e+02
3518800;GUARULHOS;2013;farming;4,16826993460753e+03
3518800;GUARULHOS;2013;native_vegetation;1,22104736644119e+04
3518800;GUARULHOS;2013;non_vegetated_other;2,35166100537109e+02
3518800;GUARULHOS;2013;urban;1,51095367225399e+04
3518800;GUARULHOS;2013;water;1,45445216082764e+02
3518800;GUARULHOS;2014;farming;4,07799594762017e+03
3518800;GUARULHOS;2014;native_vegetation;1,21850685112746e+04
3518800;GUARULHOS;2014;non_vegetated_other;2,54900898358154e+02
3518800;GUARULHOS;2014;urban;1,52075362311641e+04
3518800;GUARULHOS;2014;water;1,43390049761964e+02
3518800;GUARULHOS;2015;farming;4,02702129152884e+03
3518800;GUARULHOS;2015;native_vegetation;1,21670674178115e+04
3518800;GUARULHOS;2015;non_vegetated_other;2,75044748016358e+02
3518800;GUARULHOS;2015;urban;1,52621240398250e+04
3518800;GUARULHOS;2015;water;1,37634140997315e+02
3518800;GUARULHOS;2016;farming;3,91858586496018e+03
3518800;GUARULHOS;2016;native_vegetation;1,22094060609572e+04
3518800;GUARULHOS;2016;non_vegetated_other;2,82774823004151e+02
3518800;GUARULHOS;2016;urban;1,53215573944150e+04
3518800;GUARULHOS;2016;water;1,36567494842530e+02
3518800;GUARULHOS;2017;farming;3,79773430723920e+03
3518800;GUARULHOS;2017;native_vegetation;1,22619341755569e+04
3518800;GUARULHOS;2017;non_vegetated_other;2,93793141839601e+02
3518800;GUARULHOS;2017;urban;1,53809163303343e+04
3518800;GUARULHOS;2017;water;1,34513683209229e+02
3518800;GUARULHOS;2018;farming;3,72234126734044e+03
3518800;GUARULHOS;2018;native_vegetation;1,22363642651748e+04
3518800;GUARULHOS;2018;non_vegetated_other;3,11803966156007e+02
3518800;GUARULHOS;2018;urban;1,54625541561950e+04
3518800;GUARULHOS;2018;water;1,35827983312989e+02
3518800;GUARULHOS;2019;farming;3,65394962491485e+03
3518800;GUARULHOS;2019;native_vegetation;1,22266455871658e+04
3518800;GUARULHOS;2019;non_vegetated_other;3,13613011309816e+02
3518800;GUARULHOS;2019;urban;1,55334266219788e+04
3518800;GUARULHOS;2019;water;1,41256792810059e+02
3518800;GUARULHOS;2020;farming;3,63208108395418e+03
3518800;GUARULHOS;2020;native_vegetation;1,22063299353285e+04
3518800;GUARULHOS;2020;non_vegetated_other;3,34423418444827e+02
3518800;GUARULHOS;2020;urban;1,55581721059022e+04
3518800;GUARULHOS;2020;water;1,37885094549561e+02
3518800;GUARULHOS;2021;farming;3,56079608056062e+03
3518800;GUARULHOS;2021;native_vegetation;1,21929294556960e+04
3518800;GUARULHOS;2021;non_vegetated_other;3,43144057360842e+02
3518800;GUARULHOS;2021;urban;1,56363576639037e+04
3518800;GUARULHOS;2021;water;1,35664380657960e+02
3518800;GUARULHOS;2022;farming;3,48935882305935e+03
3518800;GUARULHOS;2022;native_vegetation;1,21518101157241e+04
3518800;GUARULHOS;2022;non_vegetated_other;3,70857145574954e+02
3518800;GUARULHOS;2022;urban;1,56999876714352e+04
3518800;GUARULHOS;2022;water;1,56877882385255e+02
3518800;GUARULHOS;2023;farming;3,48468326057157e+03
3518800;GUARULHOS;2023;native_vegetation;1,20959772145216e+04
3518800;GUARULHOS;2023;non_vegetated_other;3,79984850872805e+02
3518800;GUARULHOS;2023;urban;1,57417496370967e+04
3518800;GUARULHOS;2023;water;1,66496675115968e+02
3518800;GUARULHOS;2024;farming;3,40247983555929e+03
3518800;GUARULHOS;2024;native_vegetation;1,20817566373610e+04
3518800;GUARULHOS;2024;non_vegetated_other;4,19774567572020e+02
3518800;GUARULHOS;2024;urban;1,58080020680048e+04
3518800;GUARULHOS;2024;water;1,56878529681397e+02
3522208;ITAPECERICA DA SERRA;1985;farming;5,99772752740469e+03
3522208;ITAPECERICA DA SERRA;1985;native_vegetation;7,83123547789345e+03
3522208;ITAPECERICA DA SERRA;1985;non_vegetated_other;2,29564198791504e+02
3522208;ITAPECERICA DA SERRA;1985;urban;8,77993283178714e+02
3522208;ITAPECERICA DA SERRA;1985;water;1,38921246722413e+02
3522208;ITAPECERICA DA SERRA;1986;farming;6,04759585303329e+03
3522208;ITAPECERICA DA SERRA;1986;native_vegetation;7,82008011933628e+03
3522208;ITAPECERICA DA SERRA;1986;non_vegetated_other;1,68953462304688e+02
3522208;ITAPECERICA DA SERRA;1986;urban;8,83241958197030e+02
3522208;ITAPECERICA DA SERRA;1986;water;1,55570341119386e+02
3522208;ITAPECERICA DA SERRA;1987;farming;6,11689857830792e+03
3522208;ITAPECERICA DA SERRA;1987;native_vegetation;7,75405969941423e+03
3522208;ITAPECERICA DA SERRA;1987;non_vegetated_other;1,60259161840820e+02
3522208;ITAPECERICA DA SERRA;1987;urban;8,92182359094256e+02
3522208;ITAPECERICA DA SERRA;1987;water;1,52041935333253e+02
3522208;ITAPECERICA DA SERRA;1988;farming;6,16815712517064e+03
3522208;ITAPECERICA DA SERRA;1988;native_vegetation;7,67179948098171e+03
3522208;ITAPECERICA DA SERRA;1988;non_vegetated_other;1,56074156213379e+02
3522208;ITAPECERICA DA SERRA;1988;urban;9,25400224102796e+02
3522208;ITAPECERICA DA SERRA;1988;water;1,54010747521974e+02
3522208;ITAPECERICA DA SERRA;1989;farming;6,13001295913680e+03
3522208;ITAPECERICA DA SERRA;1989;native_vegetation;7,68927710330831e+03
3522208;ITAPECERICA DA SERRA;1989;non_vegetated_other;1,44834423602296e+02
3522208;ITAPECERICA DA SERRA;1989;urban;9,59274563018813e+02
3522208;ITAPECERICA DA SERRA;1989;water;1,52042684924318e+02
3522208;ITAPECERICA DA SERRA;1990;farming;6,08399429857774e+03
3522208;ITAPECERICA DA SERRA;1990;native_vegetation;7,69560147930938e+03
3522208;ITAPECERICA DA SERRA;1990;non_vegetated_other;1,42372822924805e+02
3522208;ITAPECERICA DA SERRA;1990;urban;9,95688890063491e+02
3522208;ITAPECERICA DA SERRA;1990;water;1,57784243115236e+02
3522208;ITAPECERICA DA SERRA;1991;farming;5,95055955665871e+03
3522208;ITAPECERICA DA SERRA;1991;native_vegetation;7,79065321163348e+03
3522208;ITAPECERICA DA SERRA;1991;non_vegetated_other;1,37941880383301e+02
3522208;ITAPECERICA DA SERRA;1991;urban;1,03259884405518e+03
3522208;ITAPECERICA DA SERRA;1991;water;1,63688241259767e+02
3522208;ITAPECERICA DA SERRA;1992;farming;5,91939175977764e+03
3522208;ITAPECERICA DA SERRA;1992;native_vegetation;7,78975099470233e+03
3522208;ITAPECERICA DA SERRA;1992;non_vegetated_other;1,45816266210938e+02
3522208;ITAPECERICA DA SERRA;1992;urban;1,06015722696535e+03
3522208;ITAPECERICA DA SERRA;1992;water;1,60325486334229e+02
3522208;ITAPECERICA DA SERRA;1993;farming;5,77406706043074e+03
3522208;ITAPECERICA DA SERRA;1993;native_vegetation;7,89259183289205e+03
3522208;ITAPECERICA DA SERRA;1993;non_vegetated_other;1,48439878485108e+02
3522208;ITAPECERICA DA SERRA;1993;urban;1,10050970031127e+03
3522208;ITAPECERICA DA SERRA;1993;water;1,59833261871339e+02
3522208;ITAPECERICA DA SERRA;1994;farming;5,58659900499252e+03
3522208;ITAPECERICA DA SERRA;1994;native_vegetation;8,05201058507105e+03
3522208;ITAPECERICA DA SERRA;1994;non_vegetated_other;1,37201447924805e+02
3522208;ITAPECERICA DA SERRA;1994;urban;1,14143728031617e+03
3522208;ITAPECERICA DA SERRA;1994;water;1,58193415686036e+02
3522208;ITAPECERICA DA SERRA;1995;farming;5,51852871856670e+03
3522208;ITAPECERICA DA SERRA;1995;native_vegetation;8,08973663144554e+03
3522208;ITAPECERICA DA SERRA;1995;non_vegetated_other;1,33182157849122e+02
3522208;ITAPECERICA DA SERRA;1995;urban;1,17809838173217e+03
3522208;ITAPECERICA DA SERRA;1995;water;1,55895844396973e+02
3522208;ITAPECERICA DA SERRA;1996;farming;5,41682638209212e+03
3522208;ITAPECERICA DA SERRA;1996;native_vegetation;8,15124907886405e+03
3522208;ITAPECERICA DA SERRA;1996;non_vegetated_other;1,26208727972412e+02
3522208;ITAPECERICA DA SERRA;1996;urban;1,22378570277708e+03
3522208;ITAPECERICA DA SERRA;1996;water;1,57371842285157e+02
3522208;ITAPECERICA DA SERRA;1997;farming;5,35252239064316e+03
3522208;ITAPECERICA DA SERRA;1997;native_vegetation;8,17191882916321e+03
3522208;ITAPECERICA DA SERRA;1997;non_vegetated_other;1,14887572387696e+02
3522208;ITAPECERICA DA SERRA;1997;urban;1,28038201280516e+03
3522208;ITAPECERICA DA SERRA;1997;water;1,55730928991700e+02
3522208;ITAPECERICA DA SERRA;1998;farming;5,31380768568102e+03
3522208;ITAPECERICA DA SERRA;1998;native_vegetation;8,15879595925954e+03
3522208;ITAPECERICA DA SERRA;1998;non_vegetated_other;1,11196624658204e+02
3522208;ITAPECERICA DA SERRA;1998;urban;1,33558244900512e+03
3522208;ITAPECERICA DA SERRA;1998;water;1,56059015386964e+02
3522208;ITAPECERICA DA SERRA;1999;farming;5,14149053356305e+03
3522208;ITAPECERICA DA SERRA;1999;native_vegetation;8,23621350634814e+03
3522208;ITAPECERICA DA SERRA;1999;non_vegetated_other;1,13903154974366e+02
3522208;ITAPECERICA DA SERRA;1999;urban;1,42990879835205e+03
3522208;ITAPECERICA DA SERRA;1999;water;1,53925740753174e+02
3522208;ITAPECERICA DA SERRA;2000;farming;5,11728911756571e+03
3522208;ITAPECERICA DA SERRA;2000;native_vegetation;8,25720663286790e+03
3522208;ITAPECERICA DA SERRA;2000;non_vegetated_other;1,19315665203858e+02
3522208;ITAPECERICA DA SERRA;2000;urban;1,46870738827514e+03
3522208;ITAPECERICA DA SERRA;2000;water;1,12922930078125e+02
3522208;ITAPECERICA DA SERRA;2001;farming;5,06217105844711e+03
3522208;ITAPECERICA DA SERRA;2001;native_vegetation;8,27935145248458e+03
3522208;ITAPECERICA DA SERRA;2001;non_vegetated_other;1,23170354571534e+02
3522208;ITAPECERICA DA SERRA;2001;urban;1,50258199491577e+03
3522208;ITAPECERICA DA SERRA;2001;water;1,08166873571778e+02
3522208;ITAPECERICA DA SERRA;2002;farming;4,97154843944075e+03
3522208;ITAPECERICA DA SERRA;2002;native_vegetation;8,34938780491381e+03
3522208;ITAPECERICA DA SERRA;2002;non_vegetated_other;1,27026142388916e+02
3522208;ITAPECERICA DA SERRA;2002;urban;1,51939542717894e+03
3522208;ITAPECERICA DA SERRA;2002;water;1,08083920068359e+02
3522208;ITAPECERICA DA SERRA;2003;farming;4,95908390758651e+03
3522208;ITAPECERICA DA SERRA;2003;native_vegetation;8,33486575251519e+03
3522208;ITAPECERICA DA SERRA;2003;non_vegetated_other;1,25959947033692e+02
3522208;ITAPECERICA DA SERRA;2003;urban;1,55187644642333e+03
3522208;ITAPECERICA DA SERRA;2003;water;1,03655680432129e+02
3522208;ITAPECERICA DA SERRA;2004;farming;4,99492849100931e+03
3522208;ITAPECERICA DA SERRA;2004;native_vegetation;8,28499442385910e+03
3522208;ITAPECERICA DA SERRA;2004;non_vegetated_other;1,24729431427002e+02
3522208;ITAPECERICA DA SERRA;2004;urban;1,56893832639769e+03
3522208;ITAPECERICA DA SERRA;2004;water;1,01851061297608e+02
3522208;ITAPECERICA DA SERRA;2005;farming;4,93620841495339e+03
3522208;ITAPECERICA DA SERRA;2005;native_vegetation;8,30861081693184e+03
3522208;ITAPECERICA DA SERRA;2005;non_vegetated_other;1,28831010449219e+02
3522208;ITAPECERICA DA SERRA;2005;urban;1,59026505671385e+03
3522208;ITAPECERICA DA SERRA;2005;water;1,11526434942627e+02
3522208;ITAPECERICA DA SERRA;2006;farming;4,90955247822857e+03
3522208;ITAPECERICA DA SERRA;2006;native_vegetation;8,31820827292554e+03
3522208;ITAPECERICA DA SERRA;2006;non_vegetated_other;1,30634393725586e+02
3522208;ITAPECERICA DA SERRA;2006;urban;1,60379911282346e+03
3522208;ITAPECERICA DA SERRA;2006;water;1,13247476287842e+02
3522208;ITAPECERICA DA SERRA;2007;farming;4,95162811544778e+03
3522208;ITAPECERICA DA SERRA;2007;native_vegetation;8,26407365136164e+03
3522208;ITAPECERICA DA SERRA;2007;non_vegetated_other;1,29486450659180e+02
3522208;ITAPECERICA DA SERRA;2007;urban;1,62381224078977e+03
3522208;ITAPECERICA DA SERRA;2007;water;1,06441275732422e+02
3522208;ITAPECERICA DA SERRA;2008;farming;4,92226839399396e+03
3522208;ITAPECERICA DA SERRA;2008;native_vegetation;8,21871242800345e+03
3522208;ITAPECERICA DA SERRA;2008;non_vegetated_other;1,30798831903077e+02
3522208;ITAPECERICA DA SERRA;2008;urban;1,69959930307009e+03
3522208;ITAPECERICA DA SERRA;2008;water;1,04062777020264e+02
3522208;ITAPECERICA DA SERRA;2009;farming;4,88396472866192e+03
3522208;ITAPECERICA DA SERRA;2009;native_vegetation;8,17016036356254e+03
3522208;ITAPECERICA DA SERRA;2009;non_vegetated_other;1,48843966088868e+02
3522208;ITAPECERICA DA SERRA;2009;urban;1,77136297957149e+03
3522208;ITAPECERICA DA SERRA;2009;water;1,01109696105957e+02
3522208;ITAPECERICA DA SERRA;2010;farming;4,74355269484234e+03
3522208;ITAPECERICA DA SERRA;2010;native_vegetation;8,26127903848332e+03
3522208;ITAPECERICA DA SERRA;2010;non_vegetated_other;1,52287931604005e+02
3522208;ITAPECERICA DA SERRA;2010;urban;1,81549085982050e+03
3522208;ITAPECERICA DA SERRA;2010;water;1,02831209240723e+02
3522208;ITAPECERICA DA SERRA;2011;farming;4,71107940976547e+03
3522208;ITAPECERICA DA SERRA;2011;native_vegetation;8,25709142098455e+03
3522208;ITAPECERICA DA SERRA;2011;non_vegetated_other;1,51712352062989e+02
3522208;ITAPECERICA DA SERRA;2011;urban;1,85526871704704e+03
3522208;ITAPECERICA DA SERRA;2011;water;1,00289834130860e+02
3522208;ITAPECERICA DA SERRA;2012;farming;4,65941095530994e+03
3522208;ITAPECERICA DA SERRA;2012;native_vegetation;8,27816677661824e+03
3522208;ITAPECERICA DA SERRA;2012;non_vegetated_other;1,52284278985596e+02
3522208;ITAPECERICA DA SERRA;2012;urban;1,88725801409907e+03
3522208;ITAPECERICA DA SERRA;2012;water;9,83217089782717e+01
3522208;ITAPECERICA DA SERRA;2013;farming;4,55205717483504e+03
3522208;ITAPECERICA DA SERRA;2013;native_vegetation;8,35796223981986e+03
3522208;ITAPECERICA DA SERRA;2013;non_vegetated_other;1,50232451672364e+02
3522208;ITAPECERICA DA SERRA;2013;urban;1,91998420359492e+03
3522208;ITAPECERICA DA SERRA;2013;water;9,52056640686037e+01
3522208;ITAPECERICA DA SERRA;2014;farming;4,52080799544051e+03
3522208;ITAPECERICA DA SERRA;2014;native_vegetation;8,36017453902641e+03
3522208;ITAPECERICA DA SERRA;2014;non_vegetated_other;1,46130489739991e+02
3522208;ITAPECERICA DA SERRA;2014;urban;1,95763291248166e+03
3522208;ITAPECERICA DA SERRA;2014;water;9,06957973022463e+01
3522208;ITAPECERICA DA SERRA;2015;farming;4,52753001973255e+03
3522208;ITAPECERICA DA SERRA;2015;native_vegetation;8,30186558891071e+03
3522208;ITAPECERICA DA SERRA;2015;non_vegetated_other;1,43997933331299e+02
3522208;ITAPECERICA DA SERRA;2015;urban;2,01241906201171e+03
3522208;ITAPECERICA DA SERRA;2015;water;8,96291300048830e+01
3522208;ITAPECERICA DA SERRA;2016;farming;4,49956248784170e+03
3522208;ITAPECERICA DA SERRA;2016;native_vegetation;8,29645136445394e+03
3522208;ITAPECERICA DA SERRA;2016;non_vegetated_other;1,43671193804932e+02
3522208;ITAPECERICA DA SERRA;2016;urban;2,03964946563717e+03
3522208;ITAPECERICA DA SERRA;2016;water;9,61072222534182e+01
3522208;ITAPECERICA DA SERRA;2017;farming;4,44608985741565e+03
3522208;ITAPECERICA DA SERRA;2017;native_vegetation;8,32236275792297e+03
3522208;ITAPECERICA DA SERRA;2017;non_vegetated_other;1,40226882171631e+02
3522208;ITAPECERICA DA SERRA;2017;urban;2,07114676377557e+03
3522208;ITAPECERICA DA SERRA;2017;water;9,56154727050782e+01
3522208;ITAPECERICA DA SERRA;2018;farming;4,41640094309068e+03
3522208;ITAPECERICA DA SERRA;2018;native_vegetation;8,31866772409113e+03
3522208;ITAPECERICA DA SERRA;2018;non_vegetated_other;1,32762014825440e+02
3522208;ITAPECERICA DA SERRA;2018;urban;2,11174972990717e+03
3522208;ITAPECERICA DA SERRA;2018;water;9,58613220764160e+01
3522208;ITAPECERICA DA SERRA;2019;farming;4,36079210357041e+03
3522208;ITAPECERICA DA SERRA;2019;native_vegetation;8,31579521489320e+03
3522208;ITAPECERICA DA SERRA;2019;non_vegetated_other;1,32022895336915e+02
3522208;ITAPECERICA DA SERRA;2019;urban;2,17203618125600e+03
3522208;ITAPECERICA DA SERRA;2019;water;9,47953389343262e+01
3522208;ITAPECERICA DA SERRA;2020;farming;4,34052767576891e+03
3522208;ITAPECERICA DA SERRA;2020;native_vegetation;8,27298110748987e+03
3522208;ITAPECERICA DA SERRA;2020;non_vegetated_other;1,40304689953614e+02
3522208;ITAPECERICA DA SERRA;2020;urban;2,22945746305534e+03
3522208;ITAPECERICA DA SERRA;2020;water;9,21707977233888e+01
3522208;ITAPECERICA DA SERRA;2021;farming;4,34240112949213e+03
3522208;ITAPECERICA DA SERRA;2021;native_vegetation;8,17407602230286e+03
3522208;ITAPECERICA DA SERRA;2021;non_vegetated_other;1,49570893225099e+02
3522208;ITAPECERICA DA SERRA;2021;urban;2,32115904298096e+03
3522208;ITAPECERICA DA SERRA;2021;water;8,82346459899904e+01
3522208;ITAPECERICA DA SERRA;2022;farming;4,23373307459701e+03
3522208;ITAPECERICA DA SERRA;2022;native_vegetation;8,20375879402524e+03
3522208;ITAPECERICA DA SERRA;2022;non_vegetated_other;1,55065388482667e+02
3522208;ITAPECERICA DA SERRA;2022;urban;2,39186115048215e+03
3522208;ITAPECERICA DA SERRA;2022;water;9,10233264038087e+01
3522208;ITAPECERICA DA SERRA;2023;farming;4,27802042287586e+03
3522208;ITAPECERICA DA SERRA;2023;native_vegetation;8,13174869697938e+03
3522208;ITAPECERICA DA SERRA;2023;non_vegetated_other;1,59822556127931e+02
3522208;ITAPECERICA DA SERRA;2023;urban;2,41605823578490e+03
3522208;ITAPECERICA DA SERRA;2023;water;8,97918222229006e+01
3522208;ITAPECERICA DA SERRA;2024;farming;4,22512143359972e+03
3522208;ITAPECERICA DA SERRA;2024;native_vegetation;8,14938158382628e+03
3522208;ITAPECERICA DA SERRA;2024;non_vegetated_other;1,72942400256349e+02
3522208;ITAPECERICA DA SERRA;2024;urban;2,44197685131226e+03
3522208;ITAPECERICA DA SERRA;2024;water;8,60194649963381e+01
3522505;ITAPEVI;1985;farming;4,21101707078857e+03
3522505;ITAPEVI;1985;native_vegetation;2,61771490549312e+03
3522505;ITAPEVI;1985;non_vegetated_other;4,59946989990235e+01
3522505;ITAPEVI;1985;urban;1,34055619664913e+03
3522505;ITAPEVI;1985;water;5,00202679138185e+01
3522505;ITAPEVI;1986;farming;4,20904694102171e+03
3522505;ITAPEVI;1986;native_vegetation;2,60038227850337e+03
3522505;ITAPEVI;1986;non_vegetated_other;3,39217269531251e+01
3522505;ITAPEVI;1986;urban;1,35903600339351e+03
3522505;ITAPEVI;1986;water;6,29161899719246e+01
3522505;ITAPEVI;1987;farming;4,23853442294303e+03
3522505;ITAPEVI;1987;native_vegetation;2,57467392495113e+03
3522505;ITAPEVI;1987;non_vegetated_other;2,95689286743165e+01
3522505;ITAPEVI;1987;urban;1,36577048778682e+03
3522505;ITAPEVI;1987;water;5,67553754882820e+01
3522505;ITAPEVI;1988;farming;4,22703791592398e+03
3522505;ITAPEVI;1988;native_vegetation;2,54173625025021e+03
3522505;ITAPEVI;1988;non_vegetated_other;4,07409347961428e+01
3522505;ITAPEVI;1988;urban;1,40223601135252e+03
3522505;ITAPEVI;1988;water;5,35520275207524e+01
3522505;ITAPEVI;1989;farming;4,17250672194823e+03
3522505;ITAPEVI;1989;native_vegetation;2,55626929761959e+03
3522505;ITAPEVI;1989;non_vegetated_other;4,17269650329592e+01
3522505;ITAPEVI;1989;urban;1,44412217669067e+03
3522505;ITAPEVI;1989;water;5,06779785522462e+01
3522505;ITAPEVI;1990;farming;4,03346940042110e+03
3522505;ITAPEVI;1990;native_vegetation;2,64496307781370e+03
3522505;ITAPEVI;1990;non_vegetated_other;3,53208889770510e+01
3522505;ITAPEVI;1990;urban;1,50079023674316e+03
3522505;ITAPEVI;1990;water;5,07595358886720e+01
3522505;ITAPEVI;1991;farming;3,94913107035517e+03
3522505;ITAPEVI;1991;native_vegetation;2,69538391192012e+03
3522505;ITAPEVI;1991;non_vegetated_other;2,92427797424317e+01
3522505;ITAPEVI;1991;urban;1,53643270466309e+03
3522505;ITAPEVI;1991;water;5,51126731628423e+01
3522505;ITAPEVI;1992;farming;3,90675378148188e+03
3522505;ITAPEVI;1992;native_vegetation;2,69940558912960e+03
3522505;ITAPEVI;1992;non_vegetated_other;2,94889471252442e+01
3522505;ITAPEVI;1992;urban;1,57380316908569e+03
3522505;ITAPEVI;1992;water;5,58516530212408e+01
3522505;ITAPEVI;1993;farming;3,78150993166499e+03
3522505;ITAPEVI;1993;native_vegetation;2,78580274899897e+03
3522505;ITAPEVI;1993;non_vegetated_other;2,73528763671875e+01
3522505;ITAPEVI;1993;urban;1,61692074223021e+03
3522505;ITAPEVI;1993;water;5,37168405822758e+01
3522505;ITAPEVI;1994;farming;3,69585481261589e+03
3522505;ITAPEVI;1994;native_vegetation;2,81273679780269e+03
3522505;ITAPEVI;1994;non_vegetated_other;2,41491550964355e+01
3522505;ITAPEVI;1994;urban;1,68032377543330e+03
3522505;ITAPEVI;1994;water;5,22385988952639e+01
3522505;ITAPEVI;1995;farming;3,65758822574459e+03
3522505;ITAPEVI;1995;native_vegetation;2,81067978619992e+03
3522505;ITAPEVI;1995;non_vegetated_other;2,17667778381348e+01
3522505;ITAPEVI;1995;urban;1,72368692421255e+03
3522505;ITAPEVI;1995;water;5,15814258483889e+01
3522505;ITAPEVI;1996;farming;3,58367175420529e+03
3522505;ITAPEVI;1996;native_vegetation;2,79236779046018e+03
3522505;ITAPEVI;1996;non_vegetated_other;2,00419617004395e+01
3522505;ITAPEVI;1996;urban;1,82265113939198e+03
3522505;ITAPEVI;1996;water;4,65704940856935e+01
3522505;ITAPEVI;1997;farming;3,46844308021844e+03
3522505;ITAPEVI;1997;native_vegetation;2,80526185885618e+03
3522505;ITAPEVI;1997;non_vegetated_other;1,62631532409668e+01
3522505;ITAPEVI;1997;urban;1,93221421383056e+03
3522505;ITAPEVI;1997;water;4,31208336975098e+01
3522505;ITAPEVI;1998;farming;3,41801467545165e+03
3522505;ITAPEVI;1998;native_vegetation;2,81741751414183e+03
3522505;ITAPEVI;1998;non_vegetated_other;1,74133057067871e+01
3522505;ITAPEVI;1998;urban;1,96744787926631e+03
3522505;ITAPEVI;1998;water;4,50097652770997e+01
3522505;ITAPEVI;1999;farming;3,33727735057979e+03
3522505;ITAPEVI;1999;native_vegetation;2,80805297544554e+03
3522505;ITAPEVI;1999;non_vegetated_other;1,93838113159180e+01
3522505;ITAPEVI;1999;urban;2,05812557017208e+03
3522505;ITAPEVI;1999;water;4,24634323303223e+01
3522505;ITAPEVI;2000;farming;3,30040082053211e+03
3522505;ITAPEVI;2000;native_vegetation;2,81667946611937e+03
3522505;ITAPEVI;2000;non_vegetated_other;2,00410612670898e+01
3522505;ITAPEVI;2000;urban;2,09992781734005e+03
3522505;ITAPEVI;2000;water;2,82539745849609e+01
3522505;ITAPEVI;2001;farming;3,29580086944569e+03
3522505;ITAPEVI;2001;native_vegetation;2,80518129909055e+03
3522505;ITAPEVI;2001;non_vegetated_other;2,09445781250000e+01
3522505;ITAPEVI;2001;urban;2,11594379497678e+03
3522505;ITAPEVI;2001;water;2,74325982055664e+01
3522505;ITAPEVI;2002;farming;3,32700836680285e+03
3522505;ITAPEVI;2002;native_vegetation;2,76034080098263e+03
3522505;ITAPEVI;2002;non_vegetated_other;1,93016796630859e+01
3522505;ITAPEVI;2002;urban;2,13269803020629e+03
3522505;ITAPEVI;2002;water;2,59542621887207e+01
3522505;ITAPEVI;2003;farming;3,30515620258777e+03
3522505;ITAPEVI;2003;native_vegetation;2,75352728599850e+03
3522505;ITAPEVI;2003;non_vegetated_other;2,08624960693360e+01
3522505;ITAPEVI;2003;urban;2,16259556730958e+03
3522505;ITAPEVI;2003;water;2,31615878784180e+01
3522505;ITAPEVI;2004;farming;3,32855556044299e+03
3522505;ITAPEVI;2004;native_vegetation;2,70326916838984e+03
3522505;ITAPEVI;2004;non_vegetated_other;2,10272460754395e+01
3522505;ITAPEVI;2004;urban;2,18953616116335e+03
3522505;ITAPEVI;2004;water;2,29150037719726e+01
3522505;ITAPEVI;2005;farming;3,30137018109120e+03
3522505;ITAPEVI;2005;native_vegetation;2,70425181290888e+03
3522505;ITAPEVI;2005;non_vegetated_other;2,37381826477051e+01
3522505;ITAPEVI;2005;urban;2,21081000283206e+03
3522505;ITAPEVI;2005;water;2,51329603637695e+01
3522505;ITAPEVI;2006;farming;3,23755986530755e+03
3522505;ITAPEVI;2006;native_vegetation;2,75524869550779e+03
3522505;ITAPEVI;2006;non_vegetated_other;2,34921097717286e+01
3522505;ITAPEVI;2006;urban;2,22395161337894e+03
3522505;ITAPEVI;2006;water;2,50508558776855e+01
3522505;ITAPEVI;2007;farming;3,21768304633171e+03
3522505;ITAPEVI;2007;native_vegetation;2,76428367072142e+03
3522505;ITAPEVI;2007;non_vegetated_other;2,48884882995606e+01
3522505;ITAPEVI;2007;urban;2,23430084576419e+03
3522505;ITAPEVI;2007;water;2,41470887268066e+01
3522505;ITAPEVI;2008;farming;3,19263047011099e+03
3522505;ITAPEVI;2008;native_vegetation;2,75672501666259e+03
3522505;ITAPEVI;2008;non_vegetated_other;2,33278708862305e+01
3522505;ITAPEVI;2008;urban;2,26871895358889e+03
3522505;ITAPEVI;2008;water;2,39008285949707e+01
3522505;ITAPEVI;2009;farming;3,17275858831167e+03
3522505;ITAPEVI;2009;native_vegetation;2,75951314616699e+03
3522505;ITAPEVI;2009;non_vegetated_other;2,33280032104493e+01
3522505;ITAPEVI;2009;urban;2,28621330939943e+03
3522505;ITAPEVI;2009;water;2,34900927551269e+01
3522505;ITAPEVI;2010;farming;3,12183483598010e+03
3522505;ITAPEVI;2010;native_vegetation;2,77618650780639e+03
3522505;ITAPEVI;2010;non_vegetated_other;2,28351304138184e+01
3522505;ITAPEVI;2010;urban;2,32284556935424e+03
3522505;ITAPEVI;2010;water;2,16010962890625e+01
3522505;ITAPEVI;2011;farming;3,08413827396839e+03
3522505;ITAPEVI;2011;native_vegetation;2,79261150069578e+03
3522505;ITAPEVI;2011;non_vegetated_other;2,18493554077149e+01
3522505;ITAPEVI;2011;urban;2,34518511943966e+03
3522505;ITAPEVI;2011;water;2,15188903320312e+01
3522505;ITAPEVI;2012;farming;3,02681253880606e+03
3522505;ITAPEVI;2012;native_vegetation;2,82882873865353e+03
3522505;ITAPEVI;2012;non_vegetated_other;2,25884951110840e+01
3522505;ITAPEVI;2012;urban;2,36736183825069e+03
3522505;ITAPEVI;2012;water;1,97115290222168e+01
3522505;ITAPEVI;2013;farming;2,97687954595940e+03
3522505;ITAPEVI;2013;native_vegetation;2,83671345456538e+03
3522505;ITAPEVI;2013;non_vegetated_other;2,06989598205567e+01
3522505;ITAPEVI;2013;urban;2,41442075519399e+03
3522505;ITAPEVI;2013;water;1,65904243041992e+01
3522505;ITAPEVI;2014;farming;2,91667954729610e+03
3522505;ITAPEVI;2014;native_vegetation;2,86496473338620e+03
3522505;ITAPEVI;2014;non_vegetated_other;2,12740529357911e+01
3522505;ITAPEVI;2014;urban;2,44505488204943e+03
3522505;ITAPEVI;2014;water;1,73299241760254e+01
3522505;ITAPEVI;2015;farming;2,89672435533438e+03
3522505;ITAPEVI;2015;native_vegetation;2,86504495495602e+03
3522505;ITAPEVI;2015;non_vegetated_other;1,83995659057618e+01
3522505;ITAPEVI;2015;urban;2,47043300610950e+03
3522505;ITAPEVI;2015;water;1,47012575378418e+01
3522505;ITAPEVI;2016;farming;2,83150865003040e+03
3522505;ITAPEVI;2016;native_vegetation;2,87531244292601e+03
3522505;ITAPEVI;2016;non_vegetated_other;2,62037914306641e+01
3522505;ITAPEVI;2016;urban;2,51954864774159e+03
3522505;ITAPEVI;2016;water;1,27296077148438e+01
3522505;ITAPEVI;2017;farming;2,79824324558706e+03
3522505;ITAPEVI;2017;native_vegetation;2,88270485510864e+03
3522505;ITAPEVI;2017;non_vegetated_other;2,66967859924317e+01
3522505;ITAPEVI;2017;urban;2,54632487894277e+03
3522505;ITAPEVI;2017;water;1,13333742126465e+01
3522505;ITAPEVI;2018;farming;2,77155110132441e+03
3522505;ITAPEVI;2018;native_vegetation;2,88377205392456e+03
3522505;ITAPEVI;2018;non_vegetated_other;2,52181955200196e+01
3522505;ITAPEVI;2018;urban;2,57400316317128e+03
3522505;ITAPEVI;2018;water;1,07586259033203e+01
3522505;ITAPEVI;2019;farming;2,71849227729484e+03
3522505;ITAPEVI;2019;native_vegetation;2,88615244384155e+03
3522505;ITAPEVI;2019;non_vegetated_other;2,69430686889649e+01
3522505;ITAPEVI;2019;urban;2,62205315616440e+03
3522505;ITAPEVI;2019;water;1,16621938537598e+01
3522505;ITAPEVI;2020;farming;2,64506733092644e+03
3522505;ITAPEVI;2020;native_vegetation;2,87654336542358e+03
3522505;ITAPEVI;2020;non_vegetated_other;3,44180089904786e+01
3522505;ITAPEVI;2020;urban;2,69522989836416e+03
3522505;ITAPEVI;2020;water;1,40445361389160e+01
3522505;ITAPEVI;2021;farming;2,61254207844232e+03
3522505;ITAPEVI;2021;native_vegetation;2,87260494824828e+03
3522505;ITAPEVI;2021;non_vegetated_other;3,28568835083009e+01
3522505;ITAPEVI;2021;urban;2,73407611763302e+03
3522505;ITAPEVI;2021;water;1,32231120117188e+01
3522505;ITAPEVI;2022;farming;2,58313670969844e+03
3522505;ITAPEVI;2022;native_vegetation;2,87564745708615e+03
3522505;ITAPEVI;2022;non_vegetated_other;3,52383454406739e+01
3522505;ITAPEVI;2022;urban;2,75649675634153e+03
3522505;ITAPEVI;2022;water;1,47838712768555e+01
3522505;ITAPEVI;2023;farming;2,58650030752555e+03
3522505;ITAPEVI;2023;native_vegetation;2,86398878312985e+03
3522505;ITAPEVI;2023;non_vegetated_other;3,53204287536622e+01
3522505;ITAPEVI;2023;urban;2,76356006171874e+03
3522505;ITAPEVI;2023;water;1,59335587158203e+01
3522505;ITAPEVI;2024;farming;2,56793826953116e+03
3522505;ITAPEVI;2024;native_vegetation;2,87343274110715e+03
3522505;ITAPEVI;2024;non_vegetated_other;3,45809282104493e+01
3522505;ITAPEVI;2024;urban;2,77349959906005e+03
3522505;ITAPEVI;2024;water;1,58516019348145e+01
3523107;ITAQUAQUECETUBA;1985;farming;4,03932207117315e+03
3523107;ITAQUAQUECETUBA;1985;native_vegetation;1,18716512817992e+03
3523107;ITAQUAQUECETUBA;1985;non_vegetated_other;1,91718433294675e+02
3523107;ITAQUAQUECETUBA;1985;urban;2,70196466711412e+03
3523107;ITAQUAQUECETUBA;1985;water;1,41500706884765e+02
3523107;ITAQUAQUECETUBA;1986;farming;3,93946895036630e+03
3523107;ITAQUAQUECETUBA;1986;native_vegetation;1,14566395333861e+03
3523107;ITAQUAQUECETUBA;1986;non_vegetated_other;1,72980421160886e+02
3523107;ITAQUAQUECETUBA;1986;urban;2,82450504935285e+03
3523107;ITAQUAQUECETUBA;1986;water;1,79052632427975e+02
3523107;ITAQUAQUECETUBA;1987;farming;3,96412572277836e+03
3523107;ITAQUAQUECETUBA;1987;native_vegetation;1,06389188788451e+03
3523107;ITAQUAQUECETUBA;1987;non_vegetated_other;1,70021558911131e+02
3523107;ITAQUAQUECETUBA;1987;urban;2,87734806903059e+03
3523107;ITAQUAQUECETUBA;1987;water;1,86283768041988e+02
3523107;ITAQUAQUECETUBA;1988;farming;3,88654719319463e+03
3523107;ITAQUAQUECETUBA;1988;native_vegetation;1,00069030155028e+03
3523107;ITAQUAQUECETUBA;1988;non_vegetated_other;1,66569749005125e+02
3523107;ITAQUAQUECETUBA;1988;urban;3,03637083580918e+03
3523107;ITAQUAQUECETUBA;1988;water;1,71492927087399e+02
3523107;ITAQUAQUECETUBA;1989;farming;3,74148680717166e+03
3523107;ITAQUAQUECETUBA;1989;native_vegetation;9,85566437860088e+02
3523107;ITAQUAQUECETUBA;1989;non_vegetated_other;1,66241961553953e+02
3523107;ITAQUAQUECETUBA;1989;urban;3,18874805021350e+03
3523107;ITAQUAQUECETUBA;1989;water;1,79627749847408e+02
3523107;ITAQUAQUECETUBA;1990;farming;3,67441893445437e+03
3523107;ITAQUAQUECETUBA;1990;native_vegetation;9,86557884259013e+02
3523107;ITAQUAQUECETUBA;1990;non_vegetated_other;1,62790681915282e+02
3523107;ITAQUAQUECETUBA;1990;urban;3,25482422265614e+03
3523107;ITAQUAQUECETUBA;1990;water;1,83079283361813e+02
3523107;ITAQUAQUECETUBA;1991;farming;3,58409786863402e+03
3523107;ITAQUAQUECETUBA;1991;native_vegetation;9,68148904510481e+02
3523107;ITAQUAQUECETUBA;1991;non_vegetated_other;1,50381978692626e+02
3523107;ITAQUAQUECETUBA;1991;urban;3,36355449391472e+03
3523107;ITAQUAQUECETUBA;1991;water;1,95487760894771e+02
3523107;ITAQUAQUECETUBA;1992;farming;3,46090154619748e+03
3523107;ITAQUAQUECETUBA;1992;native_vegetation;9,24591104132063e+02
3523107;ITAQUAQUECETUBA;1992;non_vegetated_other;1,52519417852783e+02
3523107;ITAQUAQUECETUBA;1992;urban;3,53071821370234e+03
3523107;ITAQUAQUECETUBA;1992;water;1,92940724761959e+02
3523107;ITAQUAQUECETUBA;1993;farming;3,39959960039054e+03
3523107;ITAQUAQUECETUBA;1993;native_vegetation;8,60893992712382e+02
3523107;ITAQUAQUECETUBA;1993;non_vegetated_other;1,43480635760498e+02
3523107;ITAQUAQUECETUBA;1993;urban;3,65892199597161e+03
3523107;ITAQUAQUECETUBA;1993;water;1,98774781811519e+02
3523107;ITAQUAQUECETUBA;1994;farming;3,48343489177238e+03
3523107;ITAQUAQUECETUBA;1994;native_vegetation;6,98410726190163e+02
3523107;ITAQUAQUECETUBA;1994;non_vegetated_other;1,38551028039551e+02
3523107;ITAQUAQUECETUBA;1994;urban;3,76460339835808e+03
3523107;ITAQUAQUECETUBA;1994;water;1,76670962286374e+02
3523107;ITAQUAQUECETUBA;1995;farming;3,36295159496449e+03
3523107;ITAQUAQUECETUBA;1995;native_vegetation;6,66196583142076e+02
3523107;ITAQUAQUECETUBA;1995;non_vegetated_other;1,33702193206788e+02
3523107;ITAQUAQUECETUBA;1995;urban;3,91138561349478e+03
3523107;ITAQUAQUECETUBA;1995;water;1,87435021838375e+02
3523107;ITAQUAQUECETUBA;1996;farming;3,27411883496081e+03
3523107;ITAQUAQUECETUBA;1996;native_vegetation;6,18611471380610e+02
3523107;ITAQUAQUECETUBA;1996;non_vegetated_other;1,32715736395264e+02
3523107;ITAQUAQUECETUBA;1996;urban;4,03408262313220e+03
3523107;ITAQUAQUECETUBA;1996;water;2,02142340777583e+02
3523107;ITAQUAQUECETUBA;1997;farming;3,22046003247064e+03
3523107;ITAQUAQUECETUBA;1997;native_vegetation;6,07597614837643e+02
3523107;ITAQUAQUECETUBA;1997;non_vegetated_other;1,26387825036622e+02
3523107;ITAQUAQUECETUBA;1997;urban;4,10853423816512e+03
3523107;ITAQUAQUECETUBA;1997;water;1,98691296136470e+02
3523107;ITAQUAQUECETUBA;1998;farming;3,08658227232053e+03
3523107;ITAQUAQUECETUBA;1998;native_vegetation;7,24212840759269e+02
3523107;ITAQUAQUECETUBA;1998;non_vegetated_other;1,18827880804445e+02
3523107;ITAQUAQUECETUBA;1998;urban;4,14518964003886e+03
3523107;ITAQUAQUECETUBA;1998;water;1,86858372723385e+02
3523107;ITAQUAQUECETUBA;1999;farming;2,99922644334720e+03
3523107;ITAQUAQUECETUBA;1999;native_vegetation;7,85843580395493e+02
3523107;ITAQUAQUECETUBA;1999;non_vegetated_other;1,18089217510988e+02
3523107;ITAQUAQUECETUBA;1999;urban;4,17444756654642e+03
3523107;ITAQUAQUECETUBA;1999;water;1,84064198846432e+02
3523107;ITAQUAQUECETUBA;2000;farming;2,99174214790043e+03
3523107;ITAQUAQUECETUBA;2000;native_vegetation;8,09346562640368e+02
3523107;ITAQUAQUECETUBA;2000;non_vegetated_other;1,19323124566652e+02
3523107;ITAQUAQUECETUBA;2000;urban;4,19096760470562e+03
3523107;ITAQUAQUECETUBA;2000;water;1,50291566833494e+02
3523107;ITAQUAQUECETUBA;2001;farming;2,95927858822030e+03
3523107;ITAQUAQUECETUBA;2001;native_vegetation;8,09181182159411e+02
3523107;ITAQUAQUECETUBA;2001;non_vegetated_other;1,20227741229250e+02
3523107;ITAQUAQUECETUBA;2001;urban;4,22606093789041e+03
3523107;ITAQUAQUECETUBA;2001;water;1,46922557147215e+02
3523107;ITAQUAQUECETUBA;2002;farming;2,93289164275519e+03
3523107;ITAQUAQUECETUBA;2002;native_vegetation;7,96937835034168e+02
3523107;ITAQUAQUECETUBA;2002;non_vegetated_other;1,22035569329836e+02
3523107;ITAQUAQUECETUBA;2002;urban;4,27044283504007e+03
3523107;ITAQUAQUECETUBA;2002;water;1,39363124487303e+02
3523107;ITAQUAQUECETUBA;2003;farming;2,89566508613285e+03
3523107;ITAQUAQUECETUBA;2003;native_vegetation;7,90197528540024e+02
3523107;ITAQUAQUECETUBA;2003;non_vegetated_other;1,22199923474123e+02
3523107;ITAQUAQUECETUBA;2003;urban;4,33109066608860e+03
3523107;ITAQUAQUECETUBA;2003;water;1,22517802410888e+02
3523107;ITAQUAQUECETUBA;2004;farming;2,91431726070561e+03
3523107;ITAQUAQUECETUBA;2004;native_vegetation;7,60530632171618e+02
3523107;ITAQUAQUECETUBA;2004;non_vegetated_other;1,17433715960695e+02
3523107;ITAQUAQUECETUBA;2004;urban;4,35418415780006e+03
3523107;ITAQUAQUECETUBA;2004;water;1,15205240008545e+02
3523107;ITAQUAQUECETUBA;2005;farming;2,89500400670782e+03
3523107;ITAQUAQUECETUBA;2005;native_vegetation;7,61927928442367e+02
3523107;ITAQUAQUECETUBA;2005;non_vegetated_other;1,18995391815187e+02
3523107;ITAQUAQUECETUBA;2005;urban;4,36766237896703e+03
3523107;ITAQUAQUECETUBA;2005;water;1,18081300714111e+02
3523107;ITAQUAQUECETUBA;2006;farming;2,85933621839602e+03
3523107;ITAQUAQUECETUBA;2006;native_vegetation;7,46312006884752e+02
3523107;ITAQUAQUECETUBA;2006;non_vegetated_other;1,17269626959230e+02
3523107;ITAQUAQUECETUBA;2006;urban;4,41163313342873e+03
3523107;ITAQUAQUECETUBA;2006;water;1,27120020977783e+02
3523107;ITAQUAQUECETUBA;2007;farming;2,81126104149785e+03
3523107;ITAQUAQUECETUBA;2007;native_vegetation;7,54693136761461e+02
3523107;ITAQUAQUECETUBA;2007;non_vegetated_other;1,20885878674318e+02
3523107;ITAQUAQUECETUBA;2007;urban;4,44302724373146e+03
3523107;ITAQUAQUECETUBA;2007;water;1,31803705981444e+02
3523107;ITAQUAQUECETUBA;2008;farming;2,78981086787115e+03
3523107;ITAQUAQUECETUBA;2008;native_vegetation;7,57649866381824e+02
3523107;ITAQUAQUECETUBA;2008;non_vegetated_other;1,25734810223391e+02
3523107;ITAQUAQUECETUBA;2008;urban;4,46373856921364e+03
3523107;ITAQUAQUECETUBA;2008;water;1,24736892956543e+02
3523107;ITAQUAQUECETUBA;2009;farming;2,73894300369876e+03
3523107;ITAQUAQUECETUBA;2009;native_vegetation;7,75070914233386e+02
3523107;ITAQUAQUECETUBA;2009;non_vegetated_other;1,25405968231203e+02
3523107;ITAQUAQUECETUBA;2009;urban;4,49192652199079e+03
3523107;ITAQUAQUECETUBA;2009;water;1,30324598492431e+02
3523107;ITAQUAQUECETUBA;2010;farming;2,62923585736690e+03
3523107;ITAQUAQUECETUBA;2010;native_vegetation;8,28565717694074e+02
3523107;ITAQUAQUECETUBA;2010;non_vegetated_other;1,33211873382570e+02
3523107;ITAQUAQUECETUBA;2010;urban;4,53910019551372e+03
3523107;ITAQUAQUECETUBA;2010;water;1,31557362689208e+02
3523107;ITAQUAQUECETUBA;2011;farming;2,51532682587267e+03
3523107;ITAQUAQUECETUBA;2011;native_vegetation;8,32591779370100e+02
3523107;ITAQUAQUECETUBA;2011;non_vegetated_other;1,37238330529787e+02
3523107;ITAQUAQUECETUBA;2011;urban;4,64955850256937e+03
3523107;ITAQUAQUECETUBA;2011;water;1,26955568304443e+02
3523107;ITAQUAQUECETUBA;2012;farming;2,49042776262190e+03
3523107;ITAQUAQUECETUBA;2012;native_vegetation;7,93800891406235e+02
3523107;ITAQUAQUECETUBA;2012;non_vegetated_other;1,32964811700441e+02
3523107;ITAQUAQUECETUBA;2012;urban;4,72730024819927e+03
3523107;ITAQUAQUECETUBA;2012;water;1,17177292718506e+02
3523107;ITAQUAQUECETUBA;2013;farming;2,40216988673086e+03
3523107;ITAQUAQUECETUBA;2013;native_vegetation;7,83198388458237e+02
3523107;ITAQUAQUECETUBA;2013;non_vegetated_other;1,30992783801271e+02
3523107;ITAQUAQUECETUBA;2013;urban;4,83273517548818e+03
3523107;ITAQUAQUECETUBA;2013;water;1,12574772167969e+02
3523107;ITAQUAQUECETUBA;2014;farming;2,33921508975215e+03
3523107;ITAQUAQUECETUBA;2014;native_vegetation;7,69308258483873e+02
3523107;ITAQUAQUECETUBA;2014;non_vegetated_other;1,16939234777834e+02
3523107;ITAQUAQUECETUBA;2014;urban;4,92782472947985e+03
3523107;ITAQUAQUECETUBA;2014;water;1,08383694152832e+02
3523107;ITAQUAQUECETUBA;2015;farming;2,29540945791013e+03
3523107;ITAQUAQUECETUBA;2015;native_vegetation;7,62488136682115e+02
3523107;ITAQUAQUECETUBA;2015;non_vegetated_other;1,12254638775636e+02
3523107;ITAQUAQUECETUBA;2015;urban;4,98025934531240e+03
3523107;ITAQUAQUECETUBA;2015;water;1,11259427966309e+02
3523107;ITAQUAQUECETUBA;2016;farming;2,23525164242553e+03
3523107;ITAQUAQUECETUBA;2016;native_vegetation;7,78432526715073e+02
3523107;ITAQUAQUECETUBA;2016;non_vegetated_other;1,07077358380129e+02
3523107;ITAQUAQUECETUBA;2016;urban;5,01962565607292e+03
3523107;ITAQUAQUECETUBA;2016;water;1,21283823052978e+02
3523107;ITAQUAQUECETUBA;2017;farming;2,17714543460692e+03
3523107;ITAQUAQUECETUBA;2017;native_vegetation;7,93225029278547e+02
3523107;ITAQUAQUECETUBA;2017;non_vegetated_other;1,02474971685792e+02
3523107;ITAQUAQUECETUBA;2017;urban;5,07165024788806e+03
3523107;ITAQUAQUECETUBA;2017;water;1,17175323187256e+02
3523107;ITAQUAQUECETUBA;2018;farming;2,16867735877074e+03
3523107;ITAQUAQUECETUBA;2018;native_vegetation;7,93306631298811e+02
3523107;ITAQUAQUECETUBA;2018;non_vegetated_other;9,30246305053722e+01
3523107;ITAQUAQUECETUBA;2018;urban;5,09844305638416e+03
3523107;ITAQUAQUECETUBA;2018;water;1,08219329687500e+02
3523107;ITAQUAQUECETUBA;2019;farming;2,13366859323729e+03
3523107;ITAQUAQUECETUBA;2019;native_vegetation;8,12536216632064e+02
3523107;ITAQUAQUECETUBA;2019;non_vegetated_other;8,73551376953134e+01
3523107;ITAQUAQUECETUBA;2019;urban;5,11052457724598e+03
3523107;ITAQUAQUECETUBA;2019;water;1,17586481835937e+02
3523107;ITAQUAQUECETUBA;2020;farming;2,08115375424190e+03
3523107;ITAQUAQUECETUBA;2020;native_vegetation;8,27656580395490e+02
3523107;ITAQUAQUECETUBA;2020;non_vegetated_other;8,13555052490243e+01
3523107;ITAQUAQUECETUBA;2020;urban;5,15605531930533e+03
3523107;ITAQUAQUECETUBA;2020;water;1,15449847454834e+02
3523107;ITAQUAQUECETUBA;2021;farming;2,04564793369136e+03
3523107;ITAQUAQUECETUBA;2021;native_vegetation;8,34971225109844e+02
3523107;ITAQUAQUECETUBA;2021;non_vegetated_other;8,29988985168466e+01
3523107;ITAQUAQUECETUBA;2021;urban;5,19492811655880e+03
3523107;ITAQUAQUECETUBA;2021;water;1,03124832769776e+02
3523107;ITAQUAQUECETUBA;2022;farming;1,95934846731558e+03
3523107;ITAQUAQUECETUBA;2022;native_vegetation;8,79918591357397e+02
3523107;ITAQUAQUECETUBA;2022;non_vegetated_other;8,40667234069833e+01
3523107;ITAQUAQUECETUBA;2022;urban;5,27514608505848e+03
3523107;ITAQUAQUECETUBA;2022;water;6,31911395080571e+01
3523107;ITAQUAQUECETUBA;2023;farming;1,93666745384511e+03
3523107;ITAQUAQUECETUBA;2023;native_vegetation;8,78440096325657e+02
3523107;ITAQUAQUECETUBA;2023;non_vegetated_other;8,86690867126474e+01
3523107;ITAQUAQUECETUBA;2023;urban;5,28525484638048e+03
3523107;ITAQUAQUECETUBA;2023;water;7,26395233825688e+01
3523107;ITAQUAQUECETUBA;2024;farming;1,88029073364858e+03
3523107;ITAQUAQUECETUBA;2024;native_vegetation;8,67433024713107e+02
3523107;ITAQUAQUECETUBA;2024;non_vegetated_other;9,76261924621593e+01
3523107;ITAQUAQUECETUBA;2024;urban;5,31615553178084e+03
3523107;ITAQUAQUECETUBA;2024;water;1,00165524041748e+02
3525003;JANDIRA;1985;farming;7,04978003247072e+02
3525003;JANDIRA;1985;native_vegetation;2,50729551184082e+02
3525003;JANDIRA;1985;non_vegetated_other;1,24014962646484e+01
3525003;JANDIRA;1985;urban;7,68957327514637e+02
3525003;JANDIRA;1985;water;9,52652790527344e+00
3525003;JANDIRA;1986;farming;7,10070128607184e+02
3525003;JANDIRA;1986;native_vegetation;2,49415293688965e+02
3525003;JANDIRA;1986;non_vegetated_other;6,40607328491211e+00
3525003;JANDIRA;1986;urban;7,71996235467519e+02
3525003;JANDIRA;1986;water;8,70517506713868e+00
3525003;JANDIRA;1987;farming;7,16558491601568e+02
3525003;JANDIRA;1987;native_vegetation;2,43091105187988e+02
3525003;JANDIRA;1987;non_vegetated_other;4,59929835205078e+00
3525003;JANDIRA;1987;urban;7,73310369439687e+02
3525003;JANDIRA;1987;water;9,03364153442383e+00
3525003;JANDIRA;1988;farming;7,12533663293461e+02
3525003;JANDIRA;1988;native_vegetation;2,42351926550293e+02
3525003;JANDIRA;1988;non_vegetated_other;3,28519924316406e+00
3525003;JANDIRA;1988;urban;7,79552727496330e+02
3525003;JANDIRA;1988;water;8,86938953247071e+00
3525003;JANDIRA;1989;farming;7,02102888415529e+02
3525003;JANDIRA;1989;native_vegetation;2,43337440368653e+02
3525003;JANDIRA;1989;non_vegetated_other;2,95658815917969e+00
3525003;JANDIRA;1989;urban;7,89737213439935e+02
3525003;JANDIRA;1989;water;8,45877573242188e+00
3525003;JANDIRA;1990;farming;6,86909336541748e+02
3525003;JANDIRA;1990;native_vegetation;2,46457847070313e+02
3525003;JANDIRA;1990;non_vegetated_other;2,87442374877930e+00
3525003;JANDIRA;1990;urban;8,01235362011711e+02
3525003;JANDIRA;1990;water;9,11593674316407e+00
3525003;JANDIRA;1991;farming;6,43871532067872e+02
3525003;JANDIRA;1991;native_vegetation;2,60584193316650e+02
3525003;JANDIRA;1991;non_vegetated_other;9,85486474609375e-01
3525003;JANDIRA;1991;urban;8,32117896270752e+02
3525003;JANDIRA;1991;water;9,03379798583985e+00
3525003;JANDIRA;1992;farming;6,37054268652346e+02
3525003;JANDIRA;1992;native_vegetation;2,58531075793457e+02
3525003;JANDIRA;1992;non_vegetated_other;1,06760646972656e+00
3525003;JANDIRA;1992;urban;8,40741904553222e+02
3525003;JANDIRA;1992;water;9,19805064697266e+00
3525003;JANDIRA;1993;farming;6,18410655010988e+02
3525003;JANDIRA;1993;native_vegetation;2,68058017938232e+02
3525003;JANDIRA;1993;non_vegetated_other;9,85463439941406e-01
3525003;JANDIRA;1993;urban;8,49612249804686e+02
3525003;JANDIRA;1993;water;9,52651992187501e+00
3525003;JANDIRA;1994;farming;5,99604608471682e+02
3525003;JANDIRA;1994;native_vegetation;2,80786328833007e+02
3525003;JANDIRA;1994;non_vegetated_other;8,21219177246094e-01
3525003;JANDIRA;1994;urban;8,56346945220945e+02
3525003;JANDIRA;1994;water;9,03380441284180e+00
3525003;JANDIRA;1995;farming;5,90571796838382e+02
3525003;JANDIRA;1995;native_vegetation;2,75199191674803e+02
3525003;JANDIRA;1995;non_vegetated_other;6,56975079345703e-01
3525003;JANDIRA;1995;urban;8,73595010711654e+02
3525003;JANDIRA;1995;water;6,56993181152344e+00
3525003;JANDIRA;1996;farming;5,81867421411137e+02
3525003;JANDIRA;1996;native_vegetation;2,71584022296141e+02
3525003;JANDIRA;1996;non_vegetated_other;6,56975079345703e-01
3525003;JANDIRA;1996;urban;8,86325184765620e+02
3525003;JANDIRA;1996;water;6,15930256347656e+00
3525003;JANDIRA;1997;farming;5,71929669018559e+02
3525003;JANDIRA;1997;native_vegetation;2,71419870080565e+02
3525003;JANDIRA;1997;non_vegetated_other;8,21199951171875e-02
3525003;JANDIRA;1997;urban;8,95523633325194e+02
3525003;JANDIRA;1997;water;7,63761369628906e+00
3525003;JANDIRA;1998;farming;5,50330564215089e+02
3525003;JANDIRA;1998;native_vegetation;2,72568912426757e+02
3525003;JANDIRA;1998;non_vegetated_other;8,21199951171875e-02
3525003;JANDIRA;1998;urban;9,17451995715332e+02
3525003;JANDIRA;1998;water;6,15931376342773e+00
3525003;JANDIRA;1999;farming;4,78136253845218e+02
3525003;JANDIRA;1999;native_vegetation;2,78892657165526e+02
3525003;JANDIRA;1999;non_vegetated_other;1,31395163574219e+00
3525003;JANDIRA;1999;urban;9,83569005285646e+02
3525003;JANDIRA;1999;water;4,68103818359375e+00
3525003;JANDIRA;2000;farming;4,78710800933840e+02
3525003;JANDIRA;2000;native_vegetation;2,70926285034179e+02
3525003;JANDIRA;2000;non_vegetated_other;1,31395163574219e+00
3525003;JANDIRA;2000;urban;9,91699896777350e+02
3525003;JANDIRA;2000;water;3,94197173461914e+00
3525003;JANDIRA;2001;farming;4,62532437603762e+02
3525003;JANDIRA;2001;native_vegetation;2,74457457342528e+02
3525003;JANDIRA;2001;non_vegetated_other;1,31395163574219e+00
3525003;JANDIRA;2001;urban;1,00434708088989e+03
3525003;JANDIRA;2001;water;3,94197864379883e+00
3525003;JANDIRA;2002;farming;4,56127470227052e+02
3525003;JANDIRA;2002;native_vegetation;2,73224728784179e+02
3525003;JANDIRA;2002;non_vegetated_other;2,46389401855469e+00
3525003;JANDIRA;2002;urban;1,01083483444214e+03
3525003;JANDIRA;2002;water;3,94197864379883e+00
3525003;JANDIRA;2003;farming;4,46436229089358e+02
3525003;JANDIRA;2003;native_vegetation;2,77495730236816e+02
3525003;JANDIRA;2003;non_vegetated_other;2,46389401855469e+00
3525003;JANDIRA;2003;urban;1,01617294853516e+03
3525003;JANDIRA;2003;water;4,02410423583984e+00
3525003;JANDIRA;2004;farming;4,48078732250979e+02
3525003;JANDIRA;2004;native_vegetation;2,69282974871825e+02
3525003;JANDIRA;2004;non_vegetated_other;3,03882399902344e+00
3525003;JANDIRA;2004;urban;1,02216827569581e+03
3525003;JANDIRA;2004;water;4,02409929809570e+00
3525003;JANDIRA;2005;farming;4,43397228118898e+02
3525003;JANDIRA;2005;native_vegetation;2,58112387152099e+02
3525003;JANDIRA;2005;non_vegetated_other;3,03882399902344e+00
3525003;JANDIRA;2005;urban;1,03802036359864e+03
3525003;JANDIRA;2005;water;4,02410324707031e+00
3525003;JANDIRA;2006;farming;4,18019799090579e+02
3525003;JANDIRA;2006;native_vegetation;2,55812336389159e+02
3525003;JANDIRA;2006;non_vegetated_other;6,57029406738281e-01
3525003;JANDIRA;2006;urban;1,06824388307495e+03
3525003;JANDIRA;2006;water;3,85985815429687e+00
3525003;JANDIRA;2007;farming;3,85989739886476e+02
3525003;JANDIRA;2007;native_vegetation;2,36101418035888e+02
3525003;JANDIRA;2007;non_vegetated_other;0,00000000000000e+00
3525003;JANDIRA;2007;urban;1,12121674909665e+03
3525003;JANDIRA;2007;water;3,28499909667969e+00
3525003;JANDIRA;2008;farming;3,53546723919680e+02
3525003;JANDIRA;2008;native_vegetation;2,29941113574218e+02
3525003;JANDIRA;2008;non_vegetated_other;0,00000000000000e+00
3525003;JANDIRA;2008;urban;1,16014858274535e+03
3525003;JANDIRA;2008;water;2,95648587646484e+00
3525003;JANDIRA;2009;farming;3,38515683215334e+02
3525003;JANDIRA;2009;native_vegetation;2,18196512982178e+02
3525003;JANDIRA;2009;non_vegetated_other;0,00000000000000e+00
3525003;JANDIRA;2009;urban;1,18741699946290e+03
3525003;JANDIRA;2009;water;2,46371045532227e+00
3525003;JANDIRA;2010;farming;3,10754767919924e+02
3525003;JANDIRA;2010;native_vegetation;2,10640383361816e+02
3525003;JANDIRA;2010;non_vegetated_other;0,00000000000000e+00
3525003;JANDIRA;2010;urban;1,22281616881713e+03
3525003;JANDIRA;2010;water;2,38158601684570e+00
3525003;JANDIRA;2011;farming;2,80780128363039e+02
3525003;JANDIRA;2011;native_vegetation;2,01606840167236e+02
3525003;JANDIRA;2011;non_vegetated_other;0,00000000000000e+00
3525003;JANDIRA;2011;urban;1,26116732628173e+03
3525003;JANDIRA;2011;water;3,03861130371094e+00
3525003;JANDIRA;2012;farming;2,38158633782963e+02
3525003;JANDIRA;2012;native_vegetation;1,85099952093506e+02
3525003;JANDIRA;2012;non_vegetated_other;0,00000000000000e+00
3525003;JANDIRA;2012;urban;1,32095273422240e+03
3525003;JANDIRA;2012;water;2,38158601684570e+00
3525003;JANDIRA;2013;farming;2,30274874755862e+02
3525003;JANDIRA;2013;native_vegetation;1,79023077740478e+02
3525003;JANDIRA;2013;non_vegetated_other;0,00000000000000e+00
3525003;JANDIRA;2013;urban;1,33524186568601e+03
3525003;JANDIRA;2013;water;2,05308793334961e+00
3525003;JANDIRA;2014;farming;2,27154142773440e+02
3525003;JANDIRA;2014;native_vegetation;1,78612503460693e+02
3525003;JANDIRA;2014;non_vegetated_other;0,00000000000000e+00
3525003;JANDIRA;2014;urban;1,33893742197873e+03
3525003;JANDIRA;2014;water;1,88883790283203e+00
3525003;JANDIRA;2015;farming;2,05223127551271e+02
3525003;JANDIRA;2015;native_vegetation;1,81486706243896e+02
3525003;JANDIRA;2015;non_vegetated_other;0,00000000000000e+00
3525003;JANDIRA;2015;urban;1,35799423408810e+03
3525003;JANDIRA;2015;water;1,88883823242187e+00
3525003;JANDIRA;2016;farming;1,98653446380616e+02
3525003;JANDIRA;2016;native_vegetation;1,86824553771972e+02
3525003;JANDIRA;2016;non_vegetated_other;0,00000000000000e+00
3525003;JANDIRA;2016;urban;1,35906184947506e+03
3525003;JANDIRA;2016;water;2,05305648803711e+00
3525003;JANDIRA;2017;farming;1,97421554302980e+02
3525003;JANDIRA;2017;native_vegetation;1,85674835192871e+02
3525003;JANDIRA;2017;non_vegetated_other;0,00000000000000e+00
3525003;JANDIRA;2017;urban;1,36144345387570e+03
3525003;JANDIRA;2017;water;2,05306274414062e+00
3525003;JANDIRA;2018;farming;1,90194904846192e+02
3525003;JANDIRA;2018;native_vegetation;1,90519898187256e+02
3525003;JANDIRA;2018;non_vegetated_other;0,00000000000000e+00
3525003;JANDIRA;2018;urban;1,36398929102780e+03
3525003;JANDIRA;2018;water;1,88881205444336e+00
3525003;JANDIRA;2019;farming;1,86581524206544e+02
3525003;JANDIRA;2019;native_vegetation;1,90684189215088e+02
3525003;JANDIRA;2019;non_vegetated_other;0,00000000000000e+00
3525003;JANDIRA;2019;urban;1,36743838640134e+03
3525003;JANDIRA;2019;water;1,88880629272461e+00
3525003;JANDIRA;2020;farming;1,79436893585206e+02
3525003;JANDIRA;2020;native_vegetation;1,93065702313232e+02
3525003;JANDIRA;2020;non_vegetated_other;0,00000000000000e+00
3525003;JANDIRA;2020;urban;1,37228362326047e+03
3525003;JANDIRA;2020;water;1,80668695678711e+00
3525003;JANDIRA;2021;farming;1,59152428729248e+02
3525003;JANDIRA;2021;native_vegetation;1,80582502990722e+02
3525003;JANDIRA;2021;non_vegetated_other;2,87439326171875e+00
3525003;JANDIRA;2021;urban;1,40217689417723e+03
3525003;JANDIRA;2021;water;1,80668695678711e+00
3525003;JANDIRA;2022;farming;1,50447232855225e+02
3525003;JANDIRA;2022;native_vegetation;1,75819030010986e+02
3525003;JANDIRA;2022;non_vegetated_other;2,46371179199219e-01
3525003;JANDIRA;2022;urban;1,41810934561766e+03
3525003;JANDIRA;2022;water;1,97092645263672e+00
3525003;JANDIRA;2023;farming;1,49461885620117e+02
3525003;JANDIRA;2023;native_vegetation;1,74504892138671e+02
3525003;JANDIRA;2023;non_vegetated_other;2,46371179199219e-01
3525003;JANDIRA;2023;urban;1,42024458596190e+03
3525003;JANDIRA;2023;water;2,13517121582031e+00
3525003;JANDIRA;2024;farming;1,41085349804687e+02
3525003;JANDIRA;2024;native_vegetation;1,76311655938720e+02
3525003;JANDIRA;2024;non_vegetated_other;6,56969506835938e-01
3525003;JANDIRA;2024;urban;1,42607528263549e+03
3525003;JANDIRA;2024;water;2,46364822998047e+00
3526209;JUQUITIBA;1985;farming;5,55095446322025e+03
3526209;JUQUITIBA;1985;native_vegetation;4,57832132141480e+04
3526209;JUQUITIBA;1985;non_vegetated_other;3,60320546386718e+01
3526209;JUQUITIBA;1985;urban;1,72867740100098e+02
3526209;JUQUITIBA;1985;water;6,73444300640869e+02
3526209;JUQUITIBA;1986;farming;5,52565565092777e+03
3526209;JUQUITIBA;1986;native_vegetation;4,57742851429505e+04
3526209;JUQUITIBA;1986;non_vegetated_other;1,78518245239258e+01
3526209;JUQUITIBA;1986;urban;1,76634068621827e+02
3526209;JUQUITIBA;1986;water;7,22085085723878e+02
3526209;JUQUITIBA;1987;farming;5,75984023344725e+03
3526209;JUQUITIBA;1987;native_vegetation;4,55357629879524e+04
3526209;JUQUITIBA;1987;non_vegetated_other;2,04737121459961e+01
3526209;JUQUITIBA;1987;urban;1,76715959313965e+02
3526209;JUQUITIBA;1987;water;7,23718879888919e+02
3526209;JUQUITIBA;1988;farming;5,86365749696043e+03
3526209;JUQUITIBA;1988;native_vegetation;4,54535675919993e+04
3526209;JUQUITIBA;1988;non_vegetated_other;1,80987888671875e+01
3526209;JUQUITIBA;1988;urban;1,81055872515870e+02
3526209;JUQUITIBA;1988;water;7,00132022406005e+02
3526209;JUQUITIBA;1989;farming;6,00761556298830e+03
3526209;JUQUITIBA;1989;native_vegetation;4,53196004705395e+04
3526209;JUQUITIBA;1989;non_vegetated_other;1,67884346374512e+01
3526209;JUQUITIBA;1989;urban;1,86296441058350e+02
3526209;JUQUITIBA;1989;water;6,86210863525390e+02
3526209;JUQUITIBA;1990;farming;6,23953392376097e+03
3526209;JUQUITIBA;1990;native_vegetation;4,50664736291147e+04
3526209;JUQUITIBA;1990;non_vegetated_other;1,98182629028320e+01
3526209;JUQUITIBA;1990;urban;1,92683245336915e+02
3526209;JUQUITIBA;1990;water;6,98002711633301e+02
3526209;JUQUITIBA;1991;farming;6,25099725453493e+03
3526209;JUQUITIBA;1991;native_vegetation;4,50207817686596e+04
3526209;JUQUITIBA;1991;non_vegetated_other;1,95728120910645e+01
3526209;JUQUITIBA;1991;urban;2,00626607928467e+02
3526209;JUQUITIBA;1991;water;7,24533329534915e+02
3526209;JUQUITIBA;1992;farming;6,09510352108768e+03
3526209;JUQUITIBA;1992;native_vegetation;4,51833877957711e+04
3526209;JUQUITIBA;1992;non_vegetated_other;1,89178977844238e+01
3526209;JUQUITIBA;1992;urban;2,04475495440674e+02
3526209;JUQUITIBA;1992;water;7,14627062664795e+02
3526209;JUQUITIBA;1993;farming;5,57944099744265e+03
3526209;JUQUITIBA;1993;native_vegetation;4,57201737042061e+04
3526209;JUQUITIBA;1993;non_vegetated_other;1,58057649291992e+01
3526209;JUQUITIBA;1993;urban;2,14875364324952e+02
3526209;JUQUITIBA;1993;water;6,86215941845702e+02
3526209;JUQUITIBA;1994;farming;5,51536928536989e+03
3526209;JUQUITIBA;1994;native_vegetation;4,57944823842966e+04
3526209;JUQUITIBA;1994;non_vegetated_other;1,52322154602051e+01
3526209;JUQUITIBA;1994;urban;2,22326437915040e+02
3526209;JUQUITIBA;1994;water;6,69101449707031e+02
3526209;JUQUITIBA;1995;farming;5,39749072276612e+03
3526209;JUQUITIBA;1995;native_vegetation;4,59140833412609e+04
3526209;JUQUITIBA;1995;non_vegetated_other;9,41817312622070e+00
3526209;JUQUITIBA;1995;urban;2,33708971466065e+02
3526209;JUQUITIBA;1995;water;6,61810564129638e+02
3526209;JUQUITIBA;1996;farming;5,42648736158448e+03
3526209;JUQUITIBA;1996;native_vegetation;4,58894315255321e+04
3526209;JUQUITIBA;1996;non_vegetated_other;9,50014002685547e+00
3526209;JUQUITIBA;1996;urban;2,41652416992188e+02
3526209;JUQUITIBA;1996;water;6,49440328613282e+02
3526209;JUQUITIBA;1997;farming;5,51991395924073e+03
3526209;JUQUITIBA;1997;native_vegetation;4,58036189099987e+04
3526209;JUQUITIBA;1997;non_vegetated_other;5,24122426147461e+00
3526209;JUQUITIBA;1997;urban;2,60239763031007e+02
3526209;JUQUITIBA;1997;water;6,27497916217045e+02
3526209;JUQUITIBA;1998;farming;5,56224581619872e+03
3526209;JUQUITIBA;1998;native_vegetation;4,57151022290471e+04
3526209;JUQUITIBA;1998;non_vegetated_other;3,19382623291016e+00
3526209;JUQUITIBA;1998;urban;2,83495538049318e+02
3526209;JUQUITIBA;1998;water;6,52474363220214e+02
3526209;JUQUITIBA;1999;farming;5,63405170725100e+03
3526209;JUQUITIBA;1999;native_vegetation;4,55818869827087e+04
3526209;JUQUITIBA;1999;non_vegetated_other;3,52105226440430e+00
3526209;JUQUITIBA;1999;urban;3,11583706622315e+02
3526209;JUQUITIBA;1999;water;6,85468323901365e+02
3526209;JUQUITIBA;2000;farming;5,77865109850465e+03
3526209;JUQUITIBA;2000;native_vegetation;4,55391446389771e+04
3526209;JUQUITIBA;2000;non_vegetated_other;7,69675316162109e+00
3526209;JUQUITIBA;2000;urban;3,28289884936524e+02
3526209;JUQUITIBA;2000;water;5,62729397167976e+02
3526209;JUQUITIBA;2001;farming;5,74459693903201e+03
3526209;JUQUITIBA;2001;native_vegetation;4,55749158983766e+04
3526209;JUQUITIBA;2001;non_vegetated_other;1,05632178588867e+01
3526209;JUQUITIBA;2001;urban;3,35987808245851e+02
3526209;JUQUITIBA;2001;water;5,50447909234629e+02
3526209;JUQUITIBA;2002;farming;5,66140803693238e+03
3526209;JUQUITIBA;2002;native_vegetation;4,56640828301147e+04
3526209;JUQUITIBA;2002;non_vegetated_other;1,08090585083008e+01
3526209;JUQUITIBA;2002;urban;3,37379738800050e+02
3526209;JUQUITIBA;2002;water;5,42832108392343e+02
3526209;JUQUITIBA;2003;farming;5,78726840909424e+03
3526209;JUQUITIBA;2003;native_vegetation;4,55377326667180e+04
3526209;JUQUITIBA;2003;non_vegetated_other;1,18737496154785e+01
3526209;JUQUITIBA;2003;urban;3,41883844525148e+02
3526209;JUQUITIBA;2003;water;5,37753102795416e+02
3526209;JUQUITIBA;2004;farming;5,81068612019046e+03
3526209;JUQUITIBA;2004;native_vegetation;4,55097288528997e+04
3526209;JUQUITIBA;2004;non_vegetated_other;1,12188355590820e+01
3526209;JUQUITIBA;2004;urban;3,46142017663575e+02
3526209;JUQUITIBA;2004;water;5,38735946435552e+02
3526209;JUQUITIBA;2005;farming;5,81183459382325e+03
3526209;JUQUITIBA;2005;native_vegetation;4,54958075001654e+04
3526209;JUQUITIBA;2005;non_vegetated_other;8,76205303955078e+00
3526209;JUQUITIBA;2005;urban;3,54413798345949e+02
3526209;JUQUITIBA;2005;water;5,45693827374277e+02
3526209;JUQUITIBA;2006;farming;5,69531949997560e+03
3526209;JUQUITIBA;2006;native_vegetation;4,56200184389830e+04
3526209;JUQUITIBA;2006;non_vegetated_other;7,77930006103516e+00
3526209;JUQUITIBA;2006;urban;3,57279760400392e+02
3526209;JUQUITIBA;2006;water;5,36114773327643e+02
3526209;JUQUITIBA;2007;farming;5,70219541439820e+03
3526209;JUQUITIBA;2007;native_vegetation;4,56132234337401e+04
3526209;JUQUITIBA;2007;non_vegetated_other;7,53372304687500e+00
3526209;JUQUITIBA;2007;urban;3,58344145965578e+02
3526209;JUQUITIBA;2007;water;5,35215055596929e+02
3526209;JUQUITIBA;2008;farming;5,74315845718382e+03
3526209;JUQUITIBA;2008;native_vegetation;4,55796301086424e+04
3526209;JUQUITIBA;2008;non_vegetated_other;7,04242866821289e+00
3526209;JUQUITIBA;2008;urban;3,61537957763673e+02
3526209;JUQUITIBA;2008;water;5,25142820489507e+02
3526209;JUQUITIBA;2009;farming;5,75941741987304e+03
3526209;JUQUITIBA;2009;native_vegetation;4,55503509491637e+04
3526209;JUQUITIBA;2009;non_vegetated_other;6,55104351196289e+00
3526209;JUQUITIBA;2009;urban;3,64322180621339e+02
3526209;JUQUITIBA;2009;water;5,35870179577643e+02
3526209;JUQUITIBA;2010;farming;5,67230341957399e+03
3526209;JUQUITIBA;2010;native_vegetation;4,56497494362674e+04
3526209;JUQUITIBA;2010;non_vegetated_other;5,97770077514648e+00
3526209;JUQUITIBA;2010;urban;3,67679408673097e+02
3526209;JUQUITIBA;2010;water;5,20801807458501e+02
3526209;JUQUITIBA;2011;farming;5,69143155987551e+03
3526209;JUQUITIBA;2011;native_vegetation;4,56531390395756e+04
3526209;JUQUITIBA;2011;non_vegetated_other;5,24033582153320e+00
3526209;JUQUITIBA;2011;urban;3,70709381665041e+02
3526209;JUQUITIBA;2011;water;4,95991455810550e+02
3526209;JUQUITIBA;2012;farming;5,63249917888792e+03
3526209;JUQUITIBA;2012;native_vegetation;4,56982318266428e+04
3526209;JUQUITIBA;2012;non_vegetated_other;9,00571454467774e+00
3526209;JUQUITIBA;2012;urban;3,85204372381594e+02
3526209;JUQUITIBA;2012;water;4,91570680291749e+02
3526209;JUQUITIBA;2013;farming;5,56693584411620e+03
3526209;JUQUITIBA;2013;native_vegetation;4,57516776307565e+04
3526209;JUQUITIBA;2013;non_vegetated_other;9,57881130981446e+00
3526209;JUQUITIBA;2013;urban;3,92082284216311e+02
3526209;JUQUITIBA;2013;water;4,96237202349857e+02
3526209;JUQUITIBA;2014;farming;5,61764625465085e+03
3526209;JUQUITIBA;2014;native_vegetation;4,57211924079479e+04
3526209;JUQUITIBA;2014;non_vegetated_other;8,35049836425782e+00
3526209;JUQUITIBA;2014;urban;3,94948458483889e+02
3526209;JUQUITIBA;2014;water;4,74374153302004e+02
3526209;JUQUITIBA;2015;farming;5,69961060106809e+03
3526209;JUQUITIBA;2015;native_vegetation;4,56332498808232e+04
3526209;JUQUITIBA;2015;non_vegetated_other;7,85906232299805e+00
3526209;JUQUITIBA;2015;urban;4,01908416857913e+02
3526209;JUQUITIBA;2015;water;4,73883811676028e+02
3526209;JUQUITIBA;2016;farming;5,69093939183349e+03
3526209;JUQUITIBA;2016;native_vegetation;4,56094942820929e+04
3526209;JUQUITIBA;2016;non_vegetated_other;8,02271008300782e+00
3526209;JUQUITIBA;2016;urban;4,02972797418215e+02
3526209;JUQUITIBA;2016;water;5,05082591320804e+02
3526209;JUQUITIBA;2017;farming;5,68667963973387e+03
3526209;JUQUITIBA;2017;native_vegetation;4,56291499383247e+04
3526209;JUQUITIBA;2017;non_vegetated_other;7,61337102661133e+00
3526209;JUQUITIBA;2017;urban;4,05265558496096e+02
3526209;JUQUITIBA;2017;water;4,87803265167238e+02
3526209;JUQUITIBA;2018;farming;5,60249795059202e+03
3526209;JUQUITIBA;2018;native_vegetation;4,57174263986092e+04
3526209;JUQUITIBA;2018;non_vegetated_other;7,85912773437500e+00
3526209;JUQUITIBA;2018;urban;4,06739489715578e+02
3526209;JUQUITIBA;2018;water;4,81988806097415e+02
3526209;JUQUITIBA;2019;farming;5,65031833631588e+03
3526209;JUQUITIBA;2019;native_vegetation;4,56623995044258e+04
3526209;JUQUITIBA;2019;non_vegetated_other;7,12285249023438e+00
3526209;JUQUITIBA;2019;urban;4,10178599279787e+02
3526209;JUQUITIBA;2019;water;4,86492480236817e+02
3526209;JUQUITIBA;2020;farming;5,65891585429073e+03
3526209;JUQUITIBA;2020;native_vegetation;4,56538010377816e+04
3526209;JUQUITIBA;2020;non_vegetated_other;6,87761132202149e+00
3526209;JUQUITIBA;2020;urban;4,11488656359865e+02
3526209;JUQUITIBA;2020;water;4,85428612994386e+02
3526209;JUQUITIBA;2021;farming;5,67799679447629e+03
3526209;JUQUITIBA;2021;native_vegetation;4,56143338153512e+04
3526209;JUQUITIBA;2021;non_vegetated_other;6,79574396362305e+00
3526209;JUQUITIBA;2021;urban;4,22786973846438e+02
3526209;JUQUITIBA;2021;water;4,94598445111085e+02
3526209;JUQUITIBA;2022;farming;5,59381533476561e+03
3526209;JUQUITIBA;2022;native_vegetation;4,56569208693368e+04
3526209;JUQUITIBA;2022;non_vegetated_other;5,89499516601562e+00
3526209;JUQUITIBA;2022;urban;4,31138675512698e+02
3526209;JUQUITIBA;2022;water;5,28741897967535e+02
3526209;JUQUITIBA;2023;farming;5,77535547235714e+03
3526209;JUQUITIBA;2023;native_vegetation;4,54723501483034e+04
3526209;JUQUITIBA;2023;non_vegetated_other;5,40360635375977e+00
3526209;JUQUITIBA;2023;urban;4,35642687408450e+02
3526209;JUQUITIBA;2023;water;5,27759858325200e+02
3526209;JUQUITIBA;2024;farming;5,78610604067990e+03
3526209;JUQUITIBA;2024;native_vegetation;4,54735517687257e+04
3526209;JUQUITIBA;2024;non_vegetated_other;3,68395194091797e+00
3526209;JUQUITIBA;2024;urban;4,41947978454592e+02
3526209;JUQUITIBA;2024;water;5,11222032946782e+02
3528502;MAIRIPORÃ;1985;farming;1,02093019829648e+04
3528502;MAIRIPORÃ;1985;native_vegetation;2,06445075940368e+04
3528502;MAIRIPORÃ;1985;non_vegetated_other;1,49720592706298e+02
3528502;MAIRIPORÃ;1985;urban;4,84991831420900e+02
3528502;MAIRIPORÃ;1985;water;5,81347427886958e+02
3528502;MAIRIPORÃ;1986;farming;1,02014092970883e+04
3528502;MAIRIPORÃ;1986;native_vegetation;2,06061661518616e+04
3528502;MAIRIPORÃ;1986;non_vegetated_other;1,29807532830810e+02
3528502;MAIRIPORÃ;1986;urban;4,99063472943116e+02
3528502;MAIRIPORÃ;1986;water;6,33422974291985e+02
3528502;MAIRIPORÃ;1987;farming;1,03926856547604e+04
3528502;MAIRIPORÃ;1987;native_vegetation;2,04628504801573e+04
3528502;MAIRIPORÃ;1987;non_vegetated_other;1,00521617211914e+02
3528502;MAIRIPORÃ;1987;urban;5,00544492297365e+02
3528502;MAIRIPORÃ;1987;water;6,13267184588615e+02
3528502;MAIRIPORÃ;1988;farming;1,04856374915890e+04
3528502;MAIRIPORÃ;1988;native_vegetation;2,03673440813351e+04
3528502;MAIRIPORÃ;1988;non_vegetated_other;8,22567699645996e+01
3528502;MAIRIPORÃ;1988;urban;5,18976817193606e+02
3528502;MAIRIPORÃ;1988;water;6,15654268933098e+02
3528502;MAIRIPORÃ;1989;farming;1,03996739807187e+04
3528502;MAIRIPORÃ;1989;native_vegetation;2,04522299541321e+04
3528502;MAIRIPORÃ;1989;non_vegetated_other;8,71922420532226e+01
3528502;MAIRIPORÃ;1989;urban;5,42345155755616e+02
3528502;MAIRIPORÃ;1989;water;5,88428096356198e+02
3528502;MAIRIPORÃ;1990;farming;9,95749192128865e+03
3528502;MAIRIPORÃ;1990;native_vegetation;2,08728502932491e+04
3528502;MAIRIPORÃ;1990;non_vegetated_other;8,68621013488769e+01
3528502;MAIRIPORÃ;1990;urban;5,68680132061768e+02
3528502;MAIRIPORÃ;1990;water;5,83984981066891e+02
3528502;MAIRIPORÃ;1991;farming;9,75339199959681e+03
3528502;MAIRIPORÃ;1991;native_vegetation;2,10156580445679e+04
3528502;MAIRIPORÃ;1991;non_vegetated_other;7,98687583374023e+01
3528502;MAIRIPORÃ;1991;urban;5,94848019805909e+02
3528502;MAIRIPORÃ;1991;water;6,26102606707757e+02
3528502;MAIRIPORÃ;1992;farming;9,68667804229100e+03
3528502;MAIRIPORÃ;1992;native_vegetation;2,10675585472104e+04
3528502;MAIRIPORÃ;1992;non_vegetated_other;7,74015457336426e+01
3528502;MAIRIPORÃ;1992;urban;6,11633222424315e+02
3528502;MAIRIPORÃ;1992;water;6,26598071356195e+02
3528502;MAIRIPORÃ;1993;farming;9,35650040530982e+03
3528502;MAIRIPORÃ;1993;native_vegetation;2,13751083480470e+04
3528502;MAIRIPORÃ;1993;non_vegetated_other;6,81067705566406e+01
3528502;MAIRIPORÃ;1993;urban;6,43718691125488e+02
3528502;MAIRIPORÃ;1993;water;6,26435213977044e+02
3528502;MAIRIPORÃ;1994;farming;9,22988808532699e+03
3528502;MAIRIPORÃ;1994;native_vegetation;2,14919262369078e+04
3528502;MAIRIPORÃ;1994;non_vegetated_other;5,15729541564941e+01
3528502;MAIRIPORÃ;1994;urban;6,88146880328373e+02
3528502;MAIRIPORÃ;1994;water;6,08335272296137e+02
3528502;MAIRIPORÃ;1995;farming;9,26806707730698e+03
3528502;MAIRIPORÃ;1995;native_vegetation;2,13920394851014e+04
3528502;MAIRIPORÃ;1995;non_vegetated_other;5,00098088806152e+01
3528502;MAIRIPORÃ;1995;urban;7,55449959051530e+02
3528502;MAIRIPORÃ;1995;water;6,04303098675531e+02
3528502;MAIRIPORÃ;1996;farming;9,45449603071268e+03
3528502;MAIRIPORÃ;1996;native_vegetation;2,11343642364558e+04
3528502;MAIRIPORÃ;1996;non_vegetated_other;5,33820601379394e+01
3528502;MAIRIPORÃ;1996;urban;8,20938994134535e+02
3528502;MAIRIPORÃ;1996;water;6,06688107574457e+02
3528502;MAIRIPORÃ;1997;farming;9,49306929355450e+03
3528502;MAIRIPORÃ;1997;native_vegetation;2,10518523748594e+04
3528502;MAIRIPORÃ;1997;non_vegetated_other;5,51089790588378e+01
3528502;MAIRIPORÃ;1997;urban;8,64053563238533e+02
3528502;MAIRIPORÃ;1997;water;6,05785218304437e+02
3528502;MAIRIPORÃ;1998;farming;9,53881623768894e+03
3528502;MAIRIPORÃ;1998;native_vegetation;2,09565683702941e+04
3528502;MAIRIPORÃ;1998;non_vegetated_other;5,41214311279296e+01
3528502;MAIRIPORÃ;1998;urban;9,21239804931639e+02
3528502;MAIRIPORÃ;1998;water;5,99123584973138e+02
3528502;MAIRIPORÃ;1999;farming;9,72967044143647e+03
3528502;MAIRIPORÃ;1999;native_vegetation;2,07009510516051e+04
3528502;MAIRIPORÃ;1999;non_vegetated_other;5,72474254455565e+01
3528502;MAIRIPORÃ;1999;urban;9,97930683496101e+02
3528502;MAIRIPORÃ;1999;water;5,84069827032466e+02
3528502;MAIRIPORÃ;2000;farming;9,83366257239959e+03
3528502;MAIRIPORÃ;2000;native_vegetation;2,06482106398739e+04
3528502;MAIRIPORÃ;2000;non_vegetated_other;5,93864908325194e+01
3528502;MAIRIPORÃ;2000;urban;1,01866398184203e+03
3528502;MAIRIPORÃ;2000;water;5,09945744067380e+02
3528502;MAIRIPORÃ;2001;farming;9,89035574923064e+03
3528502;MAIRIPORÃ;2001;native_vegetation;2,05492314763484e+04
3528502;MAIRIPORÃ;2001;non_vegetated_other;6,16904447204589e+01
3528502;MAIRIPORÃ;2001;urban;1,07238386748045e+03
3528502;MAIRIPORÃ;2001;water;4,96207891235349e+02
3528502;MAIRIPORÃ;2002;farming;1,00721015821041e+04
3528502;MAIRIPORÃ;2002;native_vegetation;2,03567065381221e+04
3528502;MAIRIPORÃ;2002;non_vegetated_other;6,03741198852538e+01
3528502;MAIRIPORÃ;2002;urban;1,09270565341184e+03
3528502;MAIRIPORÃ;2002;water;4,87981535491942e+02
3528502;MAIRIPORÃ;2003;farming;1,00982774742184e+04
3528502;MAIRIPORÃ;2003;native_vegetation;2,03005817951228e+04
3528502;MAIRIPORÃ;2003;non_vegetated_other;5,45332747924804e+01
3528502;MAIRIPORÃ;2003;urban;1,13293840574338e+03
3528502;MAIRIPORÃ;2003;water;4,83538479138185e+02
3528502;MAIRIPORÃ;2004;farming;1,00853663409847e+04
3528502;MAIRIPORÃ;2004;native_vegetation;2,02795141670283e+04
3528502;MAIRIPORÃ;2004;non_vegetated_other;5,17365643310546e+01
3528502;MAIRIPORÃ;2004;urban;1,18304028678587e+03
3528502;MAIRIPORÃ;2004;water;4,70212069885257e+02
3528502;MAIRIPORÃ;2005;farming;1,01070904459469e+04
3528502;MAIRIPORÃ;2005;native_vegetation;2,02345110663814e+04
3528502;MAIRIPORÃ;2005;non_vegetated_other;5,05848837646484e+01
3528502;MAIRIPORÃ;2005;urban;1,20804669790038e+03
3528502;MAIRIPORÃ;2005;water;4,69636335021975e+02
3528502;MAIRIPORÃ;2006;farming;9,96098992418176e+03
3528502;MAIRIPORÃ;2006;native_vegetation;2,03525572138974e+04
3528502;MAIRIPORÃ;2006;non_vegetated_other;4,74596221130370e+01
3528502;MAIRIPORÃ;2006;urban;1,24095413056640e+03
3528502;MAIRIPORÃ;2006;water;4,67908538256837e+02
3528502;MAIRIPORÃ;2007;farming;9,97251468730434e+03
3528502;MAIRIPORÃ;2007;native_vegetation;2,03123152293820e+04
3528502;MAIRIPORÃ;2007;non_vegetated_other;4,56495862670898e+01
3528502;MAIRIPORÃ;2007;urban;1,27041241834716e+03
3528502;MAIRIPORÃ;2007;water;4,68977507714845e+02
3528502;MAIRIPORÃ;2008;farming;9,84403048433201e+03
3528502;MAIRIPORÃ;2008;native_vegetation;2,04030350883669e+04
3528502;MAIRIPORÃ;2008;non_vegetated_other;5,03383313842773e+01
3528502;MAIRIPORÃ;2008;urban;1,30801388192747e+03
3528502;MAIRIPORÃ;2008;water;4,64451643005372e+02
3528502;MAIRIPORÃ;2009;farming;9,83704275993006e+03
3528502;MAIRIPORÃ;2009;native_vegetation;2,03948833108278e+04
3528502;MAIRIPORÃ;2009;non_vegetated_other;4,91050191955566e+01
3528502;MAIRIPORÃ;2009;urban;1,33244873722531e+03
3528502;MAIRIPORÃ;2009;water;4,56389601837160e+02
3528502;MAIRIPORÃ;2010;farming;9,68815177667206e+03
3528502;MAIRIPORÃ;2010;native_vegetation;2,05387543579951e+04
3528502;MAIRIPORÃ;2010;non_vegetated_other;4,86117618713378e+01
3528502;MAIRIPORÃ;2010;urban;1,34989036538083e+03
3528502;MAIRIPORÃ;2010;water;4,44461167095949e+02
3528502;MAIRIPORÃ;2011;farming;9,66676517471284e+03
3528502;MAIRIPORÃ;2011;native_vegetation;2,05061752485713e+04
3528502;MAIRIPORÃ;2011;non_vegetated_other;5,37928215454100e+01
3528502;MAIRIPORÃ;2011;urban;1,40467929790646e+03
3528502;MAIRIPORÃ;2011;water;4,38456886279297e+02
3528502;MAIRIPORÃ;2012;farming;9,66363667482881e+03
3528502;MAIRIPORÃ;2012;native_vegetation;2,04710407723689e+04
3528502;MAIRIPORÃ;2012;non_vegetated_other;5,53556630615234e+01
3528502;MAIRIPORÃ;2012;urban;1,45495474533688e+03
3528502;MAIRIPORÃ;2012;water;4,24881573419190e+02
3528502;MAIRIPORÃ;2013;farming;9,64653990825782e+03
3528502;MAIRIPORÃ;2013;native_vegetation;2,04506188845455e+04
3528502;MAIRIPORÃ;2013;non_vegetated_other;5,46148042968749e+01
3528502;MAIRIPORÃ;2013;urban;1,50613137421874e+03
3528502;MAIRIPORÃ;2013;water;4,11964457696533e+02
3528502;MAIRIPORÃ;2014;farming;9,54651219901109e+03
3528502;MAIRIPORÃ;2014;native_vegetation;2,05137862612240e+04
3528502;MAIRIPORÃ;2014;non_vegetated_other;5,48620396240234e+01
3528502;MAIRIPORÃ;2014;urban;1,53928978560790e+03
3528502;MAIRIPORÃ;2014;water;4,15419143548584e+02
3528502;MAIRIPORÃ;2015;farming;9,50293329195551e+03
3528502;MAIRIPORÃ;2015;native_vegetation;2,05051239854061e+04
3528502;MAIRIPORÃ;2015;non_vegetated_other;5,28055860778808e+01
3528502;MAIRIPORÃ;2015;urban;1,60025053496703e+03
3528502;MAIRIPORÃ;2015;water;4,08756030609131e+02
3528502;MAIRIPORÃ;2016;farming;9,43802751956173e+03
3528502;MAIRIPORÃ;2016;native_vegetation;2,05399961292172e+04
3528502;MAIRIPORÃ;2016;non_vegetated_other;4,92683266418456e+01
3528502;MAIRIPORÃ;2016;urban;1,63332888149413e+03
3528502;MAIRIPORÃ;2016;water;4,09248572100830e+02
3528502;MAIRIPORÃ;2017;farming;9,38770336378173e+03
3528502;MAIRIPORÃ;2017;native_vegetation;2,05632554725522e+04
3528502;MAIRIPORÃ;2017;non_vegetated_other;4,96795128540039e+01
3528502;MAIRIPORÃ;2017;urban;1,66944304773558e+03
3528502;MAIRIPORÃ;2017;water;3,99788032092286e+02
3528502;MAIRIPORÃ;2018;farming;9,26617984109497e+03
3528502;MAIRIPORÃ;2018;native_vegetation;2,06376336263061e+04
3528502;MAIRIPORÃ;2018;non_vegetated_other;4,82811925537109e+01
3528502;MAIRIPORÃ;2018;urban;1,72111246242065e+03
3528502;MAIRIPORÃ;2018;water;3,96662306640626e+02
3528502;MAIRIPORÃ;2019;farming;9,29835347016601e+03
3528502;MAIRIPORÃ;2019;native_vegetation;2,05546939928953e+04
3528502;MAIRIPORÃ;2019;non_vegetated_other;4,59782091552734e+01
3528502;MAIRIPORÃ;2019;urban;1,77837717637329e+03
3528502;MAIRIPORÃ;2019;water;3,92466580426027e+02
3528502;MAIRIPORÃ;2020;farming;9,31924030410764e+03
3528502;MAIRIPORÃ;2020;native_vegetation;2,04799135717588e+04
3528502;MAIRIPORÃ;2020;non_vegetated_other;4,10459673339844e+01
3528502;MAIRIPORÃ;2020;urban;1,83169236896974e+03
3528502;MAIRIPORÃ;2020;water;3,97977216845702e+02
3528502;MAIRIPORÃ;2021;farming;9,28089667218019e+03
3528502;MAIRIPORÃ;2021;native_vegetation;2,04248823168821e+04
3528502;MAIRIPORÃ;2021;non_vegetated_other;4,86141250610350e+01
3528502;MAIRIPORÃ;2021;urban;1,92934405836182e+03
3528502;MAIRIPORÃ;2021;water;3,86132256530764e+02
3528502;MAIRIPORÃ;2022;farming;9,18520810347285e+03
3528502;MAIRIPORÃ;2022;native_vegetation;2,03935405740537e+04
3528502;MAIRIPORÃ;2022;non_vegetated_other;4,75446396179198e+01
3528502;MAIRIPORÃ;2022;urban;2,04057863614501e+03
3528502;MAIRIPORÃ;2022;water;4,02997475726319e+02
3528502;MAIRIPORÃ;2023;farming;9,23827158995357e+03
3528502;MAIRIPORÃ;2023;native_vegetation;2,03094611899533e+04
3528502;MAIRIPORÃ;2023;non_vegetated_other;4,97661433227538e+01
3528502;MAIRIPORÃ;2023;urban;2,07472020654291e+03
3528502;MAIRIPORÃ;2023;water;3,97650299243165e+02
3528502;MAIRIPORÃ;2024;farming;9,19261929876093e+03
3528502;MAIRIPORÃ;2024;native_vegetation;2,03046025107358e+04
3528502;MAIRIPORÃ;2024;non_vegetated_other;5,40446338439941e+01
3528502;MAIRIPORÃ;2024;urban;2,13181085707391e+03
3528502;MAIRIPORÃ;2024;water;3,86792128601076e+02
3529401;MAUÁ;1985;farming;1,54900776663207e+03
3529401;MAUÁ;1985;native_vegetation;1,31521850965574e+03
3529401;MAUÁ;1985;non_vegetated_other;1,22563580798340e+02
3529401;MAUÁ;1985;urban;3,17307672805786e+03
3529401;MAUÁ;1985;water;3,31513676635742e+01
3529401;MAUÁ;1986;farming;1,53251337761229e+03
3529401;MAUÁ;1986;native_vegetation;1,30676656661985e+03
3529401;MAUÁ;1986;non_vegetated_other;1,12799254895019e+02
3529401;MAUÁ;1986;urban;3,20901729595947e+03
3529401;MAUÁ;1986;water;3,19214577209472e+01
3529401;MAUÁ;1987;farming;1,54514793406981e+03
3529401;MAUÁ;1987;native_vegetation;1,26221132972411e+03
3529401;MAUÁ;1987;non_vegetated_other;1,10174056451416e+02
3529401;MAUÁ;1987;urban;3,24454825560913e+03
3529401;MAUÁ;1987;water;3,09363769531249e+01
3529401;MAUÁ;1988;farming;1,52487967191771e+03
3529401;MAUÁ;1988;native_vegetation;1,24235228881225e+03
3529401;MAUÁ;1988;non_vegetated_other;1,05251872656250e+02
3529401;MAUÁ;1988;urban;3,28844921283567e+03
3529401;MAUÁ;1988;water;3,20849065856933e+01
3529401;MAUÁ;1989;farming;1,48212889775386e+03
3529401;MAUÁ;1989;native_vegetation;1,24251472682494e+03
3529401;MAUÁ;1989;non_vegetated_other;1,03938892938233e+02
3529401;MAUÁ;1989;urban;3,33505837921136e+03
3529401;MAUÁ;1989;water;2,93770560791015e+01
3529401;MAUÁ;1990;farming;1,42148935917968e+03
3529401;MAUÁ;1990;native_vegetation;1,26417679633178e+03
3529401;MAUÁ;1990;non_vegetated_other;1,04676721136475e+02
3529401;MAUÁ;1990;urban;3,37305126026604e+03
3529401;MAUÁ;1990;water;2,96238158935547e+01
3529401;MAUÁ;1991;farming;1,39687047497559e+03
3529401;MAUÁ;1991;native_vegetation;1,26270008323974e+03
3529401;MAUÁ;1991;non_vegetated_other;9,86877137207037e+01
3529401;MAUÁ;1991;urban;3,40029468921501e+03
3529401;MAUÁ;1991;water;3,44649916564941e+01
3529401;MAUÁ;1992;farming;1,38415279868164e+03
3529401;MAUÁ;1992;native_vegetation;1,23578546903075e+03
3529401;MAUÁ;1992;non_vegetated_other;9,86874992126471e+01
3529401;MAUÁ;1992;urban;3,43902430319201e+03
3529401;MAUÁ;1992;water;3,53678826904296e+01
3529401;MAUÁ;1993;farming;1,33467028424682e+03
3529401;MAUÁ;1993;native_vegetation;1,21986832639768e+03
3529401;MAUÁ;1993;non_vegetated_other;9,48305691345218e+01
3529401;MAUÁ;1993;urban;3,50869056409896e+03
3529401;MAUÁ;1993;water;3,49582089294433e+01
3529401;MAUÁ;1994;farming;1,29142848083495e+03
3529401;MAUÁ;1994;native_vegetation;1,22667804296873e+03
3529401;MAUÁ;1994;non_vegetated_other;7,89972767272954e+01
3529401;MAUÁ;1994;urban;3,56259754483621e+03
3529401;MAUÁ;1994;water;3,33166074401855e+01
3529401;MAUÁ;1995;farming;1,20707378041992e+03
3529401;MAUÁ;1995;native_vegetation;1,22594215643919e+03
3529401;MAUÁ;1995;non_vegetated_other;7,90788719970707e+01
3529401;MAUÁ;1995;urban;3,64752353906838e+03
3529401;MAUÁ;1995;water;3,33996048828125e+01
3529401;MAUÁ;1996;farming;1,17663427665405e+03
3529401;MAUÁ;1996;native_vegetation;1,19722120756226e+03
3529401;MAUÁ;1996;non_vegetated_other;7,75205318908696e+01
3529401;MAUÁ;1996;urban;3,70709333717626e+03
3529401;MAUÁ;1996;water;3,45485995239258e+01
3529401;MAUÁ;1997;farming;1,13257309270020e+03
3529401;MAUÁ;1997;native_vegetation;1,17916602581177e+03
3529401;MAUÁ;1997;non_vegetated_other;7,63721864624029e+01
3529401;MAUÁ;1997;urban;3,76797699739969e+03
3529401;MAUÁ;1997;water;3,69296504333496e+01
3529401;MAUÁ;1998;farming;1,08202643424683e+03
3529401;MAUÁ;1998;native_vegetation;1,18187280856934e+03
3529401;MAUÁ;1998;non_vegetated_other;7,41573280944829e+01
3529401;MAUÁ;1998;urban;3,81491298106669e+03
3529401;MAUÁ;1998;water;4,00484008300781e+01
3529401;MAUÁ;1999;farming;1,03475898063967e+03
3529401;MAUÁ;1999;native_vegetation;1,21354768400879e+03
3529401;MAUÁ;1999;non_vegetated_other;7,25994247314457e+01
3529401;MAUÁ;1999;urban;3,83025762951639e+03
3529401;MAUÁ;1999;water;4,18542339111328e+01
3529401;MAUÁ;2000;farming;1,00964950653078e+03
3529401;MAUÁ;2000;native_vegetation;1,22987839546509e+03
3529401;MAUÁ;2000;non_vegetated_other;7,30102389526372e+01
3529401;MAUÁ;2000;urban;3,84166205283182e+03
3529401;MAUÁ;2000;water;3,88177590270996e+01
3529401;MAUÁ;2001;farming;1,00242855794679e+03
3529401;MAUÁ;2001;native_vegetation;1,22881215028076e+03
3529401;MAUÁ;2001;non_vegetated_other;7,35845895446782e+01
3529401;MAUÁ;2001;urban;3,84937466598492e+03
3529401;MAUÁ;2001;water;3,88179890502930e+01
3529401;MAUÁ;2002;farming;9,87330873400885e+02
3529401;MAUÁ;2002;native_vegetation;1,23225858675537e+03
3529401;MAUÁ;2002;non_vegetated_other;7,33384718872075e+01
3529401;MAUÁ;2002;urban;3,86012266185289e+03
3529401;MAUÁ;2002;water;3,99673589111328e+01
3529401;MAUÁ;2003;farming;9,72234483667000e+02
3529401;MAUÁ;2003;native_vegetation;1,24169325632324e+03
3529401;MAUÁ;2003;non_vegetated_other;7,04672754943851e+01
3529401;MAUÁ;2003;urban;3,86840948520492e+03
3529401;MAUÁ;2003;water;4,02134521179199e+01
3529401;MAUÁ;2004;farming;9,76176195257578e+02
3529401;MAUÁ;2004;native_vegetation;1,20805237209473e+03
3529401;MAUÁ;2004;non_vegetated_other;6,70214977233889e+01
3529401;MAUÁ;2004;urban;3,90286773864112e+03
3529401;MAUÁ;2004;water;3,89001490905761e+01
3529401;MAUÁ;2005;farming;9,54593530664077e+02
3529401;MAUÁ;2005;native_vegetation;1,21929709711304e+03
3529401;MAUÁ;2005;non_vegetated_other;7,09591536315920e+01
3529401;MAUÁ;2005;urban;3,91017034665503e+03
3529401;MAUÁ;2005;water;3,79978247436523e+01
3529401;MAUÁ;2006;farming;9,50901635888687e+02
3529401;MAUÁ;2006;native_vegetation;1,21724456556397e+03
3529401;MAUÁ;2006;non_vegetated_other;7,07131220581057e+01
3529401;MAUÁ;2006;urban;3,91870454149149e+03
3529401;MAUÁ;2006;water;3,54540878051758e+01
3529401;MAUÁ;2007;farming;9,36708028326431e+02
3529401;MAUÁ;2007;native_vegetation;1,19509357229003e+03
3529401;MAUÁ;2007;non_vegetated_other;7,47320900329593e+01
3529401;MAUÁ;2007;urban;3,94430097078220e+03
3529401;MAUÁ;2007;water;4,21832913757323e+01
3529401;MAUÁ;2008;farming;8,66230193542487e+02
3529401;MAUÁ;2008;native_vegetation;1,18902972202148e+03
3529401;MAUÁ;2008;non_vegetated_other;7,49771961975102e+01
3529401;MAUÁ;2008;urban;4,02010527131315e+03
3529401;MAUÁ;2008;water;4,26755697326658e+01
3529401;MAUÁ;2009;farming;8,57446297705085e+02
3529401;MAUÁ;2009;native_vegetation;1,18927759479369e+03
3529401;MAUÁ;2009;non_vegetated_other;7,20250966064457e+01
3529401;MAUÁ;2009;urban;4,03996400963102e+03
3529401;MAUÁ;2009;water;3,43049540710449e+01
3529401;MAUÁ;2010;farming;8,24869779638681e+02
3529401;MAUÁ;2010;native_vegetation;1,21643865679932e+03
3529401;MAUÁ;2010;non_vegetated_other;6,93179216796879e+01
3529401;MAUÁ;2010;urban;4,04898945955778e+03
3529401;MAUÁ;2010;water;3,34021351318359e+01
3529401;MAUÁ;2011;farming;8,14447312335214e+02
3529401;MAUÁ;2011;native_vegetation;1,22086935800171e+03
3529401;MAUÁ;2011;non_vegetated_other;6,63647015930179e+01
3529401;MAUÁ;2011;urban;4,05645717856412e+03
3529401;MAUÁ;2011;water;3,48794023132324e+01
3529401;MAUÁ;2012;farming;8,09523111413583e+02
3529401;MAUÁ;2012;native_vegetation;1,22341326317139e+03
3529401;MAUÁ;2012;non_vegetated_other;6,32474487243654e+01
3529401;MAUÁ;2012;urban;4,06293957318083e+03
3529401;MAUÁ;2012;water;3,38945563171387e+01
3529401;MAUÁ;2013;farming;7,81378902246102e+02
3529401;MAUÁ;2013;native_vegetation;1,24129950407715e+03
3529401;MAUÁ;2013;non_vegetated_other;6,24270646179201e+01
3529401;MAUÁ;2013;urban;4,07089964509246e+03
3529401;MAUÁ;2013;water;3,70128367736816e+01
3529401;MAUÁ;2014;farming;7,64556341229251e+02
3529401;MAUÁ;2014;native_vegetation;1,24843787131958e+03
3529401;MAUÁ;2014;non_vegetated_other;6,10323822998048e+01
3529401;MAUÁ;2014;urban;4,08690230810519e+03
3529401;MAUÁ;2014;water;3,20890498535156e+01
3529401;MAUÁ;2015;farming;7,57497353302003e+02
3529401;MAUÁ;2015;native_vegetation;1,24244864135743e+03
3529401;MAUÁ;2015;non_vegetated_other;5,56998606079102e+01
3529401;MAUÁ;2015;urban;4,10692462038542e+03
3529401;MAUÁ;2015;water;3,04474771545410e+01
3529401;MAUÁ;2016;farming;7,27130969653317e+02
3529401;MAUÁ;2016;native_vegetation;1,22053953468628e+03
3529401;MAUÁ;2016;non_vegetated_other;5,25822240295411e+01
3529401;MAUÁ;2016;urban;4,16477970118983e+03
3529401;MAUÁ;2016;water;2,79855232482910e+01
3529401;MAUÁ;2017;farming;7,28114319055170e+02
3529401;MAUÁ;2017;native_vegetation;1,22127819334717e+03
3529401;MAUÁ;2017;non_vegetated_other;4,86446897583006e+01
3529401;MAUÁ;2017;urban;4,16748773394129e+03
3529401;MAUÁ;2017;water;2,74930167053223e+01
3529401;MAUÁ;2018;farming;7,55191541705323e+02
3529401;MAUÁ;2018;native_vegetation;1,19912280626220e+03
3529401;MAUÁ;2018;non_vegetated_other;4,15077670532226e+01
3529401;MAUÁ;2018;urban;4,17093387252161e+03
3529401;MAUÁ;2018;water;2,62619652648926e+01
3529401;MAUÁ;2019;farming;7,53713663043213e+02
3529401;MAUÁ;2019;native_vegetation;1,19789221018065e+03
3529401;MAUÁ;2019;non_vegetated_other;4,09341510620116e+01
3529401;MAUÁ;2019;urban;4,17421602425502e+03
3529401;MAUÁ;2019;water;2,62619042663574e+01
3529401;MAUÁ;2020;farming;7,47559507849121e+02
3529401;MAUÁ;2020;native_vegetation;1,19108274687499e+03
3529401;MAUÁ;2020;non_vegetated_other;4,14263778259276e+01
3529401;MAUÁ;2020;urban;4,18635910217863e+03
3529401;MAUÁ;2020;water;2,65902180786133e+01
3529401;MAUÁ;2021;farming;7,48298089190674e+02
3529401;MAUÁ;2021;native_vegetation;1,17705225136108e+03
3529401;MAUÁ;2021;non_vegetated_other;4,33136523986815e+01
3529401;MAUÁ;2021;urban;4,19768166307342e+03
3529401;MAUÁ;2021;water;2,66722967834473e+01
3529401;MAUÁ;2022;farming;7,20970908868406e+02
3529401;MAUÁ;2022;native_vegetation;1,18353609186400e+03
3529401;MAUÁ;2022;non_vegetated_other;4,18370344909667e+01
3529401;MAUÁ;2022;urban;4,21901686110802e+03
3529401;MAUÁ;2022;water;2,76570564758301e+01
3529401;MAUÁ;2023;farming;7,21051156597896e+02
3529401;MAUÁ;2023;native_vegetation;1,18337186220092e+03
3529401;MAUÁ;2023;non_vegetated_other;3,65048697265624e+01
3529401;MAUÁ;2023;urban;4,22549984039268e+03
3529401;MAUÁ;2023;water;2,65902238891601e+01
3529401;MAUÁ;2024;farming;7,18343419055174e+02
3529401;MAUÁ;2024;native_vegetation;1,17524876154174e+03
3529401;MAUÁ;2024;non_vegetated_other;4,29042738830565e+01
3529401;MAUÁ;2024;urban;4,23091616055259e+03
3529401;MAUÁ;2024;water;2,56053377746582e+01
3530607;MOGI DAS CRUZES;1985;farming;3,11316882756961e+04
3530607;MOGI DAS CRUZES;1985;native_vegetation;3,47616529266969e+04
3530607;MOGI DAS CRUZES;1985;non_vegetated_other;9,00748529266357e+02
3530607;MOGI DAS CRUZES;1985;urban;3,83767313624266e+03
3530607;MOGI DAS CRUZES;1985;water;6,23446156536864e+02
3530607;MOGI DAS CRUZES;1986;farming;3,11434425696474e+04
3530607;MOGI DAS CRUZES;1986;native_vegetation;3,45703285151063e+04
3530607;MOGI DAS CRUZES;1986;non_vegetated_other;7,86701351397706e+02
3530607;MOGI DAS CRUZES;1986;urban;3,97724295415647e+03
3530607;MOGI DAS CRUZES;1986;water;7,77493634130859e+02
3530607;MOGI DAS CRUZES;1987;farming;3,15836266749761e+04
3530607;MOGI DAS CRUZES;1987;native_vegetation;3,40601527521604e+04
3530607;MOGI DAS CRUZES;1987;non_vegetated_other;8,01495448065187e+02
3530607;MOGI DAS CRUZES;1987;urban;4,06620166832886e+03
3530607;MOGI DAS CRUZES;1987;water;7,43732480908202e+02
3530607;MOGI DAS CRUZES;1988;farming;3,15592509542180e+04
3530607;MOGI DAS CRUZES;1988;native_vegetation;3,38206289302672e+04
3530607;MOGI DAS CRUZES;1988;non_vegetated_other;8,14721938629154e+02
3530607;MOGI DAS CRUZES;1988;urban;4,30990612889410e+03
3530607;MOGI DAS CRUZES;1988;water;7,50701072430419e+02
3530607;MOGI DAS CRUZES;1989;farming;3,13097994429020e+04
3530607;MOGI DAS CRUZES;1989;native_vegetation;3,36862182745116e+04
3530607;MOGI DAS CRUZES;1989;non_vegetated_other;8,79187370440677e+02
3530607;MOGI DAS CRUZES;1989;urban;4,59285206689456e+03
3530607;MOGI DAS CRUZES;1989;water;7,87151869689940e+02
3530607;MOGI DAS CRUZES;1990;farming;3,07159900114140e+04
3530607;MOGI DAS CRUZES;1990;native_vegetation;3,31991974644896e+04
3530607;MOGI DAS CRUZES;1990;non_vegetated_other;9,31985229943850e+02
3530607;MOGI DAS CRUZES;1990;urban;4,78151712798463e+03
3530607;MOGI DAS CRUZES;1990;water;1,62651919060669e+03
3530607;MOGI DAS CRUZES;1991;farming;3,02715063287237e+04
3530607;MOGI DAS CRUZES;1991;native_vegetation;3,30377177783142e+04
3530607;MOGI DAS CRUZES;1991;non_vegetated_other;9,52625335638431e+02
3530607;MOGI DAS CRUZES;1991;urban;5,06134634919426e+03
3530607;MOGI DAS CRUZES;1991;water;1,93201323256834e+03
3530607;MOGI DAS CRUZES;1992;farming;3,01659970703069e+04
3530607;MOGI DAS CRUZES;1992;native_vegetation;3,27248383075009e+04
3530607;MOGI DAS CRUZES;1992;non_vegetated_other;9,96186088916018e+02
3530607;MOGI DAS CRUZES;1992;urban;5,39423138142077e+03
3530607;MOGI DAS CRUZES;1992;water;1,97395617629394e+03
3530607;MOGI DAS CRUZES;1993;farming;3,01993736708745e+04
3530607;MOGI DAS CRUZES;1993;native_vegetation;3,23596626597776e+04
3530607;MOGI DAS CRUZES;1993;non_vegetated_other;9,88570574206545e+02
3530607;MOGI DAS CRUZES;1993;urban;5,62905832249745e+03
3530607;MOGI DAS CRUZES;1993;water;2,07854379708248e+03
3530607;MOGI DAS CRUZES;1994;farming;3,08037536324469e+04
3530607;MOGI DAS CRUZES;1994;native_vegetation;3,17272199569213e+04
3530607;MOGI DAS CRUZES;1994;non_vegetated_other;8,94074718664553e+02
3530607;MOGI DAS CRUZES;1994;urban;5,76870801517330e+03
3530607;MOGI DAS CRUZES;1994;water;2,06145270123287e+03
3530607;MOGI DAS CRUZES;1995;farming;3,04496347380436e+04
3530607;MOGI DAS CRUZES;1995;native_vegetation;3,18541718983643e+04
3530607;MOGI DAS CRUZES;1995;non_vegetated_other;9,52360734069825e+02
3530607;MOGI DAS CRUZES;1995;urban;5,94423690305788e+03
3530607;MOGI DAS CRUZES;1995;water;2,05480475090329e+03
3530607;MOGI DAS CRUZES;1996;farming;3,03380353753789e+04
3530607;MOGI DAS CRUZES;1996;native_vegetation;3,17723290913146e+04
3530607;MOGI DAS CRUZES;1996;non_vegetated_other;9,60018994995118e+02
3530607;MOGI DAS CRUZES;1996;urban;6,10056093060913e+03
3530607;MOGI DAS CRUZES;1996;water;2,08426463214110e+03
3530607;MOGI DAS CRUZES;1997;farming;3,02462145807196e+04
3530607;MOGI DAS CRUZES;1997;native_vegetation;3,17255441594057e+04
3530607;MOGI DAS CRUZES;1997;non_vegetated_other;9,62923841339112e+02
3530607;MOGI DAS CRUZES;1997;urban;6,20514624538574e+03
3530607;MOGI DAS CRUZES;1997;water;2,11538019758910e+03
3530607;MOGI DAS CRUZES;1998;farming;2,95411796819892e+04
3530607;MOGI DAS CRUZES;1998;native_vegetation;3,23089002427612e+04
3530607;MOGI DAS CRUZES;1998;non_vegetated_other;1,00488863276367e+03
3530607;MOGI DAS CRUZES;1998;urban;6,32613457479246e+03
3530607;MOGI DAS CRUZES;1998;water;2,07410589213253e+03
3530607;MOGI DAS CRUZES;1999;farming;2,89534548958197e+04
3530607;MOGI DAS CRUZES;1999;native_vegetation;3,26956117925051e+04
3530607;MOGI DAS CRUZES;1999;non_vegetated_other;1,05229844713135e+03
3530607;MOGI DAS CRUZES;1999;urban;6,46470151979975e+03
3530607;MOGI DAS CRUZES;1999;water;2,08914236918332e+03
3530607;MOGI DAS CRUZES;2000;farming;2,89447460328923e+04
3530607;MOGI DAS CRUZES;2000;native_vegetation;3,26804511427249e+04
3530607;MOGI DAS CRUZES;2000;non_vegetated_other;1,09913203164673e+03
3530607;MOGI DAS CRUZES;2000;urban;6,59520949895618e+03
3530607;MOGI DAS CRUZES;2000;water;1,93567031821897e+03
3530607;MOGI DAS CRUZES;2001;farming;2,89926196594121e+04
3530607;MOGI DAS CRUZES;2001;native_vegetation;3,25589567455323e+04
3530607;MOGI DAS CRUZES;2001;non_vegetated_other;1,09511688084717e+03
3530607;MOGI DAS CRUZES;2001;urban;6,68236025101306e+03
3530607;MOGI DAS CRUZES;2001;water;1,92615548763427e+03
3530607;MOGI DAS CRUZES;2002;farming;2,89626322305487e+04
3530607;MOGI DAS CRUZES;2002;native_vegetation;3,24035653672975e+04
3530607;MOGI DAS CRUZES;2002;non_vegetated_other;1,09537715364380e+03
3530607;MOGI DAS CRUZES;2002;urban;6,85945080406491e+03
3530607;MOGI DAS CRUZES;2002;water;1,93418346888426e+03
3530607;MOGI DAS CRUZES;2003;farming;2,88087192313421e+04
3530607;MOGI DAS CRUZES;2003;native_vegetation;3,24658281176820e+04
3530607;MOGI DAS CRUZES;2003;non_vegetated_other;1,07905778309937e+03
3530607;MOGI DAS CRUZES;2003;urban;7,02365870827629e+03
3530607;MOGI DAS CRUZES;2003;water;1,87794518403929e+03
3530607;MOGI DAS CRUZES;2004;farming;2,90638146667120e+04
3530607;MOGI DAS CRUZES;2004;native_vegetation;3,21137310555906e+04
3530607;MOGI DAS CRUZES;2004;non_vegetated_other;1,06691552444458e+03
3530607;MOGI DAS CRUZES;2004;urban;7,12944708623045e+03
3530607;MOGI DAS CRUZES;2004;water;1,88130069146117e+03
3530607;MOGI DAS CRUZES;2005;farming;2,91585406019597e+04
3530607;MOGI DAS CRUZES;2005;native_vegetation;3,18682477923825e+04
3530607;MOGI DAS CRUZES;2005;non_vegetated_other;1,08524393543091e+03
3530607;MOGI DAS CRUZES;2005;urban;7,18062432459718e+03
3530607;MOGI DAS CRUZES;2005;water;1,96255237006831e+03
3530607;MOGI DAS CRUZES;2006;farming;2,90965770045781e+04
3530607;MOGI DAS CRUZES;2006;native_vegetation;3,17510680503905e+04
3530607;MOGI DAS CRUZES;2006;non_vegetated_other;1,08475210632935e+03
3530607;MOGI DAS CRUZES;2006;urban;7,26515387236335e+03
3530607;MOGI DAS CRUZES;2006;water;2,05765799077757e+03
3530607;MOGI DAS CRUZES;2007;farming;2,91028941373480e+04
3530607;MOGI DAS CRUZES;2007;native_vegetation;3,16469221190183e+04
3530607;MOGI DAS CRUZES;2007;non_vegetated_other;1,07695902523193e+03
3530607;MOGI DAS CRUZES;2007;urban;7,34943732781381e+03
3530607;MOGI DAS CRUZES;2007;water;2,07899641502684e+03
3530607;MOGI DAS CRUZES;2008;farming;2,89257121175909e+04
3530607;MOGI DAS CRUZES;2008;native_vegetation;3,16771567122742e+04
3530607;MOGI DAS CRUZES;2008;non_vegetated_other;1,08099658869629e+03
3530607;MOGI DAS CRUZES;2008;urban;7,44251488106089e+03
3530607;MOGI DAS CRUZES;2008;water;2,12882872481687e+03
3530607;MOGI DAS CRUZES;2009;farming;2,86487105918525e+04
3530607;MOGI DAS CRUZES;2009;native_vegetation;3,18430983596740e+04
3530607;MOGI DAS CRUZES;2009;non_vegetated_other;1,05751445430908e+03
3530607;MOGI DAS CRUZES;2009;urban;7,55013444122933e+03
3530607;MOGI DAS CRUZES;2009;water;2,15575117737425e+03
3530607;MOGI DAS CRUZES;2010;farming;2,81414919917485e+04
3530607;MOGI DAS CRUZES;2010;native_vegetation;3,22855702421571e+04
3530607;MOGI DAS CRUZES;2010;non_vegetated_other;1,04989188044434e+03
3530607;MOGI DAS CRUZES;2010;urban;7,63310352494511e+03
3530607;MOGI DAS CRUZES;2010;water;2,14515138514402e+03
3530607;MOGI DAS CRUZES;2011;farming;2,78690275607366e+04
3530607;MOGI DAS CRUZES;2011;native_vegetation;3,24615136401429e+04
3530607;MOGI DAS CRUZES;2011;non_vegetated_other;1,05096834071045e+03
3530607;MOGI DAS CRUZES;2011;urban;7,70817877922979e+03
3530607;MOGI DAS CRUZES;2011;water;2,16552070361937e+03
3530607;MOGI DAS CRUZES;2012;farming;2,78019520028267e+04
3530607;MOGI DAS CRUZES;2012;native_vegetation;3,24559606086670e+04
3530607;MOGI DAS CRUZES;2012;non_vegetated_other;1,05302911820069e+03
3530607;MOGI DAS CRUZES;2012;urban;7,79845583472905e+03
3530607;MOGI DAS CRUZES;2012;water;2,14581146001586e+03
3530607;MOGI DAS CRUZES;2013;farming;2,75740399847480e+04
3530607;MOGI DAS CRUZES;2013;native_vegetation;3,25783956375367e+04
3530607;MOGI DAS CRUZES;2013;non_vegetated_other;1,06298189581299e+03
3530607;MOGI DAS CRUZES;2013;urban;7,90400756731569e+03
3530607;MOGI DAS CRUZES;2013;water;2,13578393902586e+03
3530607;MOGI DAS CRUZES;2014;farming;2,76163436758124e+04
3530607;MOGI DAS CRUZES;2014;native_vegetation;3,26014795812195e+04
3530607;MOGI DAS CRUZES;2014;non_vegetated_other;1,07514557843628e+03
3530607;MOGI DAS CRUZES;2014;urban;7,99461340751957e+03
3530607;MOGI DAS CRUZES;2014;water;1,96762678145140e+03
3530607;MOGI DAS CRUZES;2015;farming;2,76362089224128e+04
3530607;MOGI DAS CRUZES;2015;native_vegetation;3,25220722682737e+04
3530607;MOGI DAS CRUZES;2015;non_vegetated_other;1,07499009322510e+03
3530607;MOGI DAS CRUZES;2015;urban;8,06621262871094e+03
3530607;MOGI DAS CRUZES;2015;water;1,95572511181639e+03
3530607;MOGI DAS CRUZES;2016;farming;2,75594945779729e+04
3530607;MOGI DAS CRUZES;2016;native_vegetation;3,23917432595155e+04
3530607;MOGI DAS CRUZES;2016;non_vegetated_other;1,06711241838990e+03
3530607;MOGI DAS CRUZES;2016;urban;8,14712620568844e+03
3530607;MOGI DAS CRUZES;2016;water;2,08973256287231e+03
3530607;MOGI DAS CRUZES;2017;farming;2,74301585204595e+04
3530607;MOGI DAS CRUZES;2017;native_vegetation;3,24268274090574e+04
3530607;MOGI DAS CRUZES;2017;non_vegetated_other;1,04782306886597e+03
3530607;MOGI DAS CRUZES;2017;urban;8,22300443600468e+03
3530607;MOGI DAS CRUZES;2017;water;2,12739559005126e+03
3530607;MOGI DAS CRUZES;2018;farming;2,74190934889897e+04
3530607;MOGI DAS CRUZES;2018;native_vegetation;3,23970634859189e+04
3530607;MOGI DAS CRUZES;2018;non_vegetated_other;1,04289932906495e+03
3530607;MOGI DAS CRUZES;2018;urban;8,30331881680306e+03
3530607;MOGI DAS CRUZES;2018;water;2,09283390366209e+03
3530607;MOGI DAS CRUZES;2019;farming;2,72607065489386e+04
3530607;MOGI DAS CRUZES;2019;native_vegetation;3,24717625518615e+04
3530607;MOGI DAS CRUZES;2019;non_vegetated_other;1,03207285772095e+03
3530607;MOGI DAS CRUZES;2019;urban;8,37911736627822e+03
3530607;MOGI DAS CRUZES;2019;water;2,11154969963988e+03
3530607;MOGI DAS CRUZES;2020;farming;2,69317740575872e+04
3530607;MOGI DAS CRUZES;2020;native_vegetation;3,24963147101743e+04
3530607;MOGI DAS CRUZES;2020;non_vegetated_other;1,20674683083496e+03
3530607;MOGI DAS CRUZES;2020;urban;8,57368424370740e+03
3530607;MOGI DAS CRUZES;2020;water;2,04668918213501e+03
3530607;MOGI DAS CRUZES;2021;farming;2,68410858522283e+04
3530607;MOGI DAS CRUZES;2021;native_vegetation;3,24231697262266e+04
3530607;MOGI DAS CRUZES;2021;non_vegetated_other;1,22878429917603e+03
3530607;MOGI DAS CRUZES;2021;urban;8,74223562359635e+03
3530607;MOGI DAS CRUZES;2021;water;2,01993352321166e+03
3530607;MOGI DAS CRUZES;2022;farming;2,63612781413763e+04
3530607;MOGI DAS CRUZES;2022;native_vegetation;3,27148742139158e+04
3530607;MOGI DAS CRUZES;2022;non_vegetated_other;1,27022007627564e+03
3530607;MOGI DAS CRUZES;2022;urban;8,85515825369270e+03
3530607;MOGI DAS CRUZES;2022;water;2,05367833917846e+03
3530607;MOGI DAS CRUZES;2023;farming;2,63132694688176e+04
3530607;MOGI DAS CRUZES;2023;native_vegetation;3,26412172524838e+04
3530607;MOGI DAS CRUZES;2023;non_vegetated_other;1,27063318700562e+03
3530607;MOGI DAS CRUZES;2023;urban;8,92217897606827e+03
3530607;MOGI DAS CRUZES;2023;water;2,10791014006347e+03
3530607;MOGI DAS CRUZES;2024;farming;2,62293606122259e+04
3530607;MOGI DAS CRUZES;2024;native_vegetation;3,25496298668150e+04
3530607;MOGI DAS CRUZES;2024;non_vegetated_other;1,34869893222657e+03
3530607;MOGI DAS CRUZES;2024;urban;9,06401663786022e+03
3530607;MOGI DAS CRUZES;2024;water;2,06350297531127e+03
3534401;OSASCO;1985;farming;9,99634758538819e+02
3534401;OSASCO;1985;native_vegetation;4,36166287530510e+02
3534401;OSASCO;1985;non_vegetated_other;3,58992449523926e+01
3534401;OSASCO;1985;urban;4,96109639660654e+03
3534401;OSASCO;1985;water;6,47350715576173e+01
3534401;OSASCO;1986;farming;9,81070885345463e+02
3534401;OSASCO;1986;native_vegetation;4,23185484631340e+02
3534401;OSASCO;1986;non_vegetated_other;3,08896240539551e+01
3534401;OSASCO;1986;urban;4,98417726318979e+03
3534401;OSASCO;1986;water;7,82085019653321e+01
3534401;OSASCO;1987;farming;1,00252002459717e+03
3534401;OSASCO;1987;native_vegetation;3,97797204077141e+02
3534401;OSASCO;1987;non_vegetated_other;2,03745046630860e+01
3534401;OSASCO;1987;urban;5,00520332412731e+03
3534401;OSASCO;1987;water;7,16367017211915e+01
3534401;OSASCO;1988;farming;9,72292780578610e+02
3534401;OSASCO;1988;native_vegetation;3,70196939343255e+02
3534401;OSASCO;1988;non_vegetated_other;1,83211353759766e+01
3534401;OSASCO;1988;urban;5,06426238829961e+03
3534401;OSASCO;1988;water;7,24585155883790e+01
3534401;OSASCO;1989;farming;9,54229396307361e+02
3534401;OSASCO;1989;native_vegetation;3,67979117639154e+02
3534401;OSASCO;1989;non_vegetated_other;1,86493164916992e+01
3534401;OSASCO;1989;urban;5,09358155412600e+03
3534401;OSASCO;1989;water;6,30923746215822e+01
3534401;OSASCO;1990;farming;8,96821240100096e+02
3534401;OSASCO;1990;native_vegetation;3,45469379681390e+02
3534401;OSASCO;1990;non_vegetated_other;1,79098553039551e+01
3534401;OSASCO;1990;urban;5,17629264731443e+03
3534401;OSASCO;1990;water;6,10386367858889e+01
3534401;OSASCO;1991;farming;8,70375319232178e+02
3534401;OSASCO;1991;native_vegetation;3,46127695483392e+02
3534401;OSASCO;1991;non_vegetated_other;1,35564345214844e+01
3534401;OSASCO;1991;urban;5,20405068056023e+03
3534401;OSASCO;1991;water;6,34216293884280e+01
3534401;OSASCO;1992;farming;7,89966674267579e+02
3534401;OSASCO;1992;native_vegetation;3,52208105206292e+02
3534401;OSASCO;1992;non_vegetated_other;1,28989863281250e+01
3534401;OSASCO;1992;urban;5,27566805014028e+03
3534401;OSASCO;1992;water;6,67899432434084e+01
3534401;OSASCO;1993;farming;7,60148540069579e+02
3534401;OSASCO;1993;native_vegetation;3,65193769671624e+02
3534401;OSASCO;1993;non_vegetated_other;1,24881320251465e+01
3534401;OSASCO;1993;urban;5,29677280590204e+03
3534401;OSASCO;1993;water;6,29285115173342e+01
3534401;OSASCO;1994;farming;7,24500446563717e+02
3534401;OSASCO;1994;native_vegetation;3,68648783361809e+02
3534401;OSASCO;1994;non_vegetated_other;1,32276840332031e+01
3534401;OSASCO;1994;urban;5,33011585893556e+03
3534401;OSASCO;1994;water;6,10389862915041e+01
3534401;OSASCO;1995;farming;6,33916988073729e+02
3534401;OSASCO;1995;native_vegetation;3,49836578167716e+02
3534401;OSASCO;1995;non_vegetated_other;1,29807965759277e+01
3534401;OSASCO;1995;urban;5,44197598806164e+03
3534401;OSASCO;1995;water;5,88214083068850e+01
3534401;OSASCO;1996;farming;5,68215298675536e+02
3534401;OSASCO;1996;native_vegetation;3,48933143731681e+02
3534401;OSASCO;1996;non_vegetated_other;1,27343374755859e+01
3534401;OSASCO;1996;urban;5,51342799125372e+03
3534401;OSASCO;1996;water;5,42209880493167e+01
3534401;OSASCO;1997;farming;5,38816242004391e+02
3534401;OSASCO;1997;native_vegetation;3,47619256359855e+02
3534401;OSASCO;1997;non_vegetated_other;1,12557098937988e+01
3534401;OSASCO;1997;urban;5,54742751410533e+03
3534401;OSASCO;1997;water;5,24130368225100e+01
3534401;OSASCO;1998;farming;5,15078135107418e+02
3534401;OSASCO;1998;native_vegetation;3,37186561273185e+02
3534401;OSASCO;1998;non_vegetated_other;1,32260102539063e+01
3534401;OSASCO;1998;urban;5,57765671421515e+03
3534401;OSASCO;1998;water;5,43843383361818e+01
3534401;OSASCO;1999;farming;4,75234750061031e+02
3534401;OSASCO;1999;native_vegetation;3,34316318493643e+02
3534401;OSASCO;1999;non_vegetated_other;1,72496236572265e+01
3534401;OSASCO;1999;urban;5,61067889252321e+03
3534401;OSASCO;1999;water;6,00521744506837e+01
3534401;OSASCO;2000;farming;4,20533293139643e+02
3534401;OSASCO;2000;native_vegetation;3,26192507678212e+02
3534401;OSASCO;2000;non_vegetated_other;2,17648092468261e+01
3534401;OSASCO;2000;urban;5,67334368927607e+03
3534401;OSASCO;2000;water;5,56974598449707e+01
3534401;OSASCO;2001;farming;3,43395874511711e+02
3534401;OSASCO;2001;native_vegetation;2,93574656219474e+02
3534401;OSASCO;2001;non_vegetated_other;2,30775288452148e+01
3534401;OSASCO;2001;urban;5,78384006769410e+03
3534401;OSASCO;2001;water;5,36436319152832e+01
3534401;OSASCO;2002;farming;3,43476734405510e+02
3534401;OSASCO;2002;native_vegetation;2,92180513494865e+02
3534401;OSASCO;2002;non_vegetated_other;2,38159707153320e+01
3534401;OSASCO;2002;urban;5,78597616051636e+03
3534401;OSASCO;2002;water;5,20823800537110e+01
3534401;OSASCO;2003;farming;3,29757522930901e+02
3534401;OSASCO;2003;native_vegetation;2,99821565515128e+02
3534401;OSASCO;2003;non_vegetated_other;2,16813997131347e+01
3534401;OSASCO;2003;urban;5,79468172991944e+03
3534401;OSASCO;2003;water;5,15895411071778e+01
3534401;OSASCO;2004;farming;3,33860431134027e+02
3534401;OSASCO;2004;native_vegetation;2,97277350915519e+02
3534401;OSASCO;2004;non_vegetated_other;1,88080738403320e+01
3534401;OSASCO;2004;urban;5,79689971120606e+03
3534401;OSASCO;2004;water;5,06861920898438e+01
3534401;OSASCO;2005;farming;3,25149759075922e+02
3534401;OSASCO;2005;native_vegetation;3,04180638421622e+02
3534401;OSASCO;2005;non_vegetated_other;1,83153928466797e+01
3534401;OSASCO;2005;urban;5,79878890375977e+03
3534401;OSASCO;2005;water;5,10970650817872e+01
3534401;OSASCO;2006;farming;3,14796359594720e+02
3534401;OSASCO;2006;native_vegetation;3,04591635992423e+02
3534401;OSASCO;2006;non_vegetated_other;1,67552125915527e+01
3534401;OSASCO;2006;urban;5,80947000161132e+03
3534401;OSASCO;2006;water;5,19185493957520e+01
3534401;OSASCO;2007;farming;2,99924468920892e+02
3534401;OSASCO;2007;native_vegetation;3,05741602447501e+02
3534401;OSASCO;2007;non_vegetated_other;1,70022728210449e+01
3534401;OSASCO;2007;urban;5,82845068516234e+03
3534401;OSASCO;2007;water;4,64127298339844e+01
3534401;OSASCO;2008;farming;2,98691736816400e+02
3534401;OSASCO;2008;native_vegetation;3,07138756207266e+02
3534401;OSASCO;2008;non_vegetated_other;1,60987868469238e+01
3534401;OSASCO;2008;urban;5,82894347402343e+03
3534401;OSASCO;2008;water;4,66590052917481e+01
3534401;OSASCO;2009;farming;2,96309698071283e+02
3534401;OSASCO;2009;native_vegetation;3,08206841143790e+02
3534401;OSASCO;2009;non_vegetated_other;1,73302125854492e+01
3534401;OSASCO;2009;urban;5,83058627626952e+03
3534401;OSASCO;2009;water;4,50987311157227e+01
3534401;OSASCO;2010;farming;2,79959313177485e+02
3534401;OSASCO;2010;native_vegetation;3,22995909173574e+02
3534401;OSASCO;2010;non_vegetated_other;1,41258572753906e+01
3534401;OSASCO;2010;urban;5,83346194706419e+03
3534401;OSASCO;2010;water;4,69887324951173e+01
3534401;OSASCO;2011;farming;2,76094747192378e+02
3534401;OSASCO;2011;native_vegetation;3,23488946380606e+02
3534401;OSASCO;2011;non_vegetated_other;8,86958331909180e+00
3534401;OSASCO;2011;urban;5,84250094982298e+03
3534401;OSASCO;2011;water;4,65775324707032e+01
3534401;OSASCO;2012;farming;2,74779961041254e+02
3534401;OSASCO;2012;native_vegetation;3,23489141363516e+02
3534401;OSASCO;2012;non_vegetated_other;8,45889074707032e+00
3534401;OSASCO;2012;urban;5,84480155549924e+03
3534401;OSASCO;2012;water;4,60022105346680e+01
3534401;OSASCO;2013;farming;2,68206837933344e+02
3534401;OSASCO;2013;native_vegetation;3,26774225701895e+02
3534401;OSASCO;2013;non_vegetated_other;8,86973235473633e+00
3534401;OSASCO;2013;urban;5,85203254309690e+03
3534401;OSASCO;2013;water;4,16484200988770e+01
3534401;OSASCO;2014;farming;2,60731873809809e+02
3534401;OSASCO;2014;native_vegetation;3,27265246502676e+02
3534401;OSASCO;2014;non_vegetated_other;8,86980671997071e+00
3534401;OSASCO;2014;urban;5,85688028460081e+03
3534401;OSASCO;2014;water;4,37845475524903e+01
3534401;OSASCO;2015;farming;2,51531221411127e+02
3534401;OSASCO;2015;native_vegetation;3,30468962786856e+02
3534401;OSASCO;2015;non_vegetated_other;8,95190347900391e+00
3534401;OSASCO;2015;urban;5,86082397073362e+03
3534401;OSASCO;2015;water;4,57557007751465e+01
3534401;OSASCO;2016;farming;2,43728619775385e+02
3534401;OSASCO;2016;native_vegetation;3,33424444995107e+02
3534401;OSASCO;2016;non_vegetated_other;8,62330636596680e+00
3534401;OSASCO;2016;urban;5,86756037070921e+03
3534401;OSASCO;2016;water;4,41950173400879e+01
3534401;OSASCO;2017;farming;2,36831281878658e+02
3534401;OSASCO;2017;native_vegetation;3,43279601654043e+02
3534401;OSASCO;2017;non_vegetated_other;5,41905809936523e+00
3534401;OSASCO;2017;urban;5,87339289157713e+03
3534401;OSASCO;2017;water;3,86089259765626e+01
3534401;OSASCO;2018;farming;2,35927573864742e+02
3534401;OSASCO;2018;native_vegetation;3,42950709753408e+02
3534401;OSASCO;2018;non_vegetated_other;5,09039038696289e+00
3534401;OSASCO;2018;urban;5,87709002916258e+03
3534401;OSASCO;2018;water;3,64730560180665e+01
3534401;OSASCO;2019;farming;2,32559770703121e+02
3534401;OSASCO;2019;native_vegetation;3,42703355316152e+02
3534401;OSASCO;2019;non_vegetated_other;5,09039038696289e+00
3534401;OSASCO;2019;urban;5,87947257935179e+03
3534401;OSASCO;2019;water;3,77056634277345e+01
3534401;OSASCO;2020;farming;2,21141627221676e+02
3534401;OSASCO;2020;native_vegetation;3,44262290649404e+02
3534401;OSASCO;2020;non_vegetated_other;9,11666297607422e+00
3534401;OSASCO;2020;urban;5,88588057044065e+03
3534401;OSASCO;2020;water;3,71306078979493e+01
3534401;OSASCO;2021;farming;2,11858424163815e+02
3534401;OSASCO;2021;native_vegetation;3,44425307989492e+02
3534401;OSASCO;2021;non_vegetated_other;1,07602326721191e+01
3534401;OSASCO;2021;urban;5,89401464192502e+03
3534401;OSASCO;2021;water;3,64731524353028e+01
3534401;OSASCO;2022;farming;1,97976698083493e+02
3534401;OSASCO;2022;native_vegetation;3,47216528796377e+02
3534401;OSASCO;2022;non_vegetated_other;1,12532554992676e+01
3534401;OSASCO;2022;urban;5,90633733748164e+03
3534401;OSASCO;2022;water;3,47479393249513e+01
3534401;OSASCO;2023;farming;1,88531949438474e+02
3534401;OSASCO;2023;native_vegetation;3,53621767047109e+02
3534401;OSASCO;2023;non_vegetated_other;1,24856199951172e+01
3534401;OSASCO;2023;urban;5,90814454874873e+03
3534401;OSASCO;2023;water;3,47478739562989e+01
3534401;OSASCO;2024;farming;1,81057144293210e+02
3534401;OSASCO;2024;native_vegetation;3,56907850268543e+02
3534401;OSASCO;2024;non_vegetated_other;1,24027719238281e+01
3534401;OSASCO;2024;urban;5,91364803200067e+03
3534401;OSASCO;2024;water;3,35159606994630e+01
3539103;PIRAPORA DO BOM JESUS;1985;farming;3,80023626845106e+03
3539103;PIRAPORA DO BOM JESUS;1985;native_vegetation;6,23235203869157e+03
3539103;PIRAPORA DO BOM JESUS;1985;non_vegetated_other;7,71108017333986e+01
3539103;PIRAPORA DO BOM JESUS;1985;urban;1,01868202801512e+02
3539103;PIRAPORA DO BOM JESUS;1985;water;6,38648405249028e+02
3539103;PIRAPORA DO BOM JESUS;1986;farming;3,82728455869770e+03
3539103;PIRAPORA DO BOM JESUS;1986;native_vegetation;6,15284356043849e+03
3539103;PIRAPORA DO BOM JESUS;1986;non_vegetated_other;7,67819688903811e+01
3539103;PIRAPORA DO BOM JESUS;1986;urban;1,14200165881346e+02
3539103;PIRAPORA DO BOM JESUS;1986;water;6,79105463018802e+02
3539103;PIRAPORA DO BOM JESUS;1987;farming;3,90105141332420e+03
3539103;PIRAPORA DO BOM JESUS;1987;native_vegetation;6,09700169916517e+03
3539103;PIRAPORA DO BOM JESUS;1987;non_vegetated_other;7,90836125732424e+01
3539103;PIRAPORA DO BOM JESUS;1987;urban;1,16091197967527e+02
3539103;PIRAPORA DO BOM JESUS;1987;water;6,56987793896490e+02
3539103;PIRAPORA DO BOM JESUS;1988;farming;3,90072862172873e+03
3539103;PIRAPORA DO BOM JESUS;1988;native_vegetation;6,05703705595225e+03
3539103;PIRAPORA DO BOM JESUS;1988;non_vegetated_other;8,25361901550293e+01
3539103;PIRAPORA DO BOM JESUS;1988;urban;1,34507253839110e+02
3539103;PIRAPORA DO BOM JESUS;1988;water;6,75406595251466e+02
3539103;PIRAPORA DO BOM JESUS;1989;farming;3,86734890745874e+03
3539103;PIRAPORA DO BOM JESUS;1989;native_vegetation;6,08351161787241e+03
3539103;PIRAPORA DO BOM JESUS;1989;non_vegetated_other;8,11387779113771e+01
3539103;PIRAPORA DO BOM JESUS;1989;urban;1,41413215087890e+02
3539103;PIRAPORA DO BOM JESUS;1989;water;6,76803198596194e+02
3539103;PIRAPORA DO BOM JESUS;1990;farming;3,72689718110379e+03
3539103;PIRAPORA DO BOM JESUS;1990;native_vegetation;6,20390260795423e+03
3539103;PIRAPORA DO BOM JESUS;1990;non_vegetated_other;8,17963221130372e+01
3539103;PIRAPORA DO BOM JESUS;1990;urban;1,54320802093505e+02
3539103;PIRAPORA DO BOM JESUS;1990;water;6,83298803662112e+02
3539103;PIRAPORA DO BOM JESUS;1991;farming;3,66283629641751e+03
3539103;PIRAPORA DO BOM JESUS;1991;native_vegetation;6,26089139631481e+03
3539103;PIRAPORA DO BOM JESUS;1991;non_vegetated_other;7,20954313659671e+01
3539103;PIRAPORA DO BOM JESUS;1991;urban;1,65255555358887e+02
3539103;PIRAPORA DO BOM JESUS;1991;water;6,89137037469485e+02
3539103;PIRAPORA DO BOM JESUS;1992;farming;3,64186994733916e+03
3539103;PIRAPORA DO BOM JESUS;1992;native_vegetation;6,27610300341319e+03
3539103;PIRAPORA DO BOM JESUS;1992;non_vegetated_other;7,09442874450686e+01
3539103;PIRAPORA DO BOM JESUS;1992;urban;1,75038810095215e+02
3539103;PIRAPORA DO BOM JESUS;1992;water;6,86259668634036e+02
3539103;PIRAPORA DO BOM JESUS;1993;farming;3,52485934287135e+03
3539103;PIRAPORA DO BOM JESUS;1993;native_vegetation;6,41531464147484e+03
3539103;PIRAPORA DO BOM JESUS;1993;non_vegetated_other;6,79024885559086e+01
3539103;PIRAPORA DO BOM JESUS;1993;urban;1,80711699566651e+02
3539103;PIRAPORA DO BOM JESUS;1993;water;6,61427544445805e+02
3539103;PIRAPORA DO BOM JESUS;1994;farming;3,49748287941306e+03
3539103;PIRAPORA DO BOM JESUS;1994;native_vegetation;6,46201400911396e+03
3539103;PIRAPORA DO BOM JESUS;1994;non_vegetated_other;6,20655484191900e+01
3539103;PIRAPORA DO BOM JESUS;1994;urban;1,82767154498292e+02
3539103;PIRAPORA DO BOM JESUS;1994;water;6,45886125482181e+02
3539103;PIRAPORA DO BOM JESUS;1995;farming;3,56778556439238e+03
3539103;PIRAPORA DO BOM JESUS;1995;native_vegetation;6,42180689932392e+03
3539103;PIRAPORA DO BOM JESUS;1995;non_vegetated_other;5,72153026733403e+01
3539103;PIRAPORA DO BOM JESUS;1995;urban;1,90906301928712e+02
3539103;PIRAPORA DO BOM JESUS;1995;water;6,12501648608399e+02
3539103;PIRAPORA DO BOM JESUS;1996;farming;3,52989057157621e+03
3539103;PIRAPORA DO BOM JESUS;1996;native_vegetation;6,45888067669208e+03
3539103;PIRAPORA DO BOM JESUS;1996;non_vegetated_other;5,57358692443851e+01
3539103;PIRAPORA DO BOM JESUS;1996;urban;2,00360668933108e+02
3539103;PIRAPORA DO BOM JESUS;1996;water;6,05347930480958e+02
3539103;PIRAPORA DO BOM JESUS;1997;farming;3,48466364598415e+03
3539103;PIRAPORA DO BOM JESUS;1997;native_vegetation;6,49942099394064e+03
3539103;PIRAPORA DO BOM JESUS;1997;non_vegetated_other;5,29410494323734e+01
3539103;PIRAPORA DO BOM JESUS;1997;urban;2,03813374664309e+02
3539103;PIRAPORA DO BOM JESUS;1997;water;6,09376652905275e+02
3539103;PIRAPORA DO BOM JESUS;1998;farming;3,49716257147245e+03
3539103;PIRAPORA DO BOM JESUS;1998;native_vegetation;6,47985278899666e+03
3539103;PIRAPORA DO BOM JESUS;1998;non_vegetated_other;5,71336292602541e+01
3539103;PIRAPORA DO BOM JESUS;1998;urban;2,11459132348636e+02
3539103;PIRAPORA DO BOM JESUS;1998;water;6,04607594848635e+02
3539103;PIRAPORA DO BOM JESUS;1999;farming;3,55529731712065e+03
3539103;PIRAPORA DO BOM JESUS;1999;native_vegetation;6,43504266792119e+03
3539103;PIRAPORA DO BOM JESUS;1999;non_vegetated_other;5,78735533203127e+01
3539103;PIRAPORA DO BOM JESUS;1999;urban;2,22886450012210e+02
3539103;PIRAPORA DO BOM JESUS;1999;water;5,79115728552249e+02
3539103;PIRAPORA DO BOM JESUS;2000;farming;3,55562198851343e+03
3539103;PIRAPORA DO BOM JESUS;2000;native_vegetation;6,47936803372319e+03
3539103;PIRAPORA DO BOM JESUS;2000;non_vegetated_other;5,91886483642581e+01
3539103;PIRAPORA DO BOM JESUS;2000;urban;2,26010406903079e+02
3539103;PIRAPORA DO BOM JESUS;2000;water;5,30026639422604e+02
3539103;PIRAPORA DO BOM JESUS;2001;farming;3,54946064797998e+03
3539103;PIRAPORA DO BOM JESUS;2001;native_vegetation;6,47122505390142e+03
3539103;PIRAPORA DO BOM JESUS;2001;non_vegetated_other;6,12437347473148e+01
3539103;PIRAPORA DO BOM JESUS;2001;urban;2,33491623046877e+02
3539103;PIRAPORA DO BOM JESUS;2001;water;5,34794657238767e+02
3539103;PIRAPORA DO BOM JESUS;2002;farming;3,59625277357203e+03
3539103;PIRAPORA DO BOM JESUS;2002;native_vegetation;6,40478302387209e+03
3539103;PIRAPORA DO BOM JESUS;2002;non_vegetated_other;6,06685082641606e+01
3539103;PIRAPORA DO BOM JESUS;2002;urban;2,45330804394534e+02
3539103;PIRAPORA DO BOM JESUS;2002;water;5,43180606823730e+02
3539103;PIRAPORA DO BOM JESUS;2003;farming;3,62412464119898e+03
3539103;PIRAPORA DO BOM JESUS;2003;native_vegetation;6,38990282628292e+03
3539103;PIRAPORA DO BOM JESUS;2003;non_vegetated_other;5,92709837646487e+01
3539103;PIRAPORA DO BOM JESUS;2003;urban;2,48290525146487e+02
3539103;PIRAPORA DO BOM JESUS;2003;water;5,28626740533443e+02
3539103;PIRAPORA DO BOM JESUS;2004;farming;3,67609376339753e+03
3539103;PIRAPORA DO BOM JESUS;2004;native_vegetation;6,33571469337274e+03
3539103;PIRAPORA DO BOM JESUS;2004;non_vegetated_other;5,97643585388187e+01
3539103;PIRAPORA DO BOM JESUS;2004;urban;2,57826911157229e+02
3539103;PIRAPORA DO BOM JESUS;2004;water;5,20815990460200e+02
3539103;PIRAPORA DO BOM JESUS;2005;farming;3,70462524975619e+03
3539103;PIRAPORA DO BOM JESUS;2005;native_vegetation;6,30298966821401e+03
3539103;PIRAPORA DO BOM JESUS;2005;non_vegetated_other;5,99288683715824e+01
3539103;PIRAPORA DO BOM JESUS;2005;urban;2,62595349987795e+02
3539103;PIRAPORA DO BOM JESUS;2005;water;5,20076580596919e+02
3539103;PIRAPORA DO BOM JESUS;2006;farming;3,71070284363440e+03
3539103;PIRAPORA DO BOM JESUS;2006;native_vegetation;6,33522724056519e+03
3539103;PIRAPORA DO BOM JESUS;2006;non_vegetated_other;5,54896522644047e+01
3539103;PIRAPORA DO BOM JESUS;2006;urban;2,65308385925294e+02
3539103;PIRAPORA DO BOM JESUS;2006;water;4,83487594537343e+02
3539103;PIRAPORA DO BOM JESUS;2007;farming;3,73792288848915e+03
3539103;PIRAPORA DO BOM JESUS;2007;native_vegetation;6,30775844093743e+03
3539103;PIRAPORA DO BOM JESUS;2007;non_vegetated_other;5,91070709411625e+01
3539103;PIRAPORA DO BOM JESUS;2007;urban;2,68021380596926e+02
3539103;PIRAPORA DO BOM JESUS;2007;water;4,77405935961903e+02
3539103;PIRAPORA DO BOM JESUS;2008;farming;3,74186996447792e+03
3539103;PIRAPORA DO BOM JESUS;2008;native_vegetation;6,29928763601799e+03
3539103;PIRAPORA DO BOM JESUS;2008;non_vegetated_other;5,65587739196782e+01
3539103;PIRAPORA DO BOM JESUS;2008;urban;2,69747901007082e+02
3539103;PIRAPORA DO BOM JESUS;2008;water;4,82751441503894e+02
3539103;PIRAPORA DO BOM JESUS;2009;farming;3,75896765534708e+03
3539103;PIRAPORA DO BOM JESUS;2009;native_vegetation;6,27511751724965e+03
3539103;PIRAPORA DO BOM JESUS;2009;non_vegetated_other;5,28590049438482e+01
3539103;PIRAPORA DO BOM JESUS;2009;urban;2,70816670324709e+02
3539103;PIRAPORA DO BOM JESUS;2009;water;4,92454869061265e+02
3539103;PIRAPORA DO BOM JESUS;2010;farming;3,79736800453533e+03
3539103;PIRAPORA DO BOM JESUS;2010;native_vegetation;6,25760231921499e+03
3539103;PIRAPORA DO BOM JESUS;2010;non_vegetated_other;4,82555206787112e+01
3539103;PIRAPORA DO BOM JESUS;2010;urban;2,73283053637697e+02
3539103;PIRAPORA DO BOM JESUS;2010;water;4,73706818859853e+02
3539103;PIRAPORA DO BOM JESUS;2011;farming;3,78289763720745e+03
3539103;PIRAPORA DO BOM JESUS;2011;native_vegetation;6,29567153131840e+03
3539103;PIRAPORA DO BOM JESUS;2011;non_vegetated_other;3,99526138793946e+01
3539103;PIRAPORA DO BOM JESUS;2011;urban;2,80682330090334e+02
3539103;PIRAPORA DO BOM JESUS;2011;water;4,51011604431143e+02
3539103;PIRAPORA DO BOM JESUS;2012;farming;3,76193060026286e+03
3539103;PIRAPORA DO BOM JESUS;2012;native_vegetation;6,31951660604976e+03
3539103;PIRAPORA DO BOM JESUS;2012;non_vegetated_other;3,97061465087892e+01
3539103;PIRAPORA DO BOM JESUS;2012;urban;2,88245929241945e+02
3539103;PIRAPORA DO BOM JESUS;2012;water;4,40816434863274e+02
3539103;PIRAPORA DO BOM JESUS;2013;farming;3,73883286265911e+03
3539103;PIRAPORA DO BOM JESUS;2013;native_vegetation;6,30380471560795e+03
3539103;PIRAPORA DO BOM JESUS;2013;non_vegetated_other;4,39817935791016e+01
3539103;PIRAPORA DO BOM JESUS;2013;urban;2,97700281164552e+02
3539103;PIRAPORA DO BOM JESUS;2013;water;4,65896063916004e+02
3539103;PIRAPORA DO BOM JESUS;2014;farming;3,75083945390057e+03
3539103;PIRAPORA DO BOM JESUS;2014;native_vegetation;6,30076107830328e+03
3539103;PIRAPORA DO BOM JESUS;2014;non_vegetated_other;4,37351545898438e+01
3539103;PIRAPORA DO BOM JESUS;2014;urban;3,01153088183595e+02
3539103;PIRAPORA DO BOM JESUS;2014;water;4,53726941949454e+02
3539103;PIRAPORA DO BOM JESUS;2015;farming;3,78316015639081e+03
3539103;PIRAPORA DO BOM JESUS;2015;native_vegetation;6,26392000122198e+03
3539103;PIRAPORA DO BOM JESUS;2015;non_vegetated_other;3,97062009277344e+01
3539103;PIRAPORA DO BOM JESUS;2015;urban;3,11430514129640e+02
3539103;PIRAPORA DO BOM JESUS;2015;water;4,51998844256582e+02
3539103;PIRAPORA DO BOM JESUS;2016;farming;3,76836462025187e+03
3539103;PIRAPORA DO BOM JESUS;2016;native_vegetation;6,27230195628180e+03
3539103;PIRAPORA DO BOM JESUS;2016;non_vegetated_other;3,72402387634277e+01
3539103;PIRAPORA DO BOM JESUS;2016;urban;3,14801338415529e+02
3539103;PIRAPORA DO BOM JESUS;2016;water;4,57507563214101e+02
3539103;PIRAPORA DO BOM JESUS;2017;farming;3,82058450872844e+03
3539103;PIRAPORA DO BOM JESUS;2017;native_vegetation;6,23940535873547e+03
3539103;PIRAPORA DO BOM JESUS;2017;non_vegetated_other;3,80620481628418e+01
3539103;PIRAPORA DO BOM JESUS;2017;urban;3,19158948797609e+02
3539103;PIRAPORA DO BOM JESUS;2017;water;4,33004852502436e+02
3539103;PIRAPORA DO BOM JESUS;2018;farming;3,84936807540323e+03
3539103;PIRAPORA DO BOM JESUS;2018;native_vegetation;6,22427167667369e+03
3539103;PIRAPORA DO BOM JESUS;2018;non_vegetated_other;3,97062875488281e+01
3539103;PIRAPORA DO BOM JESUS;2018;urban;3,22200960327149e+02
3539103;PIRAPORA DO BOM JESUS;2018;water;4,14668716973872e+02
3539103;PIRAPORA DO BOM JESUS;2019;farming;3,91961226143839e+03
3539103;PIRAPORA DO BOM JESUS;2019;native_vegetation;6,13996815719751e+03
3539103;PIRAPORA DO BOM JESUS;2019;non_vegetated_other;3,98706703125000e+01
3539103;PIRAPORA DO BOM JESUS;2019;urban;3,28695786383058e+02
3539103;PIRAPORA DO BOM JESUS;2019;water;4,22068841595454e+02
3539103;PIRAPORA DO BOM JESUS;2020;farming;3,94691589090007e+03
3539103;PIRAPORA DO BOM JESUS;2020;native_vegetation;6,11389872041772e+03
3539103;PIRAPORA DO BOM JESUS;2020;non_vegetated_other;4,87501654846190e+01
3539103;PIRAPORA DO BOM JESUS;2020;urban;3,36672417901612e+02
3539103;PIRAPORA DO BOM JESUS;2020;water;4,03978522222896e+02
3539103;PIRAPORA DO BOM JESUS;2021;farming;4,01278777867474e+03
3539103;PIRAPORA DO BOM JESUS;2021;native_vegetation;6,06775963669572e+03
3539103;PIRAPORA DO BOM JESUS;2021;non_vegetated_other;4,84215009033201e+01
3539103;PIRAPORA DO BOM JESUS;2021;urban;3,40701890789796e+02
3539103;PIRAPORA DO BOM JESUS;2021;water;3,80544909863276e+02
3539103;PIRAPORA DO BOM JESUS;2022;farming;4,02348257811320e+03
3539103;PIRAPORA DO BOM JESUS;2022;native_vegetation;6,04020559207902e+03
3539103;PIRAPORA DO BOM JESUS;2022;non_vegetated_other;4,34065072814940e+01
3539103;PIRAPORA DO BOM JESUS;2022;urban;3,61013363403321e+02
3539103;PIRAPORA DO BOM JESUS;2022;water;3,82107676049800e+02
3539103;PIRAPORA DO BOM JESUS;2023;farming;4,00498080158124e+03
3539103;PIRAPORA DO BOM JESUS;2023;native_vegetation;6,00123053566422e+03
3539103;PIRAPORA DO BOM JESUS;2023;non_vegetated_other;4,41466195251463e+01
3539103;PIRAPORA DO BOM JESUS;2023;urban;3,63233180474855e+02
3539103;PIRAPORA DO BOM JESUS;2023;water;4,36624579681391e+02
3539103;PIRAPORA DO BOM JESUS;2024;farming;4,03459341852461e+03
3539103;PIRAPORA DO BOM JESUS;2024;native_vegetation;5,96553172654561e+03
3539103;PIRAPORA DO BOM JESUS;2024;non_vegetated_other;4,74359473754881e+01
3539103;PIRAPORA DO BOM JESUS;2024;urban;3,63890946606447e+02
3539103;PIRAPORA DO BOM JESUS;2024;water;4,38763677874749e+02
3539806;POÁ;1985;farming;5,55644707543943e+02
3539806;POÁ;1985;native_vegetation;1,00608720806885e+02
3539806;POÁ;1985;non_vegetated_other;3,85973516845703e+00
3539806;POÁ;1985;urban;1,06431478090212e+03
3539806;POÁ;1985;water;1,31438409423828e+00
3539806;POÁ;1986;farming;5,33546475518796e+02
3539806;POÁ;1986;native_vegetation;9,48591240539549e+01
3539806;POÁ;1986;non_vegetated_other;5,74998901367187e-01
3539806;POÁ;1986;urban;1,09462584927978e+03
3539806;POÁ;1986;water;2,13588076171875e+00
3539806;POÁ;1987;farming;5,34942373651119e+02
3539806;POÁ;1987;native_vegetation;7,47364003601071e+01
3539806;POÁ;1987;non_vegetated_other;5,74998901367187e-01
3539806;POÁ;1987;urban;1,11376342546997e+03
3539806;POÁ;1987;water;1,72513013305664e+00
3539806;POÁ;1988;farming;4,90747047100830e+02
3539806;POÁ;1988;native_vegetation;5,97052656372072e+01
3539806;POÁ;1988;non_vegetated_other;5,74998901367187e-01
3539806;POÁ;1988;urban;1,17298988723756e+03
3539806;POÁ;1988;water;1,72512963867188e+00
3539806;POÁ;1989;farming;4,67091390539552e+02
3539806;POÁ;1989;native_vegetation;5,88837774780274e+01
3539806;POÁ;1989;non_vegetated_other;5,74998901367187e-01
3539806;POÁ;1989;urban;1,19713843585208e+03
3539806;POÁ;1989;water;2,05372574462891e+00
3539806;POÁ;1990;farming;4,59042747821048e+02
3539806;POÁ;1990;native_vegetation;5,70761263732911e+01
3539806;POÁ;1990;non_vegetated_other;0,00000000000000e+00
3539806;POÁ;1990;urban;1,20756972857669e+03
3539806;POÁ;1990;water;2,05372574462891e+00
3539806;POÁ;1991;farming;4,46394631506351e+02
3539806;POÁ;1991;native_vegetation;5,92115392700194e+01
3539806;POÁ;1991;non_vegetated_other;5,74914038085938e-01
3539806;POÁ;1991;urban;1,21717892218021e+03
3539806;POÁ;1991;water;2,38232152099609e+00
3539806;POÁ;1992;farming;4,35059670214847e+02
3539806;POÁ;1992;native_vegetation;5,75687310119627e+01
3539806;POÁ;1992;non_vegetated_other;5,74914038085938e-01
3539806;POÁ;1992;urban;1,22991024046634e+03
3539806;POÁ;1992;water;2,62877278442383e+00
3539806;POÁ;1993;farming;4,27010775177005e+02
3539806;POÁ;1993;native_vegetation;5,60081388427733e+01
3539806;POÁ;1993;non_vegetated_other;5,74914038085938e-01
3539806;POÁ;1993;urban;1,23869824218143e+03
3539806;POÁ;1993;water;3,45025827636719e+00
3539806;POÁ;1994;farming;4,15097725256350e+02
3539806;POÁ;1994;native_vegetation;5,14096541259766e+01
3539806;POÁ;1994;non_vegetated_other;1,31398015136719e+00
3539806;POÁ;1994;urban;1,25553864467777e+03
3539806;POÁ;1994;water;2,38232430419922e+00
3539806;POÁ;1995;farming;4,08527399548342e+02
3539806;POÁ;1995;native_vegetation;5,10811572265626e+01
3539806;POÁ;1995;non_vegetated_other;1,72458127441406e+00
3539806;POÁ;1995;urban;1,26210901674808e+03
3539806;POÁ;1995;water;2,30017371826172e+00
3539806;POÁ;1996;farming;3,88648905017092e+02
3539806;POÁ;1996;native_vegetation;4,93566803283692e+01
3539806;POÁ;1996;non_vegetated_other;1,64245090942383e+00
3539806;POÁ;1996;urban;1,28280833861088e+03
3539806;POÁ;1996;water;3,28595364990234e+00
3539806;POÁ;1997;farming;3,53081149707033e+02
3539806;POÁ;1997;native_vegetation;4,98494593261720e+01
3539806;POÁ;1997;non_vegetated_other;1,56032482299805e+00
3539806;POÁ;1997;urban;1,31812974005130e+03
3539806;POÁ;1997;water;3,12165460815430e+00
3539806;POÁ;1998;farming;3,31398089813235e+02
3539806;POÁ;1998;native_vegetation;5,55990711059571e+01
3539806;POÁ;1998;non_vegetated_other;1,06754114990234e+00
3539806;POÁ;1998;urban;1,33414523222050e+03
3539806;POÁ;1998;water;3,53239422607422e+00
3539806;POÁ;1999;farming;3,01829186834720e+02
3539806;POÁ;1999;native_vegetation;7,95831589477537e+01
3539806;POÁ;1999;non_vegetated_other;9,85422637939453e-01
3539806;POÁ;1999;urban;1,34071579241337e+03
3539806;POÁ;1999;water;2,62876768188477e+00
3539806;POÁ;2000;farming;2,76780060388187e+02
3539806;POÁ;2000;native_vegetation;8,47573444152827e+01
3539806;POÁ;2000;non_vegetated_other;9,85422637939453e-01
3539806;POÁ;2000;urban;1,36108362490849e+03
3539806;POÁ;2000;water;2,13587616577148e+00
3539806;POÁ;2001;farming;2,71440860784916e+02
3539806;POÁ;2001;native_vegetation;8,80435177368160e+01
3539806;POÁ;2001;non_vegetated_other;9,85422637939453e-01
3539806;POÁ;2001;urban;1,36198701789555e+03
3539806;POÁ;2001;water;3,28550946044922e+00
3539806;POÁ;2002;farming;2,67499037091068e+02
3539806;POÁ;2002;native_vegetation;8,77149210083004e+01
3539806;POÁ;2002;non_vegetated_other;9,03303961181641e-01
3539806;POÁ;2002;urban;1,36576477151494e+03
3539806;POÁ;2002;water;3,86029494018555e+00
3539806;POÁ;2003;farming;2,58136122869876e+02
3539806;POÁ;2003;native_vegetation;9,31355844909662e+01
3539806;POÁ;2003;non_vegetated_other;9,03303961181641e-01
3539806;POÁ;2003;urban;1,36978917119755e+03
3539806;POÁ;2003;water;3,77814599609375e+00
3539806;POÁ;2004;farming;2,60436830877688e+02
3539806;POÁ;2004;native_vegetation;8,68109361511226e+01
3539806;POÁ;2004;non_vegetated_other;0,00000000000000e+00
3539806;POÁ;2004;urban;1,37471644740605e+03
3539806;POÁ;2004;water;3,77811408081055e+00
3539806;POÁ;2005;farming;2,57152064746096e+02
3539806;POÁ;2005;native_vegetation;8,67285739440913e+01
3539806;POÁ;2005;non_vegetated_other;4,10588110351563e-01
3539806;POÁ;2005;urban;1,37767298829350e+03
3539806;POÁ;2005;water;3,77811342163086e+00
3539806;POÁ;2006;farming;2,49678943121339e+02
3539806;POÁ;2006;native_vegetation;8,82066877136224e+01
3539806;POÁ;2006;non_vegetated_other;4,10588110351563e-01
3539806;POÁ;2006;urban;1,38342164522709e+03
3539806;POÁ;2006;water;4,02446434326172e+00
3539806;POÁ;2007;farming;2,38016172808839e+02
3539806;POÁ;2007;native_vegetation;8,93567874328607e+01
3539806;POÁ;2007;non_vegetated_other;4,10588110351563e-01
3539806;POÁ;2007;urban;1,39409851779789e+03
3539806;POÁ;2007;water;3,86026236572266e+00
3539806;POÁ;2008;farming;2,38098667230226e+02
3539806;POÁ;2008;native_vegetation;8,77136055175775e+01
3539806;POÁ;2008;non_vegetated_other;4,10588110351563e-01
3539806;POÁ;2008;urban;1,39574138615116e+03
3539806;POÁ;2008;water;3,77808150634766e+00
3539806;POÁ;2009;farming;2,26187125134279e+02
3539806;POÁ;2009;native_vegetation;9,45318806152337e+01
3539806;POÁ;2009;non_vegetated_other;4,10588110351563e-01
3539806;POÁ;2009;urban;1,40108106905521e+03
3539806;POÁ;2009;water;3,53166560058594e+00
3539806;POÁ;2010;farming;2,15919638311769e+02
3539806;POÁ;2010;native_vegetation;1,03238885382079e+02
3539806;POÁ;2010;non_vegetated_other;4,10588110351563e-01
3539806;POÁ;2010;urban;1,40264155111088e+03
3539806;POÁ;2010;water;3,53166560058594e+00
3539806;POÁ;2011;farming;2,10334597491457e+02
3539806;POÁ;2011;native_vegetation;1,07674039666747e+02
3539806;POÁ;2011;non_vegetated_other;4,10588110351563e-01
3539806;POÁ;2011;urban;1,40362714025272e+03
3539806;POÁ;2011;water;3,69596299438477e+00
3539806;POÁ;2012;farming;2,08281256671144e+02
3539806;POÁ;2012;native_vegetation;1,08248976885985e+02
3539806;POÁ;2012;non_vegetated_other;4,10588110351563e-01
3539806;POÁ;2012;urban;1,40551612784427e+03
3539806;POÁ;2012;water;3,28537900390625e+00
3539806;POÁ;2013;farming;1,93825500610353e+02
3539806;POÁ;2013;native_vegetation;1,00856977459716e+02
3539806;POÁ;2013;non_vegetated_other;5,74823651123047e-01
3539806;POÁ;2013;urban;1,42728173240968e+03
3539806;POÁ;2013;water;3,20329438476563e+00
3539806;POÁ;2014;farming;1,90129021197511e+02
3539806;POÁ;2014;native_vegetation;1,00117492431640e+02
3539806;POÁ;2014;non_vegetated_other;2,46426612548828e+00
3539806;POÁ;2014;urban;1,42999255275880e+03
3539806;POÁ;2014;water;3,03899600219727e+00
3539806;POÁ;2015;farming;1,90211282086183e+02
3539806;POÁ;2015;native_vegetation;9,97067652099603e+01
3539806;POÁ;2015;non_vegetated_other;2,46426612548828e+00
3539806;POÁ;2015;urban;1,43040316770631e+03
3539806;POÁ;2015;water;2,95684738769531e+00
3539806;POÁ;2016;farming;1,84872973956300e+02
3539806;POÁ;2016;native_vegetation;1,03074037219237e+02
3539806;POÁ;2016;non_vegetated_other;2,54641737060547e+00
3539806;POÁ;2016;urban;1,43179931717530e+03
3539806;POÁ;2016;water;3,44958279418945e+00
3539806;POÁ;2017;farming;1,81834838836671e+02
3539806;POÁ;2017;native_vegetation;1,02662921874999e+02
3539806;POÁ;2017;non_vegetated_other;2,54663336791992e+00
3539806;POÁ;2017;urban;1,43598746988525e+03
3539806;POÁ;2017;water;2,71046455078125e+00
3539806;POÁ;2018;farming;1,82820993719483e+02
3539806;POÁ;2018;native_vegetation;1,00773466937255e+02
3539806;POÁ;2018;non_vegetated_other;2,46448294677734e+00
3539806;POÁ;2018;urban;1,43705506930542e+03
3539806;POÁ;2018;water;2,62831560668945e+00
3539806;POÁ;2019;farming;1,79536055780030e+02
3539806;POÁ;2019;native_vegetation;1,02333843426513e+02
3539806;POÁ;2019;non_vegetated_other;2,62878116455078e+00
3539806;POÁ;2019;urban;1,43804051284180e+03
3539806;POÁ;2019;water;3,20313530273438e+00
3539806;POÁ;2020;farming;1,72965347448731e+02
3539806;POÁ;2020;native_vegetation;1,08001110241698e+02
3539806;POÁ;2020;non_vegetated_other;2,62878116455078e+00
3539806;POÁ;2020;urban;1,43919027451782e+03
3539806;POÁ;2020;water;2,95681514282227e+00
3539806;POÁ;2021;farming;1,70255004467773e+02
3539806;POÁ;2021;native_vegetation;1,08001110241698e+02
3539806;POÁ;2021;non_vegetated_other;2,54663353271484e+00
3539806;POÁ;2021;urban;1,44239334846191e+03
3539806;POÁ;2021;water;2,54623181152344e+00
3539806;POÁ;2022;farming;1,62616874041748e+02
3539806;POÁ;2022;native_vegetation;1,14982255859374e+02
3539806;POÁ;2022;non_vegetated_other;2,38233416748047e+00
3539806;POÁ;2022;urban;1,44321463197631e+03
3539806;POÁ;2022;water;2,54623247070313e+00
3539806;POÁ;2023;farming;1,54977414837646e+02
3539806;POÁ;2023;native_vegetation;1,20732552502441e+02
3539806;POÁ;2023;non_vegetated_other;2,38233416748047e+00
3539806;POÁ;2023;urban;1,44428231383056e+03
3539806;POÁ;2023;water;3,36771317749024e+00
3539806;POÁ;2024;farming;1,55716705700683e+02
3539806;POÁ;2024;native_vegetation;1,19336440325927e+02
3539806;POÁ;2024;non_vegetated_other;2,13588405151367e+00
3539806;POÁ;2024;urban;1,44543217981567e+03
3539806;POÁ;2024;water;3,12111862182617e+00
3543303;RIBEIRÃO PIRES;1985;farming;2,84034972846068e+03
3543303;RIBEIRÃO PIRES;1985;native_vegetation;5,12891398299555e+03
3543303;RIBEIRÃO PIRES;1985;non_vegetated_other;1,16568840997315e+02
3543303;RIBEIRÃO PIRES;1985;urban;1,17849021309206e+03
3543303;RIBEIRÃO PIRES;1985;water;6,31268776110825e+02
3543303;RIBEIRÃO PIRES;1986;farming;2,82509321522827e+03
3543303;RIBEIRÃO PIRES;1986;native_vegetation;5,08502892931510e+03
3543303;RIBEIRÃO PIRES;1986;non_vegetated_other;9,91769395996098e+01
3543303;RIBEIRÃO PIRES;1986;urban;1,23000963713379e+03
3543303;RIBEIRÃO PIRES;1986;water;6,56282820379627e+02
3543303;RIBEIRÃO PIRES;1987;farming;2,94124923641962e+03
3543303;RIBEIRÃO PIRES;1987;native_vegetation;4,89134589017949e+03
3543303;RIBEIRÃO PIRES;1987;non_vegetated_other;8,72823603149415e+01
3543303;RIBEIRÃO PIRES;1987;urban;1,32845308969728e+03
3543303;RIBEIRÃO PIRES;1987;water;6,47260965045156e+02
3543303;RIBEIRÃO PIRES;1988;farming;2,92115315061642e+03
3543303;RIBEIRÃO PIRES;1988;native_vegetation;4,83687286577148e+03
3543303;RIBEIRÃO PIRES;1988;non_vegetated_other;8,60531195800784e+01
3543303;RIBEIRÃO PIRES;1988;urban;1,40900917492678e+03
3543303;RIBEIRÃO PIRES;1988;water;6,42503230761708e+02
3543303;RIBEIRÃO PIRES;1989;farming;2,86036110437624e+03
3543303;RIBEIRÃO PIRES;1989;native_vegetation;4,81644567960204e+03
3543303;RIBEIRÃO PIRES;1989;non_vegetated_other;8,42493879211429e+01
3543303;RIBEIRÃO PIRES;1989;urban;1,49924985063474e+03
3543303;RIBEIRÃO PIRES;1989;water;6,35285519122300e+02
3543303;RIBEIRÃO PIRES;1990;farming;2,82910080557254e+03
3543303;RIBEIRÃO PIRES;1990;native_vegetation;4,81784539171139e+03
3543303;RIBEIRÃO PIRES;1990;non_vegetated_other;8,14604257385256e+01
3543303;RIBEIRÃO PIRES;1990;urban;1,52550100211180e+03
3543303;RIBEIRÃO PIRES;1990;water;6,41683916522203e+02
3543303;RIBEIRÃO PIRES;1991;farming;2,79037894638066e+03
3543303;RIBEIRÃO PIRES;1991;native_vegetation;4,81251561927487e+03
3543303;RIBEIRÃO PIRES;1991;non_vegetated_other;7,30931745544435e+01
3543303;RIBEIRÃO PIRES;1991;urban;1,56069597254029e+03
3543303;RIBEIRÃO PIRES;1991;water;6,58907828906239e+02
3543303;RIBEIRÃO PIRES;1992;farming;2,77315267404181e+03
3543303;RIBEIRÃO PIRES;1992;native_vegetation;4,82202511773071e+03
3543303;RIBEIRÃO PIRES;1992;non_vegetated_other;7,26831312133790e+01
3543303;RIBEIRÃO PIRES;1992;urban;1,58653819088136e+03
3543303;RIBEIRÃO PIRES;1992;water;6,41192427789293e+02
3543303;RIBEIRÃO PIRES;1993;farming;2,75961649043587e+03
3543303;RIBEIRÃO PIRES;1993;native_vegetation;4,84679167233886e+03
3543303;RIBEIRÃO PIRES;1993;non_vegetated_other;7,01400073181153e+01
3543303;RIBEIRÃO PIRES;1993;urban;1,60598144429933e+03
3543303;RIBEIRÃO PIRES;1993;water;6,13061927264391e+02
3543303;RIBEIRÃO PIRES;1994;farming;2,69653127683106e+03
3543303;RIBEIRÃO PIRES;1994;native_vegetation;4,92316361303705e+03
3543303;RIBEIRÃO PIRES;1994;non_vegetated_other;5,29944288757323e+01
3543303;RIBEIRÃO PIRES;1994;urban;1,62312797872925e+03
3543303;RIBEIRÃO PIRES;1994;water;5,99774244183338e+02
3543303;RIBEIRÃO PIRES;1995;farming;2,56510507578127e+03
3543303;RIBEIRÃO PIRES;1995;native_vegetation;5,01906833109731e+03
3543303;RIBEIRÃO PIRES;1995;non_vegetated_other;4,93020121765136e+01
3543303;RIBEIRÃO PIRES;1995;urban;1,65791306589964e+03
3543303;RIBEIRÃO PIRES;1995;water;6,04203056701646e+02
3543303;RIBEIRÃO PIRES;1996;farming;2,50809459366451e+03
3543303;RIBEIRÃO PIRES;1996;native_vegetation;5,05130137724596e+03
3543303;RIBEIRÃO PIRES;1996;non_vegetated_other;4,85636151306151e+01
3543303;RIBEIRÃO PIRES;1996;urban;1,68662740321653e+03
3543303;RIBEIRÃO PIRES;1996;water;6,01004552398669e+02
3543303;RIBEIRÃO PIRES;1997;farming;2,49718740608518e+03
3543303;RIBEIRÃO PIRES;1997;native_vegetation;5,05588931132802e+03
3543303;RIBEIRÃO PIRES;1997;non_vegetated_other;4,17548665710449e+01
3543303;RIBEIRÃO PIRES;1997;urban;1,70246142696531e+03
3543303;RIBEIRÃO PIRES;1997;water;5,98298530706777e+02
3543303;RIBEIRÃO PIRES;1998;farming;2,41096894317013e+03
3543303;RIBEIRÃO PIRES;1998;native_vegetation;5,12323906516107e+03
3543303;RIBEIRÃO PIRES;1998;non_vegetated_other;3,97857756347656e+01
3543303;RIBEIRÃO PIRES;1998;urban;1,72559637238765e+03
3543303;RIBEIRÃO PIRES;1998;water;5,96001385302724e+02
3543303;RIBEIRÃO PIRES;1999;farming;2,31219933338004e+03
3543303;RIBEIRÃO PIRES;1999;native_vegetation;5,20461836777343e+03
3543303;RIBEIRÃO PIRES;1999;non_vegetated_other;3,42089830383300e+01
3543303;RIBEIRÃO PIRES;1999;urban;1,74692357014154e+03
3543303;RIBEIRÃO PIRES;1999;water;5,97641287322987e+02
3543303;RIBEIRÃO PIRES;2000;farming;2,28963661336050e+03
3543303;RIBEIRÃO PIRES;2000;native_vegetation;5,24948717371822e+03
3543303;RIBEIRÃO PIRES;2000;non_vegetated_other;3,42913962524414e+01
3543303;RIBEIRÃO PIRES;2000;urban;1,75881863020622e+03
3543303;RIBEIRÃO PIRES;2000;water;5,63357728118887e+02
3543303;RIBEIRÃO PIRES;2001;farming;2,28241798267815e+03
3543303;RIBEIRÃO PIRES;2001;native_vegetation;5,25694982218625e+03
3543303;RIBEIRÃO PIRES;2001;non_vegetated_other;3,32248132873535e+01
3543303;RIBEIRÃO PIRES;2001;urban;1,76529964654534e+03
3543303;RIBEIRÃO PIRES;2001;water;5,57699276959222e+02
3543303;RIBEIRÃO PIRES;2002;farming;2,25912268765864e+03
3543303;RIBEIRÃO PIRES;2002;native_vegetation;5,25801567706296e+03
3543303;RIBEIRÃO PIRES;2002;non_vegetated_other;3,32245989868164e+01
3543303;RIBEIRÃO PIRES;2002;urban;1,78359256493524e+03
3543303;RIBEIRÃO PIRES;2002;water;5,61636013012687e+02
3543303;RIBEIRÃO PIRES;2003;farming;2,24058120331413e+03
3543303;RIBEIRÃO PIRES;2003;native_vegetation;5,28122858038938e+03
3543303;RIBEIRÃO PIRES;2003;non_vegetated_other;2,80558572265625e+01
3543303;RIBEIRÃO PIRES;2003;urban;1,80377450438837e+03
3543303;RIBEIRÃO PIRES;2003;water;5,41951396337888e+02
3543303;RIBEIRÃO PIRES;2004;farming;2,27872822258905e+03
3543303;RIBEIRÃO PIRES;2004;native_vegetation;5,24233982714842e+03
3543303;RIBEIRÃO PIRES;2004;non_vegetated_other;2,50205991271972e+01
3543303;RIBEIRÃO PIRES;2004;urban;1,81690150171502e+03
3543303;RIBEIRÃO PIRES;2004;water;5,32601391076657e+02
3543303;RIBEIRÃO PIRES;2005;farming;2,22680031423333e+03
3543303;RIBEIRÃO PIRES;2005;native_vegetation;5,28188132514037e+03
3543303;RIBEIRÃO PIRES;2005;non_vegetated_other;2,35437744018554e+01
3543303;RIBEIRÃO PIRES;2005;urban;1,82887816119986e+03
3543303;RIBEIRÃO PIRES;2005;water;5,34487966680905e+02
3543303;RIBEIRÃO PIRES;2006;farming;2,23032079103384e+03
3543303;RIBEIRÃO PIRES;2006;native_vegetation;5,26917128116453e+03
3543303;RIBEIRÃO PIRES;2006;non_vegetated_other;2,19854897216797e+01
3543303;RIBEIRÃO PIRES;2006;urban;1,84126588972159e+03
3543303;RIBEIRÃO PIRES;2006;water;5,32848090014646e+02
3543303;RIBEIRÃO PIRES;2007;farming;2,23138582690420e+03
3543303;RIBEIRÃO PIRES;2007;native_vegetation;5,26006750004881e+03
3543303;RIBEIRÃO PIRES;2007;non_vegetated_other;2,09190047058105e+01
3543303;RIBEIRÃO PIRES;2007;urban;1,84471134874259e+03
3543303;RIBEIRÃO PIRES;2007;water;5,38507861254880e+02
3543303;RIBEIRÃO PIRES;2008;farming;2,16919674212030e+03
3543303;RIBEIRÃO PIRES;2008;native_vegetation;5,30978602777096e+03
3543303;RIBEIRÃO PIRES;2008;non_vegetated_other;2,83834217346192e+01
3543303;RIBEIRÃO PIRES;2008;urban;1,86201965441277e+03
3543303;RIBEIRÃO PIRES;2008;water;5,26205695617673e+02
3543303;RIBEIRÃO PIRES;2009;farming;2,14048436890864e+03
3543303;RIBEIRÃO PIRES;2009;native_vegetation;5,32463382045289e+03
3543303;RIBEIRÃO PIRES;2009;non_vegetated_other;3,27306700622559e+01
3543303;RIBEIRÃO PIRES;2009;urban;1,87670464256585e+03
3543303;RIBEIRÃO PIRES;2009;water;5,21038039666746e+02
3543303;RIBEIRÃO PIRES;2010;farming;2,03547820010982e+03
3543303;RIBEIRÃO PIRES;2010;native_vegetation;5,41511742939447e+03
3543303;RIBEIRÃO PIRES;2010;non_vegetated_other;3,37969595825196e+01
3543303;RIBEIRÃO PIRES;2010;urban;1,89623017186885e+03
3543303;RIBEIRÃO PIRES;2010;water;5,14968780700681e+02
3543303;RIBEIRÃO PIRES;2011;farming;2,01062768672482e+03
3543303;RIBEIRÃO PIRES;2011;native_vegetation;5,43364987313230e+03
3543303;RIBEIRÃO PIRES;2011;non_vegetated_other;3,74065988159180e+01
3543303;RIBEIRÃO PIRES;2011;urban;1,90558178051754e+03
3543303;RIBEIRÃO PIRES;2011;water;5,08325602465818e+02
3543303;RIBEIRÃO PIRES;2012;farming;1,96550865443722e+03
3543303;RIBEIRÃO PIRES;2012;native_vegetation;5,45374639454957e+03
3543303;RIBEIRÃO PIRES;2012;non_vegetated_other;3,69964459960937e+01
3543303;RIBEIRÃO PIRES;2012;urban;1,93618107489008e+03
3543303;RIBEIRÃO PIRES;2012;water;5,03158971783444e+02
3543303;RIBEIRÃO PIRES;2013;farming;1,94729389377439e+03
3543303;RIBEIRÃO PIRES;2013;native_vegetation;5,38523802449946e+03
3543303;RIBEIRÃO PIRES;2013;non_vegetated_other;7,04726433044432e+01
3543303;RIBEIRÃO PIRES;2013;urban;1,98745975411981e+03
3543303;RIBEIRÃO PIRES;2013;water;5,05127225958249e+02
3543303;RIBEIRÃO PIRES;2014;farming;1,90676825823974e+03
3543303;RIBEIRÃO PIRES;2014;native_vegetation;5,39984323193965e+03
3543303;RIBEIRÃO PIRES;2014;non_vegetated_other;6,80116677429198e+01
3543303;RIBEIRÃO PIRES;2014;urban;2,01420138718257e+03
3543303;RIBEIRÃO PIRES;2014;water;5,06766996551512e+02
3543303;RIBEIRÃO PIRES;2015;farming;1,90151528516845e+03
3543303;RIBEIRÃO PIRES;2015;native_vegetation;5,39713643342280e+03
3543303;RIBEIRÃO PIRES;2015;non_vegetated_other;6,73557960632324e+01
3543303;RIBEIRÃO PIRES;2015;urban;2,02962451385495e+03
3543303;RIBEIRÃO PIRES;2015;water;4,99959513146969e+02
3543303;RIBEIRÃO PIRES;2016;farming;1,91800443305052e+03
3543303;RIBEIRÃO PIRES;2016;native_vegetation;5,37162119573976e+03
3543303;RIBEIRÃO PIRES;2016;non_vegetated_other;6,47312588684081e+01
3543303;RIBEIRÃO PIRES;2016;urban;2,04373559887693e+03
3543303;RIBEIRÃO PIRES;2016;water;4,97499055120846e+02
3543303;RIBEIRÃO PIRES;2017;farming;1,89421274136350e+03
3543303;RIBEIRÃO PIRES;2017;native_vegetation;5,37728228214726e+03
3543303;RIBEIRÃO PIRES;2017;non_vegetated_other;6,52237827453612e+01
3543303;RIBEIRÃO PIRES;2017;urban;2,06301392001951e+03
3543303;RIBEIRÃO PIRES;2017;water;4,95858815380856e+02
3543303;RIBEIRÃO PIRES;2018;farming;1,93703833214109e+03
3543303;RIBEIRÃO PIRES;2018;native_vegetation;5,32814013835447e+03
3543303;RIBEIRÃO PIRES;2018;non_vegetated_other;6,22703231079100e+01
3543303;RIBEIRÃO PIRES;2018;urban;2,07433416997679e+03
3543303;RIBEIRÃO PIRES;2018;water;4,93808578076167e+02
3543303;RIBEIRÃO PIRES;2019;farming;1,93547612496946e+03
3543303;RIBEIRÃO PIRES;2019;native_vegetation;5,32338428231809e+03
3543303;RIBEIRÃO PIRES;2019;non_vegetated_other;6,07116712158202e+01
3543303;RIBEIRÃO PIRES;2019;urban;2,08516353364255e+03
3543303;RIBEIRÃO PIRES;2019;water;4,90855929510493e+02
3543303;RIBEIRÃO PIRES;2020;farming;1,91455537156983e+03
3543303;RIBEIRÃO PIRES;2020;native_vegetation;5,32092524700926e+03
3543303;RIBEIRÃO PIRES;2020;non_vegetated_other;5,97269234558104e+01
3543303;RIBEIRÃO PIRES;2020;urban;2,10739536439816e+03
3543303;RIBEIRÃO PIRES;2020;water;4,92988635223383e+02
3543303;RIBEIRÃO PIRES;2021;farming;1,93145299780883e+03
3543303;RIBEIRÃO PIRES;2021;native_vegetation;5,29262302516479e+03
3543303;RIBEIRÃO PIRES;2021;non_vegetated_other;5,83322876525877e+01
3543303;RIBEIRÃO PIRES;2021;urban;2,12700244666743e+03
3543303;RIBEIRÃO PIRES;2021;water;4,86180784362785e+02
3543303;RIBEIRÃO PIRES;2022;farming;1,89396301719360e+03
3543303;RIBEIRÃO PIRES;2022;native_vegetation;5,31329555989988e+03
3543303;RIBEIRÃO PIRES;2022;non_vegetated_other;5,89056725341796e+01
3543303;RIBEIRÃO PIRES;2022;urban;2,14390260500484e+03
3543303;RIBEIRÃO PIRES;2022;water;4,85524687023920e+02
3543303;RIBEIRÃO PIRES;2023;farming;1,90585676375732e+03
3543303;RIBEIRÃO PIRES;2023;native_vegetation;5,28171246202394e+03
3543303;RIBEIRÃO PIRES;2023;non_vegetated_other;6,00541189147949e+01
3543303;RIBEIRÃO PIRES;2023;urban;2,15793253596188e+03
3543303;RIBEIRÃO PIRES;2023;water;4,90035660998528e+02
3543303;RIBEIRÃO PIRES;2024;farming;1,88025933410035e+03
3543303;RIBEIRÃO PIRES;2024;native_vegetation;5,28803051614381e+03
3543303;RIBEIRÃO PIRES;2024;non_vegetated_other;6,21868877014159e+01
3543303;RIBEIRÃO PIRES;2024;urban;2,18155809376830e+03
3543303;RIBEIRÃO PIRES;2024;water;4,83556709942621e+02
3544103;RIO GRANDE DA SERRA;1985;farming;7,19807211730951e+02
3544103;RIO GRANDE DA SERRA;1985;native_vegetation;2,57652069958499e+03
3544103;RIO GRANDE DA SERRA;1985;non_vegetated_other;1,45970027770996e+01
3544103;RIO GRANDE DA SERRA;1985;urban;2,25764576654053e+02
3544103;RIO GRANDE DA SERRA;1985;water;9,75093879028314e+01
3544103;RIO GRANDE DA SERRA;1986;farming;7,20709844238275e+02
3544103;RIO GRANDE DA SERRA;1986;native_vegetation;2,58209765281375e+03
3544103;RIO GRANDE DA SERRA;1986;non_vegetated_other;1,02505798461914e+01
3544103;RIO GRANDE DA SERRA;1986;urban;2,32734824243163e+02
3544103;RIO GRANDE DA SERRA;1986;water;8,84059775085447e+01
3544103;RIO GRANDE DA SERRA;1987;farming;8,14772640026838e+02
3544103;RIO GRANDE DA SERRA;1987;native_vegetation;2,49090490009159e+03
3544103;RIO GRANDE DA SERRA;1987;non_vegetated_other;8,52854271850586e+00
3544103;RIO GRANDE DA SERRA;1987;urban;2,44216250244141e+02
3544103;RIO GRANDE DA SERRA;1987;water;7,57765455688467e+01
3544103;RIO GRANDE DA SERRA;1988;farming;8,45362485906973e+02
3544103;RIO GRANDE DA SERRA;1988;native_vegetation;2,44596300829468e+03
3544103;RIO GRANDE DA SERRA;1988;non_vegetated_other;9,43053842163087e+00
3544103;RIO GRANDE DA SERRA;1988;urban;2,58404468005371e+02
3544103;RIO GRANDE DA SERRA;1988;water;7,50383780212394e+01
3544103;RIO GRANDE DA SERRA;1989;farming;8,48889099694812e+02
3544103;RIO GRANDE DA SERRA;1989;native_vegetation;2,42062203824463e+03
3544103;RIO GRANDE DA SERRA;1989;non_vegetated_other;1,20546820922851e+01
3544103;RIO GRANDE DA SERRA;1989;urban;2,71362172833251e+02
3544103;RIO GRANDE DA SERRA;1989;water;8,12708857849118e+01
3544103;RIO GRANDE DA SERRA;1990;farming;8,59384941265865e+02
3544103;RIO GRANDE DA SERRA;1990;native_vegetation;2,39413430338138e+03
3544103;RIO GRANDE DA SERRA;1990;non_vegetated_other;1,14806107116699e+01
3544103;RIO GRANDE DA SERRA;1990;urban;2,82515435083007e+02
3544103;RIO GRANDE DA SERRA;1990;water;8,66835882080077e+01
3544103;RIO GRANDE DA SERRA;1991;farming;8,55366899066156e+02
3544103;RIO GRANDE DA SERRA;1991;native_vegetation;2,38412873814701e+03
3544103;RIO GRANDE DA SERRA;1991;non_vegetated_other;1,15626160034180e+01
3544103;RIO GRANDE DA SERRA;1991;urban;2,92028568969725e+02
3544103;RIO GRANDE DA SERRA;1991;water;9,11120564636232e+01
3544103;RIO GRANDE DA SERRA;1992;farming;8,41343692425526e+02
3544103;RIO GRANDE DA SERRA;1992;native_vegetation;2,38913132847293e+03
3544103;RIO GRANDE DA SERRA;1992;non_vegetated_other;1,18086310485840e+01
3544103;RIO GRANDE DA SERRA;1992;urban;3,04739467620849e+02
3544103;RIO GRANDE DA SERRA;1992;water;8,71757590820312e+01
3544103;RIO GRANDE DA SERRA;1993;farming;8,49461195507803e+02
3544103;RIO GRANDE DA SERRA;1993;native_vegetation;2,38642603529056e+03
3544103;RIO GRANDE DA SERRA;1993;non_vegetated_other;1,09065998779297e+01
3544103;RIO GRANDE DA SERRA;1993;urban;3,14088776690674e+02
3544103;RIO GRANDE DA SERRA;1993;water;7,33162712829582e+01
3544103;RIO GRANDE DA SERRA;1994;farming;8,31007077185052e+02
3544103;RIO GRANDE DA SERRA;1994;native_vegetation;2,40693013758548e+03
3544103;RIO GRANDE DA SERRA;1994;non_vegetated_other;7,54436033325195e+00
3544103;RIO GRANDE DA SERRA;1994;urban;3,17451203088379e+02
3544103;RIO GRANDE DA SERRA;1994;water;7,12661004577631e+01
3544103;RIO GRANDE DA SERRA;1995;farming;7,90575516467276e+02
3544103;RIO GRANDE DA SERRA;1995;native_vegetation;2,44473748510132e+03
3544103;RIO GRANDE DA SERRA;1995;non_vegetated_other;6,72430708618164e+00
3544103;RIO GRANDE DA SERRA;1995;urban;3,26226127679443e+02
3544103;RIO GRANDE DA SERRA;1995;water;6,59354423156736e+01
3544103;RIO GRANDE DA SERRA;1996;farming;7,55065269213854e+02
3544103;RIO GRANDE DA SERRA;1996;native_vegetation;2,47458953480226e+03
3544103;RIO GRANDE DA SERRA;1996;non_vegetated_other;4,10014451293945e+00
3544103;RIO GRANDE DA SERRA;1996;urban;3,38609056738279e+02
3544103;RIO GRANDE DA SERRA;1996;water;6,18348733825683e+01
3544103;RIO GRANDE DA SERRA;1997;farming;7,28657788348381e+02
3544103;RIO GRANDE DA SERRA;1997;native_vegetation;2,50189885282596e+03
3544103;RIO GRANDE DA SERRA;1997;non_vegetated_other;2,62407213134765e+00
3544103;RIO GRANDE DA SERRA;1997;urban;3,41807600671384e+02
3544103;RIO GRANDE DA SERRA;1997;water;5,92105646728516e+01
3544103;RIO GRANDE DA SERRA;1998;farming;6,70430867810055e+02
3544103;RIO GRANDE DA SERRA;1998;native_vegetation;2,55528728192144e+03
3544103;RIO GRANDE DA SERRA;1998;non_vegetated_other;1,96803360595703e+00
3544103;RIO GRANDE DA SERRA;1998;urban;3,48204228021238e+02
3544103;RIO GRANDE DA SERRA;1998;water;5,83084672912598e+01
3544103;RIO GRANDE DA SERRA;1999;farming;6,29672641076660e+02
3544103;RIO GRANDE DA SERRA;1999;native_vegetation;2,59219157528689e+03
3544103;RIO GRANDE DA SERRA;1999;non_vegetated_other;1,88602582397461e+00
3544103;RIO GRANDE DA SERRA;1999;urban;3,52796231896971e+02
3544103;RIO GRANDE DA SERRA;1999;water;5,76524045654297e+01
3544103;RIO GRANDE DA SERRA;2000;farming;6,47469982141113e+02
3544103;RIO GRANDE DA SERRA;2000;native_vegetation;2,58079129393314e+03
3544103;RIO GRANDE DA SERRA;2000;non_vegetated_other;3,60819039306641e+00
3544103;RIO GRANDE DA SERRA;2000;urban;3,55830484118651e+02
3544103;RIO GRANDE DA SERRA;2000;water;4,64989280639650e+01
3544103;RIO GRANDE DA SERRA;2001;farming;6,47552149755859e+02
3544103;RIO GRANDE DA SERRA;2001;native_vegetation;2,58005287750858e+03
3544103;RIO GRANDE DA SERRA;2001;non_vegetated_other;4,59244244384766e+00
3544103;RIO GRANDE DA SERRA;2001;urban;3,58044822534178e+02
3544103;RIO GRANDE DA SERRA;2001;water;4,39565864074709e+01
3544103;RIO GRANDE DA SERRA;2002;farming;6,39925413909910e+02
3544103;RIO GRANDE DA SERRA;2002;native_vegetation;2,58046349700321e+03
3544103;RIO GRANDE DA SERRA;2002;non_vegetated_other;4,67444176025391e+00
3544103;RIO GRANDE DA SERRA;2002;urban;3,64686951605223e+02
3544103;RIO GRANDE DA SERRA;2002;water;4,44485743713380e+01
3544103;RIO GRANDE DA SERRA;2003;farming;6,38285457238765e+02
3544103;RIO GRANDE DA SERRA;2003;native_vegetation;2,58136541493533e+03
3544103;RIO GRANDE DA SERRA;2003;non_vegetated_other;4,75643527221680e+00
3544103;RIO GRANDE DA SERRA;2003;urban;3,65917115313719e+02
3544103;RIO GRANDE DA SERRA;2003;water;4,38744558898927e+01
3544103;RIO GRANDE DA SERRA;2004;farming;6,71828175671382e+02
3544103;RIO GRANDE DA SERRA;2004;native_vegetation;2,54913480245366e+03
3544103;RIO GRANDE DA SERRA;2004;non_vegetated_other;4,10037635498047e+00
3544103;RIO GRANDE DA SERRA;2004;urban;3,68459420477293e+02
3544103;RIO GRANDE DA SERRA;2004;water;4,06761036926271e+01
3544103;RIO GRANDE DA SERRA;2005;farming;6,64938572088618e+02
3544103;RIO GRANDE DA SERRA;2005;native_vegetation;2,55971476298221e+03
3544103;RIO GRANDE DA SERRA;2005;non_vegetated_other;3,44432504882813e+00
3544103;RIO GRANDE DA SERRA;2005;urban;3,69279494293211e+02
3544103;RIO GRANDE DA SERRA;2005;water;3,68217242370607e+01
3544103;RIO GRANDE DA SERRA;2006;farming;6,60018035211176e+02
3544103;RIO GRANDE DA SERRA;2006;native_vegetation;2,56258531172489e+03
3544103;RIO GRANDE DA SERRA;2006;non_vegetated_other;3,03422993774414e+00
3544103;RIO GRANDE DA SERRA;2006;urban;3,71821556109617e+02
3544103;RIO GRANDE DA SERRA;2006;water;3,67397456665040e+01
3544103;RIO GRANDE DA SERRA;2007;farming;6,60181514154043e+02
3544103;RIO GRANDE DA SERRA;2007;native_vegetation;2,55856752999271e+03
3544103;RIO GRANDE DA SERRA;2007;non_vegetated_other;2,95222000122070e+00
3544103;RIO GRANDE DA SERRA;2007;urban;3,74117720849608e+02
3544103;RIO GRANDE DA SERRA;2007;water;3,83798936523439e+01
3544103;RIO GRANDE DA SERRA;2008;farming;6,57065309844963e+02
3544103;RIO GRANDE DA SERRA;2008;native_vegetation;2,55922414871219e+03
3544103;RIO GRANDE DA SERRA;2008;non_vegetated_other;2,87021934814453e+00
3544103;RIO GRANDE DA SERRA;2008;urban;3,79119547155758e+02
3544103;RIO GRANDE DA SERRA;2008;water;3,59196535888673e+01
3544103;RIO GRANDE DA SERRA;2009;farming;6,59279553802482e+02
3544103;RIO GRANDE DA SERRA;2009;native_vegetation;2,55618984820560e+03
3544103;RIO GRANDE DA SERRA;2009;non_vegetated_other;2,87022697143555e+00
3544103;RIO GRANDE DA SERRA;2009;urban;3,80513629968258e+02
3544103;RIO GRANDE DA SERRA;2009;water;3,53456197021486e+01
3544103;RIO GRANDE DA SERRA;2010;farming;6,23851794537345e+02
3544103;RIO GRANDE DA SERRA;2010;native_vegetation;2,57989183450931e+03
3544103;RIO GRANDE DA SERRA;2010;non_vegetated_other;3,85434520874023e+00
3544103;RIO GRANDE DA SERRA;2010;urban;3,93141475738524e+02
3544103;RIO GRANDE DA SERRA;2010;water;3,34594286560060e+01
3544103;RIO GRANDE DA SERRA;2011;farming;6,15404948870844e+02
3544103;RIO GRANDE DA SERRA;2011;native_vegetation;2,58907697407229e+03
3544103;RIO GRANDE DA SERRA;2011;non_vegetated_other;4,18240584716797e+00
3544103;RIO GRANDE DA SERRA;2011;urban;3,96011513085936e+02
3544103;RIO GRANDE DA SERRA;2011;water;2,95230367736817e+01
3544103;RIO GRANDE DA SERRA;2012;farming;5,82928339794921e+02
3544103;RIO GRANDE DA SERRA;2012;native_vegetation;2,61753581920167e+03
3544103;RIO GRANDE DA SERRA;2012;non_vegetated_other;3,52632868041992e+00
3544103;RIO GRANDE DA SERRA;2012;urban;4,02407575665282e+02
3544103;RIO GRANDE DA SERRA;2012;water;2,78008153076172e+01
3544103;RIO GRANDE DA SERRA;2013;farming;5,62426525372310e+02
3544103;RIO GRANDE DA SERRA;2013;native_vegetation;2,62221090184327e+03
3544103;RIO GRANDE DA SERRA;2013;non_vegetated_other;2,46009851074219e+00
3544103;RIO GRANDE DA SERRA;2013;urban;4,19710574865719e+02
3544103;RIO GRANDE DA SERRA;2013;water;2,73907780578613e+01
3544103;RIO GRANDE DA SERRA;2014;farming;5,56111179071043e+02
3544103;RIO GRANDE DA SERRA;2014;native_vegetation;2,62795237603150e+03
3544103;RIO GRANDE DA SERRA;2014;non_vegetated_other;2,70622895507812e+00
3544103;RIO GRANDE DA SERRA;2014;urban;4,23236641735836e+02
3544103;RIO GRANDE DA SERRA;2014;water;2,41924528564453e+01
3544103;RIO GRANDE DA SERRA;2015;farming;5,66936078686522e+02
3544103;RIO GRANDE DA SERRA;2015;native_vegetation;2,62114598266603e+03
3544103;RIO GRANDE DA SERRA;2015;non_vegetated_other;2,62423112792969e+00
3544103;RIO GRANDE DA SERRA;2015;urban;4,26106669140621e+02
3544103;RIO GRANDE DA SERRA;2015;water;1,73859170288086e+01
3544103;RIO GRANDE DA SERRA;2016;farming;5,89407204449462e+02
3544103;RIO GRANDE DA SERRA;2016;native_vegetation;2,59736376510014e+03
3544103;RIO GRANDE DA SERRA;2016;non_vegetated_other;3,28018318481445e+00
3544103;RIO GRANDE DA SERRA;2016;urban;4,34388531152339e+02
3544103;RIO GRANDE DA SERRA;2016;water;9,75919476318358e+00
3544103;RIO GRANDE DA SERRA;2017;farming;5,78254548315428e+02
3544103;RIO GRANDE DA SERRA;2017;native_vegetation;2,60088999885258e+03
3544103;RIO GRANDE DA SERRA;2017;non_vegetated_other;3,28018318481445e+00
3544103;RIO GRANDE DA SERRA;2017;urban;4,45787331524654e+02
3544103;RIO GRANDE DA SERRA;2017;water;5,98681677246094e+00
3544103;RIO GRANDE DA SERRA;2018;farming;5,95640724932861e+02
3544103;RIO GRANDE DA SERRA;2018;native_vegetation;2,57645129665531e+03
3544103;RIO GRANDE DA SERRA;2018;non_vegetated_other;3,52619707641601e+00
3544103;RIO GRANDE DA SERRA;2018;urban;4,53741982849117e+02
3544103;RIO GRANDE DA SERRA;2018;water;4,83867713623047e+00
3544103;RIO GRANDE DA SERRA;2019;farming;5,97773414410400e+02
3544103;RIO GRANDE DA SERRA;2019;native_vegetation;2,57136656937871e+03
3544103;RIO GRANDE DA SERRA;2019;non_vegetated_other;3,52618214721680e+00
3544103;RIO GRANDE DA SERRA;2019;urban;4,57104094378657e+02
3544103;RIO GRANDE DA SERRA;2019;water;4,42861833496094e+00
3544103;RIO GRANDE DA SERRA;2020;farming;5,86210340539551e+02
3544103;RIO GRANDE DA SERRA;2020;native_vegetation;2,57513922761235e+03
3544103;RIO GRANDE DA SERRA;2020;non_vegetated_other;4,10024739379883e+00
3544103;RIO GRANDE DA SERRA;2020;urban;4,64238435662834e+02
3544103;RIO GRANDE DA SERRA;2020;water;4,51062744140625e+00
3544103;RIO GRANDE DA SERRA;2021;farming;5,96461651202393e+02
3544103;RIO GRANDE DA SERRA;2021;native_vegetation;2,55635935032357e+03
3544103;RIO GRANDE DA SERRA;2021;non_vegetated_other;3,52606741333008e+00
3544103;RIO GRANDE DA SERRA;2021;urban;4,73587208929434e+02
3544103;RIO GRANDE DA SERRA;2021;water;4,26460078125000e+00
3544103;RIO GRANDE DA SERRA;2022;farming;5,75959481292723e+02
3544103;RIO GRANDE DA SERRA;2022;native_vegetation;2,57546741138314e+03
3544103;RIO GRANDE DA SERRA;2022;non_vegetated_other;3,93614645996094e+00
3544103;RIO GRANDE DA SERRA;2022;urban;4,75309312890617e+02
3544103;RIO GRANDE DA SERRA;2022;water;3,52652662353516e+00
3544103;RIO GRANDE DA SERRA;2023;farming;5,78994199609372e+02
3544103;RIO GRANDE DA SERRA;2023;native_vegetation;2,57005496192635e+03
3544103;RIO GRANDE DA SERRA;2023;non_vegetated_other;3,28024367675781e+00
3544103;RIO GRANDE DA SERRA;2023;urban;4,80229208367913e+02
3544103;RIO GRANDE DA SERRA;2023;water;1,64026506958008e+00
3544103;RIO GRANDE DA SERRA;2024;farming;5,81044904742432e+02
3544103;RIO GRANDE DA SERRA;2024;native_vegetation;2,56316610025643e+03
3544103;RIO GRANDE DA SERRA;2024;non_vegetated_other;3,52627066040039e+00
3544103;RIO GRANDE DA SERRA;2024;urban;4,85231387939447e+02
3544103;RIO GRANDE DA SERRA;2024;water;1,23021505126953e+00
3545001;SALESÓPOLIS;1985;farming;1,30573155717773e+04
3545001;SALESÓPOLIS;1985;native_vegetation;2,74593863196241e+04
3545001;SALESÓPOLIS;1985;non_vegetated_other;1,87268645019531e+01
3545001;SALESÓPOLIS;1985;urban;1,04478825134279e+02
3545001;SALESÓPOLIS;1985;water;1,85947484678951e+03
3545001;SALESÓPOLIS;1986;farming;1,30310423651916e+04
3545001;SALESÓPOLIS;1986;native_vegetation;2,74315557996901e+04
3545001;SALESÓPOLIS;1986;non_vegetated_other;4,92740003662109e+00
3545001;SALESÓPOLIS;1986;urban;1,05710803607179e+02
3545001;SALESÓPOLIS;1986;water;1,92614605930170e+03
3545001;SALESÓPOLIS;1987;farming;1,33237001825684e+04
3545001;SALESÓPOLIS;1987;native_vegetation;2,70445418107859e+04
3545001;SALESÓPOLIS;1987;non_vegetated_other;5,83062669067383e+00
3545001;SALESÓPOLIS;1987;urban;1,06614293200685e+02
3545001;SALESÓPOLIS;1987;water;2,01869551458124e+03
3545001;SALESÓPOLIS;1988;farming;1,34646053217286e+04
3545001;SALESÓPOLIS;1988;native_vegetation;2,69047035080090e+04
3545001;SALESÓPOLIS;1988;non_vegetated_other;5,74850472412109e+00
3545001;SALESÓPOLIS;1988;urban;1,08749871130373e+02
3545001;SALESÓPOLIS;1988;water;2,01557522223505e+03
3545001;SALESÓPOLIS;1989;farming;1,35542583619323e+04
3545001;SALESÓPOLIS;1989;native_vegetation;2,68410777840100e+04
3545001;SALESÓPOLIS;1989;non_vegetated_other;5,09146695556641e+00
3545001;SALESÓPOLIS;1989;urban;1,14335470080568e+02
3545001;SALESÓPOLIS;1989;water;1,98461934484857e+03
3545001;SALESÓPOLIS;1990;farming;1,35745984373109e+04
3545001;SALESÓPOLIS;1990;native_vegetation;2,68085805342064e+04
3545001;SALESÓPOLIS;1990;non_vegetated_other;5,33792626953125e+00
3545001;SALESÓPOLIS;1990;urban;1,24273900396731e+02
3545001;SALESÓPOLIS;1990;water;1,98659162964471e+03
3545001;SALESÓPOLIS;1991;farming;1,36155578047915e+04
3545001;SALESÓPOLIS;1991;native_vegetation;2,67047174480558e+04
3545001;SALESÓPOLIS;1991;non_vegetated_other;4,51708629150391e+00
3545001;SALESÓPOLIS;1991;urban;1,31009092962649e+02
3545001;SALESÓPOLIS;1991;water;2,04358099572748e+03
3545001;SALESÓPOLIS;1992;farming;1,36800165370853e+04
3545001;SALESÓPOLIS;1992;native_vegetation;2,66813131275905e+04
3545001;SALESÓPOLIS;1992;non_vegetated_other;3,61418115234375e+00
3545001;SALESÓPOLIS;1992;urban;1,39715922955325e+02
3545001;SALESÓPOLIS;1992;water;1,99472265904534e+03
3545001;SALESÓPOLIS;1993;farming;1,37150744994202e+04
3545001;SALESÓPOLIS;1993;native_vegetation;2,66341810061057e+04
3545001;SALESÓPOLIS;1993;non_vegetated_other;2,46413523559570e+00
3545001;SALESÓPOLIS;1993;urban;1,48586680627444e+02
3545001;SALESÓPOLIS;1993;water;1,99907610643915e+03
3545001;SALESÓPOLIS;1994;farming;1,62246792495545e+04
3545001;SALESÓPOLIS;1994;native_vegetation;2,41235034698686e+04
3545001;SALESÓPOLIS;1994;non_vegetated_other;1,72495885009766e+00
3545001;SALESÓPOLIS;1994;urban;1,52693501092532e+02
3545001;SALESÓPOLIS;1994;water;1,99678124846186e+03
3545001;SALESÓPOLIS;1995;farming;1,64542912915832e+04
3545001;SALESÓPOLIS;1995;native_vegetation;2,37944506267122e+04
3545001;SALESÓPOLIS;1995;non_vegetated_other;9,03553924560547e-01
3545001;SALESÓPOLIS;1995;urban;1,56143125878909e+02
3545001;SALESÓPOLIS;1995;water;2,09359382973017e+03
3545001;SALESÓPOLIS;1996;farming;1,65326246860718e+04
3545001;SALESÓPOLIS;1996;native_vegetation;2,36821977459981e+04
3545001;SALESÓPOLIS;1996;non_vegetated_other;4,10807788085937e-01
3545001;SALESÓPOLIS;1996;urban;1,62056792199710e+02
3545001;SALESÓPOLIS;1996;water;2,12209239577021e+03
3545001;SALESÓPOLIS;1997;farming;1,68532801557312e+04
3545001;SALESÓPOLIS;1997;native_vegetation;2,34216521249267e+04
3545001;SALESÓPOLIS;1997;non_vegetated_other;5,75056500244141e-01
3545001;SALESÓPOLIS;1997;urban;1,64356522955325e+02
3545001;SALESÓPOLIS;1997;water;2,05951856771235e+03
3545001;SALESÓPOLIS;1998;farming;1,69774513331055e+04
3545001;SALESÓPOLIS;1998;native_vegetation;2,32533100682252e+04
3545001;SALESÓPOLIS;1998;non_vegetated_other;5,75056500244141e-01
3545001;SALESÓPOLIS;1998;urban;1,71091536315921e+02
3545001;SALESÓPOLIS;1998;water;2,09695443367915e+03
3545001;SALESÓPOLIS;1999;farming;1,70245714807617e+04
3545001;SALESÓPOLIS;1999;native_vegetation;2,31029639300673e+04
3545001;SALESÓPOLIS;1999;non_vegetated_other;9,69258910522461e+00
3545001;SALESÓPOLIS;1999;urban;1,78976705010989e+02
3545001;SALESÓPOLIS;1999;water;2,18317772288203e+03
3545001;SALESÓPOLIS;2000;farming;1,72854545939453e+04
3545001;SALESÓPOLIS;2000;native_vegetation;2,29890318034566e+04
3545001;SALESÓPOLIS;2000;non_vegetated_other;1,75780978759766e+01
3545001;SALESÓPOLIS;2000;urban;1,86451451629641e+02
3545001;SALESÓPOLIS;2000;water;2,02086648092035e+03
3545001;SALESÓPOLIS;2001;farming;1,76046408120911e+04
3545001;SALESÓPOLIS;2001;native_vegetation;2,27557352461991e+04
3545001;SALESÓPOLIS;2001;non_vegetated_other;2,13560395263672e+01
3545001;SALESÓPOLIS;2001;urban;1,93515020233156e+02
3545001;SALESÓPOLIS;2001;water;1,92413530977778e+03
3545001;SALESÓPOLIS;2002;farming;1,79173439541077e+04
3545001;SALESÓPOLIS;2002;native_vegetation;2,24857334673897e+04
3545001;SALESÓPOLIS;2002;non_vegetated_other;2,15203017211914e+01
3545001;SALESÓPOLIS;2002;urban;2,11749453826906e+02
3545001;SALESÓPOLIS;2002;water;1,86303525078121e+03
3545001;SALESÓPOLIS;2003;farming;1,81443284845580e+04
3545001;SALESÓPOLIS;2003;native_vegetation;2,22844471621469e+04
3545001;SALESÓPOLIS;2003;non_vegetated_other;1,79884871337891e+01
3545001;SALESÓPOLIS;2003;urban;2,25465719781496e+02
3545001;SALESÓPOLIS;2003;water;1,82715257420651e+03
3545001;SALESÓPOLIS;2004;farming;1,84021041072512e+04
3545001;SALESÓPOLIS;2004;native_vegetation;2,20989341627876e+04
3545001;SALESÓPOLIS;2004;non_vegetated_other;1,66740771728516e+01
3545001;SALESÓPOLIS;2004;urban;2,28751283142092e+02
3545001;SALESÓPOLIS;2004;water;1,75291879747312e+03
3545001;SALESÓPOLIS;2005;farming;1,85220576779176e+04
3545001;SALESÓPOLIS;2005;native_vegetation;2,17975286900578e+04
3545001;SALESÓPOLIS;2005;non_vegetated_other;1,25671391296387e+01
3545001;SALESÓPOLIS;2005;urban;2,30393861779787e+02
3545001;SALESÓPOLIS;2005;water;1,93683505894163e+03
3545001;SALESÓPOLIS;2006;farming;1,83237880985839e+04
3545001;SALESÓPOLIS;2006;native_vegetation;2,15887441614262e+04
3545001;SALESÓPOLIS;2006;non_vegetated_other;1,24031339721680e+01
3545001;SALESÓPOLIS;2006;urban;2,31297365185549e+02
3545001;SALESÓPOLIS;2006;water;2,34314966865840e+03
3545001;SALESÓPOLIS;2007;farming;1,84407838330140e+04
3545001;SALESÓPOLIS;2007;native_vegetation;2,13458419162663e+04
3545001;SALESÓPOLIS;2007;non_vegetated_other;1,17460303955078e+01
3545001;SALESÓPOLIS;2007;urban;2,33186445782473e+02
3545001;SALESÓPOLIS;2007;water;2,46782420236812e+03
3545001;SALESÓPOLIS;2008;farming;1,86400143199646e+04
3545001;SALESÓPOLIS;2008;native_vegetation;2,12167369098515e+04
3545001;SALESÓPOLIS;2008;non_vegetated_other;6,16056306152344e+00
3545001;SALESÓPOLIS;2008;urban;2,34172076098635e+02
3545001;SALESÓPOLIS;2008;water;2,40229855885008e+03
3545001;SALESÓPOLIS;2009;farming;1,86078954070558e+04
3545001;SALESÓPOLIS;2009;native_vegetation;2,12550060620672e+04
3545001;SALESÓPOLIS;2009;non_vegetated_other;4,76418294067383e+00
3545001;SALESÓPOLIS;2009;urban;2,38607144592287e+02
3545001;SALESÓPOLIS;2009;water;2,39310963117064e+03
3545001;SALESÓPOLIS;2010;farming;1,84972041547551e+04
3545001;SALESÓPOLIS;2010;native_vegetation;2,12232898799201e+04
3545001;SALESÓPOLIS;2010;non_vegetated_other;3,03920420532227e+00
3545001;SALESÓPOLIS;2010;urban;2,39839132775881e+02
3545001;SALESÓPOLIS;2010;water;2,53601005617064e+03
3545001;SALESÓPOLIS;2011;farming;1,85106632094366e+04
3545001;SALESÓPOLIS;2011;native_vegetation;2,12336476910469e+04
3545001;SALESÓPOLIS;2011;non_vegetated_other;3,36776562500000e+00
3545001;SALESÓPOLIS;2011;urban;2,41317505133059e+02
3545001;SALESÓPOLIS;2011;water;2,51038625658566e+03
3545001;SALESÓPOLIS;2012;farming;1,86999574051760e+04
3545001;SALESÓPOLIS;2012;native_vegetation;2,11787992903571e+04
3545001;SALESÓPOLIS;2012;non_vegetated_other;2,71064458618164e+00
3545001;SALESÓPOLIS;2012;urban;2,48956364410402e+02
3545001;SALESÓPOLIS;2012;water;2,36895872329708e+03
3545001;SALESÓPOLIS;2013;farming;1,88022845536809e+04
3545001;SALESÓPOLIS;2013;native_vegetation;2,10833771204777e+04
3545001;SALESÓPOLIS;2013;non_vegetated_other;2,87487239379883e+00
3545001;SALESÓPOLIS;2013;urban;2,53391638201906e+02
3545001;SALESÓPOLIS;2013;water;2,35745424307247e+03
3545001;SALESÓPOLIS;2014;farming;1,90798627255927e+04
3545001;SALESÓPOLIS;2014;native_vegetation;2,09374693373417e+04
3545001;SALESÓPOLIS;2014;non_vegetated_other;3,03915285644531e+00
3545001;SALESÓPOLIS;2014;urban;2,56430487158205e+02
3545001;SALESÓPOLIS;2014;water;2,22258072487793e+03
3545001;SALESÓPOLIS;2015;farming;1,93264863151553e+04
3545001;SALESÓPOLIS;2015;native_vegetation;2,08738304320744e+04
3545001;SALESÓPOLIS;2015;non_vegetated_other;5,33793662109375e+00
3545001;SALESÓPOLIS;2015;urban;2,57908917089845e+02
3545001;SALESÓPOLIS;2015;water;2,03581882688598e+03
3545001;SALESÓPOLIS;2016;farming;1,94182058422732e+04
3545001;SALESÓPOLIS;2016;native_vegetation;2,08137964086307e+04
3545001;SALESÓPOLIS;2016;non_vegetated_other;3,44870849609375e+00
3545001;SALESÓPOLIS;2016;urban;2,61194359240724e+02
3545001;SALESÓPOLIS;2016;water;2,00273710918578e+03
3545001;SALESÓPOLIS;2017;farming;1,92553499731509e+04
3545001;SALESÓPOLIS;2017;native_vegetation;2,08260373374760e+04
3545001;SALESÓPOLIS;2017;non_vegetated_other;1,06772229614258e+00
3545001;SALESÓPOLIS;2017;urban;2,67026145520021e+02
3545001;SALESÓPOLIS;2017;water;2,14990124938355e+03
3545001;SALESÓPOLIS;2018;farming;1,91768468326237e+04
3545001;SALESÓPOLIS;2018;native_vegetation;2,08190560811649e+04
3545001;SALESÓPOLIS;2018;non_vegetated_other;6,57135668945313e-01
3545001;SALESÓPOLIS;2018;urban;2,68340319830324e+02
3545001;SALESÓPOLIS;2018;water;2,23448205853880e+03
3545001;SALESÓPOLIS;2019;farming;1,91234625545538e+04
3545001;SALESÓPOLIS;2019;native_vegetation;2,07182936234136e+04
3545001;SALESÓPOLIS;2019;non_vegetated_other;6,57135668945313e-01
3545001;SALESÓPOLIS;2019;urban;2,70065139843751e+02
3545001;SALESÓPOLIS;2019;water;2,38690397434689e+03
3545001;SALESÓPOLIS;2020;farming;1,91103267120426e+04
3545001;SALESÓPOLIS;2020;native_vegetation;2,06640892940008e+04
3545001;SALESÓPOLIS;2020;non_vegetated_other;6,57135668945313e-01
3545001;SALESÓPOLIS;2020;urban;2,72857682238771e+02
3545001;SALESÓPOLIS;2020;water;2,45145160387571e+03
3545001;SALESÓPOLIS;2021;farming;1,92881340486089e+04
3545001;SALESÓPOLIS;2021;native_vegetation;2,06825883585333e+04
3545001;SALESÓPOLIS;2021;non_vegetated_other;9,03304418945313e-01
3545001;SALESÓPOLIS;2021;urban;2,78278920776368e+02
3545001;SALESÓPOLIS;2021;water;2,24947779548946e+03
3545001;SALESÓPOLIS;2022;farming;1,93787988959538e+04
3545001;SALESÓPOLIS;2022;native_vegetation;2,06534426770148e+04
3545001;SALESÓPOLIS;2022;non_vegetated_other;1,14947349853516e+00
3545001;SALESÓPOLIS;2022;urban;2,80743046484376e+02
3545001;SALESÓPOLIS;2022;water;2,18524833487544e+03
3545001;SALESÓPOLIS;2023;farming;1,92561517383610e+04
3545001;SALESÓPOLIS;2023;native_vegetation;2,05770629186653e+04
3545001;SALESÓPOLIS;2023;non_vegetated_other;1,88798139648438e+00
3545001;SALESÓPOLIS;2023;urban;2,87067421478272e+02
3545001;SALESÓPOLIS;2023;water;2,37721236792600e+03
3545001;SALESÓPOLIS;2024;farming;1,93387695481326e+04
3545001;SALESÓPOLIS;2024;native_vegetation;2,05813405661140e+04
3545001;SALESÓPOLIS;2024;non_vegetated_other;1,97012294311523e+00
3545001;SALESÓPOLIS;2024;urban;2,89695755920411e+02
3545001;SALESÓPOLIS;2024;water;2,28760643471676e+03
3547304;SANTANA DE PARNAÍBA;1985;farming;8,24271573579724e+03
3547304;SANTANA DE PARNAÍBA;1985;native_vegetation;8,08859475024980e+03
3547304;SANTANA DE PARNAÍBA;1985;non_vegetated_other;1,61078421124269e+02
3547304;SANTANA DE PARNAÍBA;1985;urban;9,88796634216222e+02
3547304;SANTANA DE PARNAÍBA;1985;water;5,13320643798818e+02
3547304;SANTANA DE PARNAÍBA;1986;farming;8,30411863319709e+03
3547304;SANTANA DE PARNAÍBA;1986;native_vegetation;7,93612868972127e+03
3547304;SANTANA DE PARNAÍBA;1986;non_vegetated_other;1,33460235211183e+02
3547304;SANTANA DE PARNAÍBA;1986;urban;1,07772572535388e+03
3547304;SANTANA DE PARNAÍBA;1986;water;5,43072901702873e+02
3547304;SANTANA DE PARNAÍBA;1987;farming;8,44152896550292e+03
3547304;SANTANA DE PARNAÍBA;1987;native_vegetation;7,77726534887648e+03
3547304;SANTANA DE PARNAÍBA;1987;non_vegetated_other;1,28034910687257e+02
3547304;SANTANA DE PARNAÍBA;1987;urban;1,12144947413928e+03
3547304;SANTANA DE PARNAÍBA;1987;water;5,26227485980218e+02
3547304;SANTANA DE PARNAÍBA;1988;farming;8,44942008099976e+03
3547304;SANTANA DE PARNAÍBA;1988;native_vegetation;7,65398594853484e+03
3547304;SANTANA DE PARNAÍBA;1988;non_vegetated_other;1,32145194000245e+02
3547304;SANTANA DE PARNAÍBA;1988;urban;1,24834403876330e+03
3547304;SANTANA DE PARNAÍBA;1988;water;5,10610922888174e+02
3547304;SANTANA DE PARNAÍBA;1989;farming;8,35153938607177e+03
3547304;SANTANA DE PARNAÍBA;1989;native_vegetation;7,67684425716512e+03
3547304;SANTANA DE PARNAÍBA;1989;non_vegetated_other;1,52936238922121e+02
3547304;SANTANA DE PARNAÍBA;1989;urban;1,35534331052840e+03
3547304;SANTANA DE PARNAÍBA;1989;water;4,57842992498773e+02
3547304;SANTANA DE PARNAÍBA;1990;farming;8,16432513436897e+03
3547304;SANTANA DE PARNAÍBA;1990;native_vegetation;7,72763643613237e+03
3547304;SANTANA DE PARNAÍBA;1990;non_vegetated_other;1,52935937463381e+02
3547304;SANTANA DE PARNAÍBA;1990;urban;1,49752123391711e+03
3547304;SANTANA DE PARNAÍBA;1990;water;4,52087443304436e+02
3547304;SANTANA DE PARNAÍBA;1991;farming;7,91981631383668e+03
3547304;SANTANA DE PARNAÍBA;1991;native_vegetation;7,89159929260186e+03
3547304;SANTANA DE PARNAÍBA;1991;non_vegetated_other;1,40690234814454e+02
3547304;SANTANA DE PARNAÍBA;1991;urban;1,56968029429306e+03
3547304;SANTANA DE PARNAÍBA;1991;water;4,72720049639889e+02
3547304;SANTANA DE PARNAÍBA;1992;farming;7,81511644619143e+03
3547304;SANTANA DE PARNAÍBA;1992;native_vegetation;7,98241055205654e+03
3547304;SANTANA DE PARNAÍBA;1992;non_vegetated_other;1,39045505352784e+02
3547304;SANTANA DE PARNAÍBA;1992;urban;1,60058478068221e+03
3547304;SANTANA DE PARNAÍBA;1992;water;4,57348900903314e+02
3547304;SANTANA DE PARNAÍBA;1993;farming;7,55896138166505e+03
3547304;SANTANA DE PARNAÍBA;1993;native_vegetation;8,24489206339038e+03
3547304;SANTANA DE PARNAÍBA;1993;non_vegetated_other;1,23101715759278e+02
3547304;SANTANA DE PARNAÍBA;1993;urban;1,66362882930897e+03
3547304;SANTANA DE PARNAÍBA;1993;water;4,03922195062258e+02
3547304;SANTANA DE PARNAÍBA;1994;farming;7,51622798184194e+03
3547304;SANTANA DE PARNAÍBA;1994;native_vegetation;8,25959708953777e+03
3547304;SANTANA DE PARNAÍBA;1994;non_vegetated_other;1,03788881463623e+02
3547304;SANTANA DE PARNAÍBA;1994;urban;1,72453389260247e+03
3547304;SANTANA DE PARNAÍBA;1994;water;3,90358339739993e+02
3547304;SANTANA DE PARNAÍBA;1995;farming;7,52519027890624e+03
3547304;SANTANA DE PARNAÍBA;1995;native_vegetation;8,18867040945968e+03
3547304;SANTANA DE PARNAÍBA;1995;non_vegetated_other;1,04774701989746e+02
3547304;SANTANA DE PARNAÍBA;1995;urban;1,80655933867195e+03
3547304;SANTANA DE PARNAÍBA;1995;water;3,69311456158448e+02
3547304;SANTANA DE PARNAÍBA;1996;farming;7,44620833129873e+03
3547304;SANTANA DE PARNAÍBA;1996;native_vegetation;8,12974147626275e+03
3547304;SANTANA DE PARNAÍBA;1996;non_vegetated_other;1,13242766729736e+02
3547304;SANTANA DE PARNAÍBA;1996;urban;1,94200351226202e+03
3547304;SANTANA DE PARNAÍBA;1996;water;3,63310098632813e+02
3547304;SANTANA DE PARNAÍBA;1997;farming;7,33886146714478e+03
3547304;SANTANA DE PARNAÍBA;1997;native_vegetation;8,19541644836988e+03
3547304;SANTANA DE PARNAÍBA;1997;non_vegetated_other;1,14642430871582e+02
3547304;SANTANA DE PARNAÍBA;1997;urban;2,00036229074100e+03
3547304;SANTANA DE PARNAÍBA;1997;water;3,45223548059082e+02
3547304;SANTANA DE PARNAÍBA;1998;farming;7,33541620805043e+03
3547304;SANTANA DE PARNAÍBA;1998;native_vegetation;8,15480820528501e+03
3547304;SANTANA DE PARNAÍBA;1998;non_vegetated_other;1,13328389025878e+02
3547304;SANTANA DE PARNAÍBA;1998;urban;2,04778820086066e+03
3547304;SANTANA DE PARNAÍBA;1998;water;3,43165181964112e+02
3547304;SANTANA DE PARNAÍBA;1999;farming;7,30302737331531e+03
3547304;SANTANA DE PARNAÍBA;1999;native_vegetation;8,12670189470135e+03
3547304;SANTANA DE PARNAÍBA;1999;non_vegetated_other;1,16780134973144e+02
3547304;SANTANA DE PARNAÍBA;1999;urban;2,11946433421032e+03
3547304;SANTANA DE PARNAÍBA;1999;water;3,28532447985840e+02
3547304;SANTANA DE PARNAÍBA;2000;farming;7,30573146978147e+03
3547304;SANTANA DE PARNAÍBA;2000;native_vegetation;8,06860507670227e+03
3547304;SANTANA DE PARNAÍBA;2000;non_vegetated_other;1,23931798834228e+02
3547304;SANTANA DE PARNAÍBA;2000;urban;2,21077398163466e+03
3547304;SANTANA DE PARNAÍBA;2000;water;2,85463858233644e+02
3547304;SANTANA DE PARNAÍBA;2001;farming;7,31411259119272e+03
3547304;SANTANA DE PARNAÍBA;2001;native_vegetation;7,98600395528522e+03
3547304;SANTANA DE PARNAÍBA;2001;non_vegetated_other;1,33054487847900e+02
3547304;SANTANA DE PARNAÍBA;2001;urban;2,26666399437266e+03
3547304;SANTANA DE PARNAÍBA;2001;water;2,94671156488039e+02
3547304;SANTANA DE PARNAÍBA;2002;farming;7,33768689412846e+03
3547304;SANTANA DE PARNAÍBA;2002;native_vegetation;7,82541524367038e+03
3547304;SANTANA DE PARNAÍBA;2002;non_vegetated_other;1,37658926239014e+02
3547304;SANTANA DE PARNAÍBA;2002;urban;2,39085482333990e+03
3547304;SANTANA DE PARNAÍBA;2002;water;3,02890297808840e+02
3547304;SANTANA DE PARNAÍBA;2003;farming;7,32642771958010e+03
3547304;SANTANA DE PARNAÍBA;2003;native_vegetation;7,71446161000335e+03
3547304;SANTANA DE PARNAÍBA;2003;non_vegetated_other;1,49002359393311e+02
3547304;SANTANA DE PARNAÍBA;2003;urban;2,50205575548097e+03
3547304;SANTANA DE PARNAÍBA;2003;water;3,02558740728762e+02
3547304;SANTANA DE PARNAÍBA;2004;farming;7,35469012055666e+03
3547304;SANTANA DE PARNAÍBA;2004;native_vegetation;7,58584011011947e+03
3547304;SANTANA DE PARNAÍBA;2004;non_vegetated_other;1,54676844226075e+02
3547304;SANTANA DE PARNAÍBA;2004;urban;2,59978263342892e+03
3547304;SANTANA DE PARNAÍBA;2004;water;2,99516476855471e+02
3547304;SANTANA DE PARNAÍBA;2005;farming;7,37540092208859e+03
3547304;SANTANA DE PARNAÍBA;2005;native_vegetation;7,48310474418315e+03
3547304;SANTANA DE PARNAÍBA;2005;non_vegetated_other;1,56732920764161e+02
3547304;SANTANA DE PARNAÍBA;2005;urban;2,67580526520987e+03
3547304;SANTANA DE PARNAÍBA;2005;water;3,03462332940676e+02
3547304;SANTANA DE PARNAÍBA;2006;farming;7,29625525076291e+03
3547304;SANTANA DE PARNAÍBA;2006;native_vegetation;7,48072350311865e+03
3547304;SANTANA DE PARNAÍBA;2006;non_vegetated_other;1,59940359869386e+02
3547304;SANTANA DE PARNAÍBA;2006;urban;2,76497603659056e+03
3547304;SANTANA DE PARNAÍBA;2006;water;2,92611034844973e+02
3547304;SANTANA DE PARNAÍBA;2007;farming;7,27776065557246e+03
3547304;SANTANA DE PARNAÍBA;2007;native_vegetation;7,41908474926743e+03
3547304;SANTANA DE PARNAÍBA;2007;non_vegetated_other;1,72517398284914e+02
3547304;SANTANA DE PARNAÍBA;2007;urban;2,84256008764652e+03
3547304;SANTANA DE PARNAÍBA;2007;water;2,82583294415285e+02
3547304;SANTANA DE PARNAÍBA;2008;farming;7,24554456179804e+03
3547304;SANTANA DE PARNAÍBA;2008;native_vegetation;7,41004402587879e+03
3547304;SANTANA DE PARNAÍBA;2008;non_vegetated_other;1,73175075177004e+02
3547304;SANTANA DE PARNAÍBA;2008;urban;2,88800991463627e+03
3547304;SANTANA DE PARNAÍBA;2008;water;2,77732607696535e+02
3547304;SANTANA DE PARNAÍBA;2009;farming;7,14798371588733e+03
3547304;SANTANA DE PARNAÍBA;2009;native_vegetation;7,42722571513643e+03
3547304;SANTANA DE PARNAÍBA;2009;non_vegetated_other;1,80899966235353e+02
3547304;SANTANA DE PARNAÍBA;2009;urban;2,96222594720460e+03
3547304;SANTANA DE PARNAÍBA;2009;water;2,76170840722658e+02
3547304;SANTANA DE PARNAÍBA;2010;farming;7,06161311707758e+03
3547304;SANTANA DE PARNAÍBA;2010;native_vegetation;7,47956857899145e+03
3547304;SANTANA DE PARNAÍBA;2010;non_vegetated_other;1,78927073052980e+02
3547304;SANTANA DE PARNAÍBA;2010;urban;3,00948753526001e+03
3547304;SANTANA DE PARNAÍBA;2010;water;2,64909880804445e+02
3547304;SANTANA DE PARNAÍBA;2011;farming;6,99216813245231e+03
3547304;SANTANA DE PARNAÍBA;2011;native_vegetation;7,50191760163551e+03
3547304;SANTANA DE PARNAÍBA;2011;non_vegetated_other;1,76132129754640e+02
3547304;SANTANA DE PARNAÍBA;2011;urban;3,07006316333005e+03
3547304;SANTANA DE PARNAÍBA;2011;water;2,54225158013918e+02
3547304;SANTANA DE PARNAÍBA;2012;farming;6,86247287570185e+03
3547304;SANTANA DE PARNAÍBA;2012;native_vegetation;7,56002119411592e+03
3547304;SANTANA DE PARNAÍBA;2012;non_vegetated_other;1,87149422613528e+02
3547304;SANTANA DE PARNAÍBA;2012;urban;3,13655406253659e+03
3547304;SANTANA DE PARNAÍBA;2012;water;2,48308630218508e+02
3547304;SANTANA DE PARNAÍBA;2013;farming;6,73687906599730e+03
3547304;SANTANA DE PARNAÍBA;2013;native_vegetation;7,56634637972985e+03
3547304;SANTANA DE PARNAÍBA;2013;non_vegetated_other;2,02768801348880e+02
3547304;SANTANA DE PARNAÍBA;2013;urban;3,24332575166014e+03
3547304;SANTANA DE PARNAÍBA;2013;water;2,45186186450198e+02
3547304;SANTANA DE PARNAÍBA;2014;farming;6,55532034150389e+03
3547304;SANTANA DE PARNAÍBA;2014;native_vegetation;7,62642928350797e+03
3547304;SANTANA DE PARNAÍBA;2014;non_vegetated_other;2,00385736029056e+02
3547304;SANTANA DE PARNAÍBA;2014;urban;3,37540552597662e+03
3547304;SANTANA DE PARNAÍBA;2014;water;2,36965298168947e+02
3547304;SANTANA DE PARNAÍBA;2015;farming;6,49277435640256e+03
3547304;SANTANA DE PARNAÍBA;2015;native_vegetation;7,61582420636559e+03
3547304;SANTANA DE PARNAÍBA;2015;non_vegetated_other;2,15346195989994e+02
3547304;SANTANA DE PARNAÍBA;2015;urban;3,43162487086191e+03
3547304;SANTANA DE PARNAÍBA;2015;water;2,38936555566408e+02
3547304;SANTANA DE PARNAÍBA;2016;farming;6,39768195260006e+03
3547304;SANTANA DE PARNAÍBA;2016;native_vegetation;7,66800885252644e+03
3547304;SANTANA DE PARNAÍBA;2016;non_vegetated_other;2,16334381329350e+02
3547304;SANTANA DE PARNAÍBA;2016;urban;3,47115938475354e+03
3547304;SANTANA DE PARNAÍBA;2016;water;2,41321613977053e+02
3547304;SANTANA DE PARNAÍBA;2017;farming;6,33973712587270e+03
3547304;SANTANA DE PARNAÍBA;2017;native_vegetation;7,71469436029008e+03
3547304;SANTANA DE PARNAÍBA;2017;non_vegetated_other;2,18225856304936e+02
3547304;SANTANA DE PARNAÍBA;2017;urban;3,49951514525767e+03
3547304;SANTANA DE PARNAÍBA;2017;water;2,22333697460940e+02
3547304;SANTANA DE PARNAÍBA;2018;farming;6,29683417244248e+03
3547304;SANTANA DE PARNAÍBA;2018;native_vegetation;7,68378414421942e+03
3547304;SANTANA DE PARNAÍBA;2018;non_vegetated_other;2,16417520898441e+02
3547304;SANTANA DE PARNAÍBA;2018;urban;3,57719136316541e+03
3547304;SANTANA DE PARNAÍBA;2018;water;2,20278984460452e+02
3547304;SANTANA DE PARNAÍBA;2019;farming;6,22122199872416e+03
3547304;SANTANA DE PARNAÍBA;2019;native_vegetation;7,69454925973467e+03
3547304;SANTANA DE PARNAÍBA;2019;non_vegetated_other;2,14773473333743e+02
3547304;SANTANA DE PARNAÍBA;2019;urban;3,63932570430925e+03
3547304;SANTANA DE PARNAÍBA;2019;water;2,24635749084475e+02
3547304;SANTANA DE PARNAÍBA;2020;farming;6,15523078726185e+03
3547304;SANTANA DE PARNAÍBA;2020;native_vegetation;7,63001142170363e+03
3547304;SANTANA DE PARNAÍBA;2020;non_vegetated_other;3,14237578948978e+02
3547304;SANTANA DE PARNAÍBA;2020;urban;3,67943262457296e+03
3547304;SANTANA DE PARNAÍBA;2020;water;2,15593772698977e+02
3547304;SANTANA DE PARNAÍBA;2021;farming;6,12474892395000e+03
3547304;SANTANA DE PARNAÍBA;2021;native_vegetation;7,55718128771916e+03
3547304;SANTANA DE PARNAÍBA;2021;non_vegetated_other;3,58378000610354e+02
3547304;SANTANA DE PARNAÍBA;2021;urban;3,74838631355615e+03
3547304;SANTANA DE PARNAÍBA;2021;water;2,05811659350589e+02
3547304;SANTANA DE PARNAÍBA;2022;farming;6,00804531804180e+03
3547304;SANTANA DE PARNAÍBA;2022;native_vegetation;7,57641260868475e+03
3547304;SANTANA DE PARNAÍBA;2022;non_vegetated_other;3,65856176501469e+02
3547304;SANTANA DE PARNAÍBA;2022;urban;3,82925711570462e+03
3547304;SANTANA DE PARNAÍBA;2022;water;2,14934966253665e+02
3547304;SANTANA DE PARNAÍBA;2023;farming;6,00123323878770e+03
3547304;SANTANA DE PARNAÍBA;2023;native_vegetation;7,55289436572825e+03
3547304;SANTANA DE PARNAÍBA;2023;non_vegetated_other;3,67663568621830e+02
3547304;SANTANA DE PARNAÍBA;2023;urban;3,84224276831689e+03
3547304;SANTANA DE PARNAÍBA;2023;water;2,30472243731691e+02
3547304;SANTANA DE PARNAÍBA;2024;farming;5,91131937615343e+03
3547304;SANTANA DE PARNAÍBA;2024;native_vegetation;7,56070352704422e+03
3547304;SANTANA DE PARNAÍBA;2024;non_vegetated_other;4,07364280560306e+02
3547304;SANTANA DE PARNAÍBA;2024;urban;3,89549549067413e+03
3547304;SANTANA DE PARNAÍBA;2024;water;2,19623510754397e+02
3547809;SANTO ANDRÉ;1985;farming;1,63622228411255e+03
3547809;SANTO ANDRÉ;1985;native_vegetation;8,90779262890057e+03
3547809;SANTO ANDRÉ;1985;non_vegetated_other;8,40584696838382e+01
3547809;SANTO ANDRÉ;1985;urban;6,12073456288411e+03
3547809;SANTO ANDRÉ;1985;water;8,28324074291998e+02
3547809;SANTO ANDRÉ;1986;farming;1,62300785103150e+03
3547809;SANTO ANDRÉ;1986;native_vegetation;8,86022666391641e+03
3547809;SANTO ANDRÉ;1986;non_vegetated_other;7,64322457092287e+01
3547809;SANTO ANDRÉ;1986;urban;6,14387254470777e+03
3547809;SANTO ANDRÉ;1986;water;8,73592714508061e+02
3547809;SANTO ANDRÉ;1987;farming;1,82974577135010e+03
3547809;SANTO ANDRÉ;1987;native_vegetation;8,60875070231970e+03
3547809;SANTO ANDRÉ;1987;non_vegetated_other;6,65902575256349e+01
3547809;SANTO ANDRÉ;1987;urban;6,21206843405712e+03
3547809;SANTO ANDRÉ;1987;water;8,59976854620364e+02
3547809;SANTO ANDRÉ;1988;farming;1,86040583271483e+03
3547809;SANTO ANDRÉ;1988;native_vegetation;8,55798968912999e+03
3547809;SANTO ANDRÉ;1988;non_vegetated_other;5,79803369506836e+01
3547809;SANTO ANDRÉ;1988;urban;6,24594414464062e+03
3547809;SANTO ANDRÉ;1988;water;8,54812016436772e+02
3547809;SANTO ANDRÉ;1989;farming;1,78709804061281e+03
3547809;SANTO ANDRÉ;1989;native_vegetation;8,61636462034340e+03
3547809;SANTO ANDRÉ;1989;non_vegetated_other;5,48661379699706e+01
3547809;SANTO ANDRÉ;1989;urban;6,28728019813193e+03
3547809;SANTO ANDRÉ;1989;water;8,31523022814947e+02
3547809;SANTO ANDRÉ;1990;farming;1,72712585383302e+03
3547809;SANTO ANDRÉ;1990;native_vegetation;8,57911834707679e+03
3547809;SANTO ANDRÉ;1990;non_vegetated_other;5,30615116821288e+01
3547809;SANTO ANDRÉ;1990;urban;6,38056273101771e+03
3547809;SANTO ANDRÉ;1990;water;8,37263576263434e+02
3547809;SANTO ANDRÉ;1991;farming;1,62734009695434e+03
3547809;SANTO ANDRÉ;1991;native_vegetation;8,61247741002851e+03
3547809;SANTO ANDRÉ;1991;non_vegetated_other;5,06017958557128e+01
3547809;SANTO ANDRÉ;1991;urban;6,41386350429661e+03
3547809;SANTO ANDRÉ;1991;water;8,72849212738041e+02
3547809;SANTO ANDRÉ;1992;farming;1,56165531574095e+03
3547809;SANTO ANDRÉ;1992;native_vegetation;8,69084911187221e+03
3547809;SANTO ANDRÉ;1992;non_vegetated_other;5,00280551452636e+01
3547809;SANTO ANDRÉ;1992;urban;6,45315387467618e+03
3547809;SANTO ANDRÉ;1992;water;8,21445662438967e+02
3547809;SANTO ANDRÉ;1993;farming;1,52393247694090e+03
3547809;SANTO ANDRÉ;1993;native_vegetation;8,75258986901307e+03
3547809;SANTO ANDRÉ;1993;non_vegetated_other;4,64197520446777e+01
3547809;SANTO ANDRÉ;1993;urban;6,47981146257898e+03
3547809;SANTO ANDRÉ;1993;water;7,74378459295650e+02
3547809;SANTO ANDRÉ;1994;farming;1,40823628683470e+03
3547809;SANTO ANDRÉ;1994;native_vegetation;8,85467287492712e+03
3547809;SANTO ANDRÉ;1994;non_vegetated_other;4,20732337280273e+01
3547809;SANTO ANDRÉ;1994;urban;6,49670844957241e+03
3547809;SANTO ANDRÉ;1994;water;7,75441174810786e+02
3547809;SANTO ANDRÉ;1995;farming;1,31663915220337e+03
3547809;SANTO ANDRÉ;1995;native_vegetation;8,86000300512125e+03
3547809;SANTO ANDRÉ;1995;non_vegetated_other;4,25656949157715e+01
3547809;SANTO ANDRÉ;1995;urban;6,52599044367036e+03
3547809;SANTO ANDRÉ;1995;water;8,31933723962408e+02
3547809;SANTO ANDRÉ;1996;farming;1,22348757879028e+03
3547809;SANTO ANDRÉ;1996;native_vegetation;8,93740539868822e+03
3547809;SANTO ANDRÉ;1996;non_vegetated_other;4,13359595336914e+01
3547809;SANTO ANDRÉ;1996;urban;6,56388446706505e+03
3547809;SANTO ANDRÉ;1996;water;8,11018615795904e+02
3547809;SANTO ANDRÉ;1997;farming;1,16083776167602e+03
3547809;SANTO ANDRÉ;1997;native_vegetation;9,00135171630325e+03
3547809;SANTO ANDRÉ;1997;non_vegetated_other;3,83023800781250e+01
3547809;SANTO ANDRÉ;1997;urban;6,59825325129970e+03
3547809;SANTO ANDRÉ;1997;water;7,78386910516357e+02
3547809;SANTO ANDRÉ;1998;farming;1,05662129222412e+03
3547809;SANTO ANDRÉ;1998;native_vegetation;9,08366575911292e+03
3547809;SANTO ANDRÉ;1998;non_vegetated_other;4,19102226684570e+01
3547809;SANTO ANDRÉ;1998;urban;6,61884044733243e+03
3547809;SANTO ANDRÉ;1998;water;7,76094298535155e+02
3547809;SANTO ANDRÉ;1999;farming;9,84951868621823e+02
3547809;SANTO ANDRÉ;1999;native_vegetation;9,14254176155431e+03
3547809;SANTO ANDRÉ;1999;non_vegetated_other;4,10901228454589e+01
3547809;SANTO ANDRÉ;1999;urban;6,62835431052214e+03
3547809;SANTO ANDRÉ;1999;water;7,80193956329345e+02
3547809;SANTO ANDRÉ;2000;farming;9,84868295837402e+02
3547809;SANTO ANDRÉ;2000;native_vegetation;9,22552019670444e+03
3547809;SANTO ANDRÉ;2000;non_vegetated_other;4,22384198547363e+01
3547809;SANTO ANDRÉ;2000;urban;6,63335708538177e+03
3547809;SANTO ANDRÉ;2000;water;6,91148022094722e+02
3547809;SANTO ANDRÉ;2001;farming;1,01356055134888e+03
3547809;SANTO ANDRÉ;2001;native_vegetation;9,27307187227207e+03
3547809;SANTO ANDRÉ;2001;non_vegetated_other;4,16638601440429e+01
3547809;SANTO ANDRÉ;2001;urban;6,63499736852996e+03
3547809;SANTO ANDRÉ;2001;water;6,13838367578123e+02
3547809;SANTO ANDRÉ;2002;farming;9,90678456823731e+02
3547809;SANTO ANDRÉ;2002;native_vegetation;9,30365790581089e+03
3547809;SANTO ANDRÉ;2002;non_vegetated_other;4,19918607482910e+01
3547809;SANTO ANDRÉ;2002;urban;6,63868802519501e+03
3547809;SANTO ANDRÉ;2002;water;6,02115771295163e+02
3547809;SANTO ANDRÉ;2003;farming;1,00322888674316e+03
3547809;SANTO ANDRÉ;2003;native_vegetation;9,28905856733434e+03
3547809;SANTO ANDRÉ;2003;non_vegetated_other;3,76457530517578e+01
3547809;SANTO ANDRÉ;2003;urban;6,64360946272555e+03
3547809;SANTO ANDRÉ;2003;water;6,03589350018308e+02
3547809;SANTO ANDRÉ;2004;farming;1,01692380477295e+03
3547809;SANTO ANDRÉ;2004;native_vegetation;9,28848436765174e+03
3547809;SANTO ANDRÉ;2004;non_vegetated_other;2,90359045593262e+01
3547809;SANTO ANDRÉ;2004;urban;6,64713672241794e+03
3547809;SANTO ANDRÉ;2004;water;5,95551220471191e+02
3547809;SANTO ANDRÉ;2005;farming;9,77731322790521e+02
3547809;SANTO ANDRÉ;2005;native_vegetation;9,29217695553626e+03
3547809;SANTO ANDRÉ;2005;non_vegetated_other;2,64942852416992e+01
3547809;SANTO ANDRÉ;2005;urban;6,65197618628514e+03
3547809;SANTO ANDRÉ;2005;water;6,28753270019533e+02
3547809;SANTO ANDRÉ;2006;farming;9,77485208361809e+02
3547809;SANTO ANDRÉ;2006;native_vegetation;9,28766406172521e+03
3547809;SANTO ANDRÉ;2006;non_vegetated_other;2,58384390197754e+01
3547809;SANTO ANDRÉ;2006;urban;6,66124459631935e+03
3547809;SANTO ANDRÉ;2006;water;6,24899714447021e+02
3547809;SANTO ANDRÉ;2007;farming;9,61489226013178e+02
3547809;SANTO ANDRÉ;2007;native_vegetation;9,27757699249913e+03
3547809;SANTO ANDRÉ;2007;non_vegetated_other;2,47724961608887e+01
3547809;SANTO ANDRÉ;2007;urban;6,68806417852141e+03
3547809;SANTO ANDRÉ;2007;water;6,25229126678464e+02
3547809;SANTO ANDRÉ;2008;farming;9,47713517529290e+02
3547809;SANTO ANDRÉ;2008;native_vegetation;9,25092229056433e+03
3547809;SANTO ANDRÉ;2008;non_vegetated_other;2,36244709533692e+01
3547809;SANTO ANDRÉ;2008;urban;6,72751330280121e+03
3547809;SANTO ANDRÉ;2008;water;6,27358438024903e+02
3547809;SANTO ANDRÉ;2009;farming;9,35575568231194e+02
3547809;SANTO ANDRÉ;2009;native_vegetation;9,25797706712683e+03
3547809;SANTO ANDRÉ;2009;non_vegetated_other;2,12461226684570e+01
3547809;SANTO ANDRÉ;2009;urban;6,73407513026093e+03
3547809;SANTO ANDRÉ;2009;water;6,28258131585695e+02
3547809;SANTO ANDRÉ;2010;farming;8,77022732824704e+02
3547809;SANTO ANDRÉ;2010;native_vegetation;9,31849832054484e+03
3547809;SANTO ANDRÉ;2010;non_vegetated_other;2,14924182556152e+01
3547809;SANTO ANDRÉ;2010;urban;6,73948802649506e+03
3547809;SANTO ANDRÉ;2010;water;6,20630521752931e+02
3547809;SANTO ANDRÉ;2011;farming;8,38727617547606e+02
3547809;SANTO ANDRÉ;2011;native_vegetation;9,34236473703053e+03
3547809;SANTO ANDRÉ;2011;non_vegetated_other;2,31335854980469e+01
3547809;SANTO ANDRÉ;2011;urban;6,74334231238983e+03
3547809;SANTO ANDRÉ;2011;water;6,29563767407228e+02
3547809;SANTO ANDRÉ;2012;farming;8,21261762512207e+02
3547809;SANTO ANDRÉ;2012;native_vegetation;9,35909220710508e+03
3547809;SANTO ANDRÉ;2012;non_vegetated_other;2,28055257568360e+01
3547809;SANTO ANDRÉ;2012;urban;6,74777085404023e+03
3547809;SANTO ANDRÉ;2012;water;6,26201670458987e+02
3547809;SANTO ANDRÉ;2013;farming;8,04779835894777e+02
3547809;SANTO ANDRÉ;2013;native_vegetation;9,36524616480778e+03
3547809;SANTO ANDRÉ;2013;non_vegetated_other;1,80468432739258e+01
3547809;SANTO ANDRÉ;2013;urban;6,75170727733125e+03
3547809;SANTO ANDRÉ;2013;water;6,37351898565673e+02
3547809;SANTO ANDRÉ;2014;farming;7,97479172595216e+02
3547809;SANTO ANDRÉ;2014;native_vegetation;9,39066212709423e+03
3547809;SANTO ANDRÉ;2014;non_vegetated_other;1,75547155944824e+01
3547809;SANTO ANDRÉ;2014;urban;6,75818541022311e+03
3547809;SANTO ANDRÉ;2014;water;6,13250594366458e+02
3547809;SANTO ANDRÉ;2015;farming;8,04942585125733e+02
3547809;SANTO ANDRÉ;2015;native_vegetation;9,37958940826487e+03
3547809;SANTO ANDRÉ;2015;non_vegetated_other;1,74727965698242e+01
3547809;SANTO ANDRÉ;2015;urban;6,76376306298191e+03
3547809;SANTO ANDRÉ;2015;water;6,11364166931155e+02
3547809;SANTO ANDRÉ;2016;farming;7,97155167407226e+02
3547809;SANTO ANDRÉ;2016;native_vegetation;9,34983033980176e+03
3547809;SANTO ANDRÉ;2016;non_vegetated_other;1,62423250854492e+01
3547809;SANTO ANDRÉ;2016;urban;6,76696186852391e+03
3547809;SANTO ANDRÉ;2016;water;6,46942319055177e+02
3547809;SANTO ANDRÉ;2017;farming;7,71157862524412e+02
3547809;SANTO ANDRÉ;2017;native_vegetation;9,32211368504712e+03
3547809;SANTO ANDRÉ;2017;non_vegetated_other;1,56679391418457e+01
3547809;SANTO ANDRÉ;2017;urban;6,80198441112043e+03
3547809;SANTO ANDRÉ;2017;water;6,66208122039791e+02
3547809;SANTO ANDRÉ;2018;farming;7,89279695715330e+02
3547809;SANTO ANDRÉ;2018;native_vegetation;9,30194336004098e+03
3547809;SANTO ANDRÉ;2018;non_vegetated_other;1,56677636962891e+01
3547809;SANTO ANDRÉ;2018;urban;6,80337854342634e+03
3547809;SANTO ANDRÉ;2018;water;6,66862656994626e+02
3547809;SANTO ANDRÉ;2019;farming;7,76404177557370e+02
3547809;SANTO ANDRÉ;2019;native_vegetation;9,31932567407299e+03
3547809;SANTO ANDRÉ;2019;non_vegetated_other;1,56678081542969e+01
3547809;SANTO ANDRÉ;2019;urban;6,80903695832502e+03
3547809;SANTO ANDRÉ;2019;water;6,56697401763915e+02
3547809;SANTO ANDRÉ;2020;farming;7,65002853253171e+02
3547809;SANTO ANDRÉ;2020;native_vegetation;9,32374969992140e+03
3547809;SANTO ANDRÉ;2020;non_vegetated_other;1,49294344604492e+01
3547809;SANTO ANDRÉ;2020;urban;6,82330938318459e+03
3547809;SANTO ANDRÉ;2020;water;6,50140649053957e+02
3547809;SANTO ANDRÉ;2021;farming;7,62701522174075e+02
3547809;SANTO ANDRÉ;2021;native_vegetation;9,30447343878244e+03
3547809;SANTO ANDRÉ;2021;non_vegetated_other;1,44373781555176e+01
3547809;SANTO ANDRÉ;2021;urban;6,86120088583345e+03
3547809;SANTO ANDRÉ;2021;water;6,34318794927981e+02
3547809;SANTO ANDRÉ;2022;farming;7,50071673773195e+02
3547809;SANTO ANDRÉ;2022;native_vegetation;9,30258734134594e+03
3547809;SANTO ANDRÉ;2022;non_vegetated_other;1,46011820434570e+01
3547809;SANTO ANDRÉ;2022;urban;6,87243857349824e+03
3547809;SANTO ANDRÉ;2022;water;6,37433249212647e+02
3547809;SANTO ANDRÉ;2023;farming;7,33919366033936e+02
3547809;SANTO ANDRÉ;2023;native_vegetation;9,27495745985181e+03
3547809;SANTO ANDRÉ;2023;non_vegetated_other;1,42730265502930e+01
3547809;SANTO ANDRÉ;2023;urban;6,88400134262666e+03
3547809;SANTO ANDRÉ;2023;water;6,69980824810788e+02
3547809;SANTO ANDRÉ;2024;farming;7,38670584741212e+02
3547809;SANTO ANDRÉ;2024;native_vegetation;9,28889343649369e+03
3547809;SANTO ANDRÉ;2024;non_vegetated_other;1,53397098693848e+01
3547809;SANTO ANDRÉ;2024;urban;6,89827117205171e+03
3547809;SANTO ANDRÉ;2024;water;6,35957116717531e+02
3548708;SÃO BERNARDO DO CAMPO;1985;farming;5,22437545829472e+03
3548708;SÃO BERNARDO DO CAMPO;1985;native_vegetation;2,15517886268049e+04
3548708;SÃO BERNARDO DO CAMPO;1985;non_vegetated_other;1,97242172088623e+02
3548708;SÃO BERNARDO DO CAMPO;1985;urban;6,43152900325894e+03
3548708;SÃO BERNARDO DO CAMPO;1985;water;7,54921245531000e+03
3548708;SÃO BERNARDO DO CAMPO;1986;farming;5,14779449767461e+03
3548708;SÃO BERNARDO DO CAMPO;1986;native_vegetation;2,13208568579094e+04
3548708;SÃO BERNARDO DO CAMPO;1986;non_vegetated_other;1,55275204132080e+02
3548708;SÃO BERNARDO DO CAMPO;1986;urban;6,50804044876672e+03
3548708;SÃO BERNARDO DO CAMPO;1986;water;7,82218070727528e+03
3548708;SÃO BERNARDO DO CAMPO;1987;farming;5,30728369981082e+03
3548708;SÃO BERNARDO DO CAMPO;1987;native_vegetation;2,11766902888784e+04
3548708;SÃO BERNARDO DO CAMPO;1987;non_vegetated_other;1,27323093499756e+02
3548708;SÃO BERNARDO DO CAMPO;1987;urban;6,55445742020827e+03
3548708;SÃO BERNARDO DO CAMPO;1987;water;7,78839321336057e+03
3548708;SÃO BERNARDO DO CAMPO;1988;farming;5,29567077454837e+03
3548708;SÃO BERNARDO DO CAMPO;1988;native_vegetation;2,11727901649956e+04
3548708;SÃO BERNARDO DO CAMPO;1988;non_vegetated_other;1,15270846136475e+02
3548708;SÃO BERNARDO DO CAMPO;1988;urban;6,71799431806592e+03
3548708;SÃO BERNARDO DO CAMPO;1988;water;7,65242161201164e+03
3548708;SÃO BERNARDO DO CAMPO;1989;farming;5,19291486510012e+03
3548708;SÃO BERNARDO DO CAMPO;1989;native_vegetation;2,12452466190237e+04
3548708;SÃO BERNARDO DO CAMPO;1989;non_vegetated_other;9,56768062011718e+01
3548708;SÃO BERNARDO DO CAMPO;1989;urban;6,84740872762404e+03
3548708;SÃO BERNARDO DO CAMPO;1989;water;7,57290069780876e+03
3548708;SÃO BERNARDO DO CAMPO;1990;farming;5,11605219298708e+03
3548708;SÃO BERNARDO DO CAMPO;1990;native_vegetation;2,10556632946944e+04
3548708;SÃO BERNARDO DO CAMPO;1990;non_vegetated_other;9,00151467407228e+01
3548708;SÃO BERNARDO DO CAMPO;1990;urban;6,98830093234792e+03
3548708;SÃO BERNARDO DO CAMPO;1990;water;7,70411614898677e+03
3548708;SÃO BERNARDO DO CAMPO;1991;farming;4,95742273842166e+03
3548708;SÃO BERNARDO DO CAMPO;1991;native_vegetation;2,09738348214094e+04
3548708;SÃO BERNARDO DO CAMPO;1991;non_vegetated_other;7,95170803405762e+01
3548708;SÃO BERNARDO DO CAMPO;1991;urban;7,08859194507400e+03
3548708;SÃO BERNARDO DO CAMPO;1991;water;7,85478113051137e+03
3548708;SÃO BERNARDO DO CAMPO;1992;farming;4,74486653289799e+03
3548708;SÃO BERNARDO DO CAMPO;1992;native_vegetation;2,11669025016164e+04
3548708;SÃO BERNARDO DO CAMPO;1992;non_vegetated_other;7,73864310058593e+01
3548708;SÃO BERNARDO DO CAMPO;1992;urban;7,22718381808418e+03
3548708;SÃO BERNARDO DO CAMPO;1992;water;7,73780843215325e+03
3548708;SÃO BERNARDO DO CAMPO;1993;farming;4,73174589961550e+03
3548708;SÃO BERNARDO DO CAMPO;1993;native_vegetation;2,14214655320850e+04
3548708;SÃO BERNARDO DO CAMPO;1993;non_vegetated_other;7,44352477478028e+01
3548708;SÃO BERNARDO DO CAMPO;1993;urban;7,30697049204037e+03
3548708;SÃO BERNARDO DO CAMPO;1993;water;7,41953054426871e+03
3548708;SÃO BERNARDO DO CAMPO;1994;farming;4,37147873778080e+03
3548708;SÃO BERNARDO DO CAMPO;1994;native_vegetation;2,17477712094303e+04
3548708;SÃO BERNARDO DO CAMPO;1994;non_vegetated_other;5,58295065246582e+01
3548708;SÃO BERNARDO DO CAMPO;1994;urban;7,38265736886550e+03
3548708;SÃO BERNARDO DO CAMPO;1994;water;7,39641089315789e+03
3548708;SÃO BERNARDO DO CAMPO;1995;farming;4,12335580976560e+03
3548708;SÃO BERNARDO DO CAMPO;1995;native_vegetation;2,13681278083975e+04
3548708;SÃO BERNARDO DO CAMPO;1995;non_vegetated_other;4,04178390319825e+01
3548708;SÃO BERNARDO DO CAMPO;1995;urban;7,42956474209528e+03
3548708;SÃO BERNARDO DO CAMPO;1995;water;7,99268151646745e+03
3548708;SÃO BERNARDO DO CAMPO;1996;farming;3,94006402005611e+03
3548708;SÃO BERNARDO DO CAMPO;1996;native_vegetation;2,15545183220995e+04
3548708;SÃO BERNARDO DO CAMPO;1996;non_vegetated_other;4,10727973022462e+01
3548708;SÃO BERNARDO DO CAMPO;1996;urban;7,48803361497134e+03
3548708;SÃO BERNARDO DO CAMPO;1996;water;7,93045896132805e+03
3548708;SÃO BERNARDO DO CAMPO;1997;farming;3,80774901097405e+03
3548708;SÃO BERNARDO DO CAMPO;1997;native_vegetation;2,17248101298158e+04
3548708;SÃO BERNARDO DO CAMPO;1997;non_vegetated_other;3,48422032348634e+01
3548708;SÃO BERNARDO DO CAMPO;1997;urban;7,58702259519000e+03
3548708;SÃO BERNARDO DO CAMPO;1997;water;7,79972377654408e+03
3548708;SÃO BERNARDO DO CAMPO;1998;farming;3,52587303857416e+03
3548708;SÃO BERNARDO DO CAMPO;1998;native_vegetation;2,19141214198907e+04
3548708;SÃO BERNARDO DO CAMPO;1998;non_vegetated_other;3,61539470703126e+01
3548708;SÃO BERNARDO DO CAMPO;1998;urban;7,66049447888134e+03
3548708;SÃO BERNARDO DO CAMPO;1998;water;7,81750483134145e+03
3548708;SÃO BERNARDO DO CAMPO;1999;farming;3,28508574024653e+03
3548708;SÃO BERNARDO DO CAMPO;1999;native_vegetation;2,20080328669846e+04
3548708;SÃO BERNARDO DO CAMPO;1999;non_vegetated_other;4,21357425659180e+01
3548708;SÃO BERNARDO DO CAMPO;1999;urban;7,69607778306842e+03
3548708;SÃO BERNARDO DO CAMPO;1999;water;7,92281558289177e+03
3548708;SÃO BERNARDO DO CAMPO;2000;farming;3,38481453275143e+03
3548708;SÃO BERNARDO DO CAMPO;2000;native_vegetation;2,24135155139391e+04
3548708;SÃO BERNARDO DO CAMPO;2000;non_vegetated_other;7,82608018859862e+01
3548708;SÃO BERNARDO DO CAMPO;2000;urban;7,72813677661091e+03
3548708;SÃO BERNARDO DO CAMPO;2000;water;7,34942009057002e+03
3548708;SÃO BERNARDO DO CAMPO;2001;farming;3,48602094183955e+03
3548708;SÃO BERNARDO DO CAMPO;2001;native_vegetation;2,25191747416552e+04
3548708;SÃO BERNARDO DO CAMPO;2001;non_vegetated_other;1,03576241534423e+02
3548708;SÃO BERNARDO DO CAMPO;2001;urban;7,75027857980313e+03
3548708;SÃO BERNARDO DO CAMPO;2001;water;7,09509721092513e+03
3548708;SÃO BERNARDO DO CAMPO;2002;farming;3,44290463132319e+03
3548708;SÃO BERNARDO DO CAMPO;2002;native_vegetation;2,25975314840691e+04
3548708;SÃO BERNARDO DO CAMPO;2002;non_vegetated_other;1,05293270709228e+02
3548708;SÃO BERNARDO DO CAMPO;2002;urban;7,75421392639734e+03
3548708;SÃO BERNARDO DO CAMPO;2002;water;7,05420440325904e+03
3548708;SÃO BERNARDO DO CAMPO;2003;farming;3,37240412556147e+03
3548708;SÃO BERNARDO DO CAMPO;2003;native_vegetation;2,27048407008657e+04
3548708;SÃO BERNARDO DO CAMPO;2003;non_vegetated_other;9,51276335449217e+01
3548708;SÃO BERNARDO DO CAMPO;2003;urban;7,76200346266440e+03
3548708;SÃO BERNARDO DO CAMPO;2003;water;7,01977179312109e+03
3548708;SÃO BERNARDO DO CAMPO;2004;farming;3,38560610558468e+03
3548708;SÃO BERNARDO DO CAMPO;2004;native_vegetation;2,26908243054189e+04
3548708;SÃO BERNARDO DO CAMPO;2004;non_vegetated_other;8,53759073852538e+01
3548708;SÃO BERNARDO DO CAMPO;2004;urban;7,76774305891686e+03
3548708;SÃO BERNARDO DO CAMPO;2004;water;7,02459833845191e+03
3548708;SÃO BERNARDO DO CAMPO;2005;farming;3,30488407487788e+03
3548708;SÃO BERNARDO DO CAMPO;2005;native_vegetation;2,26845089494315e+04
3548708;SÃO BERNARDO DO CAMPO;2005;non_vegetated_other;7,95579639831542e+01
3548708;SÃO BERNARDO DO CAMPO;2005;urban;7,77069535103113e+03
3548708;SÃO BERNARDO DO CAMPO;2005;water;7,11450137643409e+03
3548708;SÃO BERNARDO DO CAMPO;2006;farming;3,25652540927731e+03
3548708;SÃO BERNARDO DO CAMPO;2006;native_vegetation;2,27401578476978e+04
3548708;SÃO BERNARDO DO CAMPO;2006;non_vegetated_other;6,80865227172851e+01
3548708;SÃO BERNARDO DO CAMPO;2006;urban;7,77520505141568e+03
3548708;SÃO BERNARDO DO CAMPO;2006;water;7,11417288464942e+03
3548708;SÃO BERNARDO DO CAMPO;2007;farming;3,21210106209714e+03
3548708;SÃO BERNARDO DO CAMPO;2007;native_vegetation;2,26795531527454e+04
3548708;SÃO BERNARDO DO CAMPO;2007;non_vegetated_other;6,44833620971679e+01
3548708;SÃO BERNARDO DO CAMPO;2007;urban;7,83752547634266e+03
3548708;SÃO BERNARDO DO CAMPO;2007;water;7,16048466247545e+03
3548708;SÃO BERNARDO DO CAMPO;2008;farming;3,10022715325927e+03
3548708;SÃO BERNARDO DO CAMPO;2008;native_vegetation;2,27136800901730e+04
3548708;SÃO BERNARDO DO CAMPO;2008;non_vegetated_other;9,62241904968262e+01
3548708;SÃO BERNARDO DO CAMPO;2008;urban;7,92165084861421e+03
3548708;SÃO BERNARDO DO CAMPO;2008;water;7,12236543321514e+03
3548708;SÃO BERNARDO DO CAMPO;2009;farming;3,04930818041991e+03
3548708;SÃO BERNARDO DO CAMPO;2009;native_vegetation;2,26556232683958e+04
3548708;SÃO BERNARDO DO CAMPO;2009;non_vegetated_other;1,10745988024903e+02
3548708;SÃO BERNARDO DO CAMPO;2009;urban;8,01012345083591e+03
3548708;SÃO BERNARDO DO CAMPO;2009;water;7,12834682808210e+03
3548708;SÃO BERNARDO DO CAMPO;2010;farming;2,93428494572753e+03
3548708;SÃO BERNARDO DO CAMPO;2010;native_vegetation;2,28829986617302e+04
3548708;SÃO BERNARDO DO CAMPO;2010;non_vegetated_other;1,09356089831543e+02
3548708;SÃO BERNARDO DO CAMPO;2010;urban;8,03824518670021e+03
3548708;SÃO BERNARDO DO CAMPO;2010;water;6,98926283176858e+03
3548708;SÃO BERNARDO DO CAMPO;2011;farming;2,85903675440061e+03
3548708;SÃO BERNARDO DO CAMPO;2011;native_vegetation;2,29416030132678e+04
3548708;SÃO BERNARDO DO CAMPO;2011;non_vegetated_other;1,05176299462891e+02
3548708;SÃO BERNARDO DO CAMPO;2011;urban;8,05013366130951e+03
3548708;SÃO BERNARDO DO CAMPO;2011;water;6,99819798731670e+03
3548708;SÃO BERNARDO DO CAMPO;2012;farming;2,80788277949829e+03
3548708;SÃO BERNARDO DO CAMPO;2012;native_vegetation;2,29286543362721e+04
3548708;SÃO BERNARDO DO CAMPO;2012;non_vegetated_other;1,03282269512939e+02
3548708;SÃO BERNARDO DO CAMPO;2012;urban;8,08145385368609e+03
3548708;SÃO BERNARDO DO CAMPO;2012;water;7,03287447678812e+03
3548708;SÃO BERNARDO DO CAMPO;2013;farming;2,76163996217650e+03
3548708;SÃO BERNARDO DO CAMPO;2013;native_vegetation;2,30020278312796e+04
3548708;SÃO BERNARDO DO CAMPO;2013;non_vegetated_other;9,83611756591797e+01
3548708;SÃO BERNARDO DO CAMPO;2013;urban;8,09678728337969e+03
3548708;SÃO BERNARDO DO CAMPO;2013;water;6,99533146326272e+03
3548708;SÃO BERNARDO DO CAMPO;2014;farming;2,79638702551879e+03
3548708;SÃO BERNARDO DO CAMPO;2014;native_vegetation;2,30166091921133e+04
3548708;SÃO BERNARDO DO CAMPO;2014;non_vegetated_other;9,50835495727539e+01
3548708;SÃO BERNARDO DO CAMPO;2014;urban;8,10326522003130e+03
3548708;SÃO BERNARDO DO CAMPO;2014;water;6,94280272852147e+03
3548708;SÃO BERNARDO DO CAMPO;2015;farming;2,78188678793947e+03
3548708;SÃO BERNARDO DO CAMPO;2015;native_vegetation;2,30036570224722e+04
3548708;SÃO BERNARDO DO CAMPO;2015;non_vegetated_other;8,39359138732910e+01
3548708;SÃO BERNARDO DO CAMPO;2015;urban;8,11908891562472e+03
3548708;SÃO BERNARDO DO CAMPO;2015;water;6,96557907584816e+03
3548708;SÃO BERNARDO DO CAMPO;2016;farming;2,71492188380739e+03
3548708;SÃO BERNARDO DO CAMPO;2016;native_vegetation;2,29647960340262e+04
3548708;SÃO BERNARDO DO CAMPO;2016;non_vegetated_other;7,77047855407715e+01
3548708;SÃO BERNARDO DO CAMPO;2016;urban;8,15360955801953e+03
3548708;SÃO BERNARDO DO CAMPO;2016;water;7,04311545436378e+03
3548708;SÃO BERNARDO DO CAMPO;2017;farming;2,65721549091799e+03
3548708;SÃO BERNARDO DO CAMPO;2017;native_vegetation;2,29333919072992e+04
3548708;SÃO BERNARDO DO CAMPO;2017;non_vegetated_other;7,62285808837891e+01
3548708;SÃO BERNARDO DO CAMPO;2017;urban;8,16721912739821e+03
3548708;SÃO BERNARDO DO CAMPO;2017;water;7,12009260925887e+03
3548708;SÃO BERNARDO DO CAMPO;2018;farming;2,68903087172853e+03
3548708;SÃO BERNARDO DO CAMPO;2018;native_vegetation;2,28860833449639e+04
3548708;SÃO BERNARDO DO CAMPO;2018;non_vegetated_other;7,27029678283692e+01
3548708;SÃO BERNARDO DO CAMPO;2018;urban;8,17976427889357e+03
3548708;SÃO BERNARDO DO CAMPO;2018;water;7,12656625234360e+03
3548708;SÃO BERNARDO DO CAMPO;2019;farming;2,66853579343875e+03
3548708;SÃO BERNARDO DO CAMPO;2019;native_vegetation;2,28555946879935e+04
3548708;SÃO BERNARDO DO CAMPO;2019;non_vegetated_other;7,34428747558594e+01
3548708;SÃO BERNARDO DO CAMPO;2019;urban;8,19608056343338e+03
3548708;SÃO BERNARDO DO CAMPO;2019;water;7,16049379613642e+03
3548708;SÃO BERNARDO DO CAMPO;2020;farming;2,69525832865603e+03
3548708;SÃO BERNARDO DO CAMPO;2020;native_vegetation;2,28000972594470e+04
3548708;SÃO BERNARDO DO CAMPO;2020;non_vegetated_other;6,84434176391602e+01
3548708;SÃO BERNARDO DO CAMPO;2020;urban;8,21141238302572e+03
3548708;SÃO BERNARDO DO CAMPO;2020;water;7,17893632698965e+03
3548708;SÃO BERNARDO DO CAMPO;2021;farming;2,70901554007570e+03
3548708;SÃO BERNARDO DO CAMPO;2021;native_vegetation;2,27836270560903e+04
3548708;SÃO BERNARDO DO CAMPO;2021;non_vegetated_other;7,12311997436524e+01
3548708;SÃO BERNARDO DO CAMPO;2021;urban;8,24142202637310e+03
3548708;SÃO BERNARDO DO CAMPO;2021;water;7,14885189347530e+03
3548708;SÃO BERNARDO DO CAMPO;2022;farming;2,56949817521975e+03
3548708;SÃO BERNARDO DO CAMPO;2022;native_vegetation;2,26745198702261e+04
3548708;SÃO BERNARDO DO CAMPO;2022;non_vegetated_other;7,26284957763672e+01
3548708;SÃO BERNARDO DO CAMPO;2022;urban;8,32079047769725e+03
3548708;SÃO BERNARDO DO CAMPO;2022;water;7,31671069683826e+03
3548708;SÃO BERNARDO DO CAMPO;2023;farming;2,52687751196900e+03
3548708;SÃO BERNARDO DO CAMPO;2023;native_vegetation;2,26185984197135e+04
3548708;SÃO BERNARDO DO CAMPO;2023;non_vegetated_other;7,13143581481933e+01
3548708;SÃO BERNARDO DO CAMPO;2023;urban;8,36048369429287e+03
3548708;SÃO BERNARDO DO CAMPO;2023;water;7,37687373163444e+03
3548708;SÃO BERNARDO DO CAMPO;2024;farming;2,52269057821046e+03
3548708;SÃO BERNARDO DO CAMPO;2024;native_vegetation;2,26739921849782e+04
3548708;SÃO BERNARDO DO CAMPO;2024;non_vegetated_other;9,64854638000486e+01
3548708;SÃO BERNARDO DO CAMPO;2024;urban;8,39868956730291e+03
3548708;SÃO BERNARDO DO CAMPO;2024;water;7,26228992146596e+03
3548807;SÃO CAETANO DO SUL;1985;urban;1,53211688436282e+03
3548807;SÃO CAETANO DO SUL;1985;water;0,00000000000000e+00
3548807;SÃO CAETANO DO SUL;1986;urban;1,53211688436282e+03
3548807;SÃO CAETANO DO SUL;1986;water;0,00000000000000e+00
3548807;SÃO CAETANO DO SUL;1987;urban;1,53211688436282e+03
3548807;SÃO CAETANO DO SUL;1987;water;0,00000000000000e+00
3548807;SÃO CAETANO DO SUL;1988;urban;1,53211688436282e+03
3548807;SÃO CAETANO DO SUL;1988;water;0,00000000000000e+00
3548807;SÃO CAETANO DO SUL;1989;urban;1,53211688436282e+03
3548807;SÃO CAETANO DO SUL;1989;water;0,00000000000000e+00
3548807;SÃO CAETANO DO SUL;1990;urban;1,53211688436282e+03
3548807;SÃO CAETANO DO SUL;1990;water;0,00000000000000e+00
3548807;SÃO CAETANO DO SUL;1991;urban;1,53211688436282e+03
3548807;SÃO CAETANO DO SUL;1991;water;0,00000000000000e+00
3548807;SÃO CAETANO DO SUL;1992;urban;1,53211688436282e+03
3548807;SÃO CAETANO DO SUL;1992;water;0,00000000000000e+00
3548807;SÃO CAETANO DO SUL;1993;urban;1,53211688436282e+03
3548807;SÃO CAETANO DO SUL;1993;water;0,00000000000000e+00
3548807;SÃO CAETANO DO SUL;1994;urban;1,53211688436282e+03
3548807;SÃO CAETANO DO SUL;1994;water;0,00000000000000e+00
3548807;SÃO CAETANO DO SUL;1995;urban;1,53211688436282e+03
3548807;SÃO CAETANO DO SUL;1995;water;0,00000000000000e+00
3548807;SÃO CAETANO DO SUL;1996;urban;1,53211688436282e+03
3548807;SÃO CAETANO DO SUL;1996;water;0,00000000000000e+00
3548807;SÃO CAETANO DO SUL;1997;urban;1,53211688436282e+03
3548807;SÃO CAETANO DO SUL;1997;water;0,00000000000000e+00
3548807;SÃO CAETANO DO SUL;1998;urban;1,53211688436282e+03
3548807;SÃO CAETANO DO SUL;1998;water;0,00000000000000e+00
3548807;SÃO CAETANO DO SUL;1999;urban;1,53211688436282e+03
3548807;SÃO CAETANO DO SUL;1999;water;0,00000000000000e+00
3548807;SÃO CAETANO DO SUL;2000;urban;1,53211688436282e+03
3548807;SÃO CAETANO DO SUL;2000;water;0,00000000000000e+00
3548807;SÃO CAETANO DO SUL;2001;urban;1,53211688436282e+03
3548807;SÃO CAETANO DO SUL;2001;water;0,00000000000000e+00
3548807;SÃO CAETANO DO SUL;2002;urban;1,53211688436282e+03
3548807;SÃO CAETANO DO SUL;2002;water;0,00000000000000e+00
3548807;SÃO CAETANO DO SUL;2003;urban;1,53211688436282e+03
3548807;SÃO CAETANO DO SUL;2003;water;0,00000000000000e+00
3548807;SÃO CAETANO DO SUL;2004;urban;1,53211688436282e+03
3548807;SÃO CAETANO DO SUL;2004;water;0,00000000000000e+00
3548807;SÃO CAETANO DO SUL;2005;urban;1,53211688436282e+03
3548807;SÃO CAETANO DO SUL;2005;water;0,00000000000000e+00
3548807;SÃO CAETANO DO SUL;2006;urban;1,53211688436282e+03
3548807;SÃO CAETANO DO SUL;2006;water;0,00000000000000e+00
3548807;SÃO CAETANO DO SUL;2007;urban;1,53211688436282e+03
3548807;SÃO CAETANO DO SUL;2007;water;0,00000000000000e+00
3548807;SÃO CAETANO DO SUL;2008;urban;1,53211688436282e+03
3548807;SÃO CAETANO DO SUL;2008;water;0,00000000000000e+00
3548807;SÃO CAETANO DO SUL;2009;urban;1,53211688436282e+03
3548807;SÃO CAETANO DO SUL;2009;water;0,00000000000000e+00
3548807;SÃO CAETANO DO SUL;2010;urban;1,53211688436282e+03
3548807;SÃO CAETANO DO SUL;2010;water;0,00000000000000e+00
3548807;SÃO CAETANO DO SUL;2011;urban;1,53211688436282e+03
3548807;SÃO CAETANO DO SUL;2011;water;0,00000000000000e+00
3548807;SÃO CAETANO DO SUL;2012;urban;1,53211688436282e+03
3548807;SÃO CAETANO DO SUL;2012;water;0,00000000000000e+00
3548807;SÃO CAETANO DO SUL;2013;urban;1,53211688436282e+03
3548807;SÃO CAETANO DO SUL;2013;water;0,00000000000000e+00
3548807;SÃO CAETANO DO SUL;2014;urban;1,53211688436282e+03
3548807;SÃO CAETANO DO SUL;2014;water;0,00000000000000e+00
3548807;SÃO CAETANO DO SUL;2015;urban;1,53211688436282e+03
3548807;SÃO CAETANO DO SUL;2015;water;0,00000000000000e+00
3548807;SÃO CAETANO DO SUL;2016;urban;1,53211688436282e+03
3548807;SÃO CAETANO DO SUL;2016;water;0,00000000000000e+00
3548807;SÃO CAETANO DO SUL;2017;urban;1,53162432193606e+03
3548807;SÃO CAETANO DO SUL;2017;water;4,92562426757812e-01
3548807;SÃO CAETANO DO SUL;2018;urban;1,53170641539919e+03
3548807;SÃO CAETANO DO SUL;2018;water;4,10468963623047e-01
3548807;SÃO CAETANO DO SUL;2019;urban;1,53211688436282e+03
3548807;SÃO CAETANO DO SUL;2019;water;0,00000000000000e+00
3548807;SÃO CAETANO DO SUL;2020;urban;1,53211688436282e+03
3548807;SÃO CAETANO DO SUL;2020;water;0,00000000000000e+00
3548807;SÃO CAETANO DO SUL;2021;urban;1,53170641539919e+03
3548807;SÃO CAETANO DO SUL;2021;water;4,10468963623047e-01
3548807;SÃO CAETANO DO SUL;2022;urban;1,53211688436282e+03
3548807;SÃO CAETANO DO SUL;2022;water;0,00000000000000e+00
3548807;SÃO CAETANO DO SUL;2023;urban;1,53211688436282e+03
3548807;SÃO CAETANO DO SUL;2023;water;0,00000000000000e+00
3548807;SÃO CAETANO DO SUL;2024;urban;1,53211688436282e+03
3548807;SÃO CAETANO DO SUL;2024;water;0,00000000000000e+00
3549953;SÃO LOURENÇO DA SERRA;1985;farming;2,94037205363766e+03
3549953;SÃO LOURENÇO DA SERRA;1985;native_vegetation;1,54719420298346e+04
3549953;SÃO LOURENÇO DA SERRA;1985;non_vegetated_other;4,20334770690918e+01
3549953;SÃO LOURENÇO DA SERRA;1985;urban;9,41506660827640e+01
3549953;SÃO LOURENÇO DA SERRA;1985;water;9,55376866027829e+01
3549953;SÃO LOURENÇO DA SERRA;1986;farming;2,95298988913569e+03
3549953;SÃO LOURENÇO DA SERRA;1986;native_vegetation;1,54720230202399e+04
3549953;SÃO LOURENÇO DA SERRA;1986;non_vegetated_other;2,94157531433106e+01
3549953;SÃO LOURENÇO DA SERRA;1986;urban;9,39867646545414e+01
3549953;SÃO LOURENÇO DA SERRA;1986;water;9,56204860534667e+01
3549953;SÃO LOURENÇO DA SERRA;1987;farming;3,11310204189455e+03
3549953;SÃO LOURENÇO DA SERRA;1987;native_vegetation;1,53164994769781e+04
3549953;SÃO LOURENÇO DA SERRA;1987;non_vegetated_other;2,36805178649902e+01
3549953;SÃO LOURENÇO DA SERRA;1987;urban;9,36589215698246e+01
3549953;SÃO LOURENÇO DA SERRA;1987;water;9,70949549194335e+01
3549953;SÃO LOURENÇO DA SERRA;1988;farming;3,18642754090577e+03
3549953;SÃO LOURENÇO DA SERRA;1988;native_vegetation;1,52430114589361e+04
3549953;SÃO LOURENÇO DA SERRA;1988;non_vegetated_other;1,95844212158203e+01
3549953;SÃO LOURENÇO DA SERRA;1988;urban;9,47238419982913e+01
3549953;SÃO LOURENÇO DA SERRA;1988;water;1,00288650170898e+02
3549953;SÃO LOURENÇO DA SERRA;1989;farming;3,20313218408205e+03
3549953;SÃO LOURENÇO DA SERRA;1989;native_vegetation;1,52310582864445e+04
3549953;SÃO LOURENÇO DA SERRA;1989;non_vegetated_other;1,97482841857910e+01
3549953;SÃO LOURENÇO DA SERRA;1989;urban;9,72639269592287e+01
3549953;SÃO LOURENÇO DA SERRA;1989;water;9,28332315551754e+01
3549953;SÃO LOURENÇO DA SERRA;1990;farming;3,27875874854735e+03
3549953;SÃO LOURENÇO DA SERRA;1990;native_vegetation;1,51522339468324e+04
3549953;SÃO LOURENÇO DA SERRA;1990;non_vegetated_other;2,05678582946777e+01
3549953;SÃO LOURENÇO DA SERRA;1990;urban;9,80012968811037e+01
3549953;SÃO LOURENÇO DA SERRA;1990;water;9,44740626708981e+01
3549953;SÃO LOURENÇO DA SERRA;1991;farming;3,21901634729615e+03
3549953;SÃO LOURENÇO DA SERRA;1991;native_vegetation;1,52100108843510e+04
3549953;SÃO LOURENÇO DA SERRA;1991;non_vegetated_other;1,82739634216309e+01
3549953;SÃO LOURENÇO DA SERRA;1991;urban;9,87388387145998e+01
3549953;SÃO LOURENÇO DA SERRA;1991;water;9,79958794433589e+01
3549953;SÃO LOURENÇO DA SERRA;1992;farming;3,18936107191162e+03
3549953;SÃO LOURENÇO DA SERRA;1992;native_vegetation;1,52357332422185e+04
3549953;SÃO LOURENÇO DA SERRA;1992;non_vegetated_other;1,83561415588379e+01
3549953;SÃO LOURENÇO DA SERRA;1992;urban;1,03409476953125e+02
3549953;SÃO LOURENÇO DA SERRA;1992;water;9,71759805847164e+01
3549953;SÃO LOURENÇO DA SERRA;1993;farming;3,18576695006715e+03
3549953;SÃO LOURENÇO DA SERRA;1993;native_vegetation;1,52392450419013e+04
3549953;SÃO LOURENÇO DA SERRA;1993;non_vegetated_other;1,73736624084473e+01
3549953;SÃO LOURENÇO DA SERRA;1993;urban;1,08081095227051e+02
3549953;SÃO LOURENÇO DA SERRA;1993;water;9,35691636230464e+01
3549953;SÃO LOURENÇO DA SERRA;1994;farming;3,05431344779665e+03
3549953;SÃO LOURENÇO DA SERRA;1994;native_vegetation;1,53731565519900e+04
3549953;SÃO LOURENÇO DA SERRA;1994;non_vegetated_other;1,81108800048828e+01
3549953;SÃO LOURENÇO DA SERRA;1994;urban;1,09801764172363e+02
3549953;SÃO LOURENÇO DA SERRA;1994;water;8,86532692626950e+01
3549953;SÃO LOURENÇO DA SERRA;1995;farming;2,97336999558106e+03
3549953;SÃO LOURENÇO DA SERRA;1995;native_vegetation;1,54469712221622e+04
3549953;SÃO LOURENÇO DA SERRA;1995;non_vegetated_other;1,54891088500977e+01
3549953;SÃO LOURENÇO DA SERRA;1995;urban;1,11932247198486e+02
3549953;SÃO LOURENÇO DA SERRA;1995;water;9,62733394348141e+01
3549953;SÃO LOURENÇO DA SERRA;1996;farming;2,95141053870239e+03
3549953;SÃO LOURENÇO DA SERRA;1996;native_vegetation;1,54677830509587e+04
3549953;SÃO LOURENÇO DA SERRA;1996;non_vegetated_other;1,37683641906738e+01
3549953;SÃO LOURENÇO DA SERRA;1996;urban;1,20536960369873e+02
3549953;SÃO LOURENÇO DA SERRA;1996;water;9,05369990051266e+01
3549953;SÃO LOURENÇO DA SERRA;1997;farming;2,97353917970581e+03
3549953;SÃO LOURENÇO DA SERRA;1997;native_vegetation;1,54484396739564e+04
3549953;SÃO LOURENÇO DA SERRA;1997;non_vegetated_other;1,27033040954590e+01
3549953;SÃO LOURENÇO DA SERRA;1997;urban;1,24060856298828e+02
3549953;SÃO LOURENÇO DA SERRA;1997;water;8,52928991699216e+01
3549953;SÃO LOURENÇO DA SERRA;1998;farming;2,97101097662351e+03
3549953;SÃO LOURENÇO DA SERRA;1998;native_vegetation;1,54223702874019e+04
3549953;SÃO LOURENÇO DA SERRA;1998;non_vegetated_other;1,21291875793457e+01
3549953;SÃO LOURENÇO DA SERRA;1998;urban;1,42250337182618e+02
3549953;SÃO LOURENÇO DA SERRA;1998;water;9,62751244384763e+01
3549953;SÃO LOURENÇO DA SERRA;1999;farming;2,96593778786619e+03
3549953;SÃO LOURENÇO DA SERRA;1999;native_vegetation;1,54176113853389e+04
3549953;SÃO LOURENÇO DA SERRA;1999;non_vegetated_other;1,22110716369629e+01
3549953;SÃO LOURENÇO DA SERRA;1999;urban;1,51836443322754e+02
3549953;SÃO LOURENÇO DA SERRA;1999;water;9,64392250610350e+01
3549953;SÃO LOURENÇO DA SERRA;2000;farming;3,01010575967406e+03
3549953;SÃO LOURENÇO DA SERRA;2000;native_vegetation;1,54018757376155e+04
3549953;SÃO LOURENÇO DA SERRA;2000;non_vegetated_other;1,45871759216309e+01
3549953;SÃO LOURENÇO DA SERRA;2000;urban;1,60358178723145e+02
3549953;SÃO LOURENÇO DA SERRA;2000;water;5,71090612915038e+01
3549953;SÃO LOURENÇO DA SERRA;2001;farming;2,97422775105586e+03
3549953;SÃO LOURENÇO DA SERRA;2001;native_vegetation;1,54328375535882e+04
3549953;SÃO LOURENÇO DA SERRA;2001;non_vegetated_other;1,50787836608887e+01
3549953;SÃO LOURENÇO DA SERRA;2001;urban;1,63553737420655e+02
3549953;SÃO LOURENÇO DA SERRA;2001;water;5,83380874999998e+01
3549953;SÃO LOURENÇO DA SERRA;2002;farming;2,94522397208857e+03
3549953;SÃO LOURENÇO DA SERRA;2002;native_vegetation;1,54579086060052e+04
3549953;SÃO LOURENÇO DA SERRA;2002;non_vegetated_other;1,76184050720215e+01
3549953;SÃO LOURENÇO DA SERRA;2002;urban;1,66094498791504e+02
3549953;SÃO LOURENÇO DA SERRA;2002;water;5,71904312683103e+01
3549953;SÃO LOURENÇO DA SERRA;2003;farming;2,98160616159664e+03
3549953;SÃO LOURENÇO DA SERRA;2003;native_vegetation;1,54069421818413e+04
3549953;SÃO LOURENÇO DA SERRA;2003;non_vegetated_other;1,87653490905762e+01
3549953;SÃO LOURENÇO DA SERRA;2003;urban;1,73878712567139e+02
3549953;SÃO LOURENÇO DA SERRA;2003;water;6,28435081298826e+01
3549953;SÃO LOURENÇO DA SERRA;2004;farming;3,02684309418939e+03
3549953;SÃO LOURENÇO DA SERRA;2004;native_vegetation;1,53554786207089e+04
3549953;SÃO LOURENÇO DA SERRA;2004;non_vegetated_other;2,11412709899902e+01
3549953;SÃO LOURENÇO DA SERRA;2004;urban;1,75025815039063e+02
3549953;SÃO LOURENÇO DA SERRA;2004;water;6,55471122985837e+01
3549953;SÃO LOURENÇO DA SERRA;2005;farming;2,95711283196407e+03
3549953;SÃO LOURENÇO DA SERRA;2005;native_vegetation;1,54230776477958e+04
3549953;SÃO LOURENÇO DA SERRA;2005;non_vegetated_other;2,31075244628906e+01
3549953;SÃO LOURENÇO DA SERRA;2005;urban;1,76172870178223e+02
3549953;SÃO LOURENÇO DA SERRA;2005;water;6,45650388244627e+01
3549953;SÃO LOURENÇO DA SERRA;2006;farming;2,91032871531980e+03
3549953;SÃO LOURENÇO DA SERRA;2006;native_vegetation;1,54698617807798e+04
3549953;SÃO LOURENÇO DA SERRA;2006;non_vegetated_other;2,29445009338379e+01
3549953;SÃO LOURENÇO DA SERRA;2006;urban;1,79613940509034e+02
3549953;SÃO LOURENÇO DA SERRA;2006;water;6,12869756835935e+01
3549953;SÃO LOURENÇO DA SERRA;2007;farming;2,94975446275631e+03
3549953;SÃO LOURENÇO DA SERRA;2007;native_vegetation;1,54237172032402e+04
3549953;SÃO LOURENÇO DA SERRA;2007;non_vegetated_other;2,28623625732422e+01
3549953;SÃO LOURENÇO DA SERRA;2007;urban;1,84284590618898e+02
3549953;SÃO LOURENÇO DA SERRA;2007;water;6,34172940368651e+01
3549953;SÃO LOURENÇO DA SERRA;2008;farming;2,92427263682247e+03
3549953;SÃO LOURENÇO DA SERRA;2008;native_vegetation;1,54525568114556e+04
3549953;SÃO LOURENÇO DA SERRA;2008;non_vegetated_other;2,22894590698242e+01
3549953;SÃO LOURENÇO DA SERRA;2008;urban;1,89284324298097e+02
3549953;SÃO LOURENÇO DA SERRA;2008;water;5,56326815795898e+01
3549953;SÃO LOURENÇO DA SERRA;2009;farming;2,91042391344602e+03
3549953;SÃO LOURENÇO DA SERRA;2009;native_vegetation;1,54677980706356e+04
3549953;SÃO LOURENÇO DA SERRA;2009;non_vegetated_other;1,96676719604492e+01
3549953;SÃO LOURENÇO DA SERRA;2009;urban;1,92152211785890e+02
3549953;SÃO LOURENÇO DA SERRA;2009;water;5,39940453979491e+01
3549953;SÃO LOURENÇO DA SERRA;2010;farming;2,85937606917724e+03
3549953;SÃO LOURENÇO DA SERRA;2010;native_vegetation;1,55188474623661e+04
3549953;SÃO LOURENÇO DA SERRA;2010;non_vegetated_other;1,89303258728027e+01
3549953;SÃO LOURENÇO DA SERRA;2010;urban;2,01573953979494e+02
3549953;SÃO LOURENÇO DA SERRA;2010;water;4,53081018310545e+01
3549953;SÃO LOURENÇO DA SERRA;2011;farming;2,85240837225341e+03
3549953;SÃO LOURENÇO DA SERRA;2011;native_vegetation;1,55254056179570e+04
3549953;SÃO LOURENÇO DA SERRA;2011;non_vegetated_other;1,73738330139160e+01
3549953;SÃO LOURENÇO DA SERRA;2011;urban;2,05425033673097e+02
3549953;SÃO LOURENÇO DA SERRA;2011;water;4,34230563293456e+01
3549953;SÃO LOURENÇO DA SERRA;2012;farming;2,79742514035643e+03
3549953;SÃO LOURENÇO DA SERRA;2012;native_vegetation;1,55788305845458e+04
3549953;SÃO LOURENÇO DA SERRA;2012;non_vegetated_other;1,68003369934082e+01
3549953;SÃO LOURENÇO DA SERRA;2012;urban;2,11243570751954e+02
3549953;SÃO LOURENÇO DA SERRA;2012;water;3,97362805786131e+01
3549953;SÃO LOURENÇO DA SERRA;2013;farming;2,74563172265010e+03
3549953;SÃO LOURENÇO DA SERRA;2013;native_vegetation;1,56350488942380e+04
3549953;SÃO LOURENÇO DA SERRA;2013;non_vegetated_other;1,54076591918945e+01
3549953;SÃO LOURENÇO DA SERRA;2013;urban;2,14029649145509e+02
3549953;SÃO LOURENÇO DA SERRA;2013;water;3,39179880004882e+01
3549953;SÃO LOURENÇO DA SERRA;2014;farming;2,73980955529781e+03
3549953;SÃO LOURENÇO DA SERRA;2014;native_vegetation;1,56358732017759e+04
3549953;SÃO LOURENÇO DA SERRA;2014;non_vegetated_other;1,35233415100098e+01
3549953;SÃO LOURENÇO DA SERRA;2014;urban;2,18863985650635e+02
3549953;SÃO LOURENÇO DA SERRA;2014;water;3,59658289916991e+01
3549953;SÃO LOURENÇO DA SERRA;2015;farming;2,76906351866452e+03
3549953;SÃO LOURENÇO DA SERRA;2015;native_vegetation;1,56000643022763e+04
3549953;SÃO LOURENÇO DA SERRA;2015;non_vegetated_other;1,25405156372070e+01
3549953;SÃO LOURENÇO DA SERRA;2015;urban;2,20830617669679e+02
3549953;SÃO LOURENÇO DA SERRA;2015;water;4,15369589782714e+01
3549953;SÃO LOURENÇO DA SERRA;2016;farming;2,80093996792599e+03
3549953;SÃO LOURENÇO DA SERRA;2016;native_vegetation;1,55668768594912e+04
3549953;SÃO LOURENÇO DA SERRA;2016;non_vegetated_other;1,25407736999512e+01
3549953;SÃO LOURENÇO DA SERRA;2016;urban;2,22141759490968e+02
3549953;SÃO LOURENÇO DA SERRA;2016;water;4,15365526184081e+01
3549953;SÃO LOURENÇO DA SERRA;2017;farming;2,75365841342770e+03
3549953;SÃO LOURENÇO DA SERRA;2017;native_vegetation;1,56100614921933e+04
3549953;SÃO LOURENÇO DA SERRA;2017;non_vegetated_other;1,32788653076172e+01
3549953;SÃO LOURENÇO DA SERRA;2017;urban;2,22961151531983e+02
3549953;SÃO LOURENÇO DA SERRA;2017;water;4,40759907653807e+01
3549953;SÃO LOURENÇO DA SERRA;2018;farming;2,70195520315549e+03
3549953;SÃO LOURENÇO DA SERRA;2018;native_vegetation;1,56601259997983e+04
3549953;SÃO LOURENÇO DA SERRA;2018;non_vegetated_other;1,23775532287598e+01
3549953;SÃO LOURENÇO DA SERRA;2018;urban;2,25501325506592e+02
3549953;SÃO LOURENÇO DA SERRA;2018;water;4,40758315368651e+01
3549953;SÃO LOURENÇO DA SERRA;2019;farming;2,69548167562864e+03
3549953;SÃO LOURENÇO DA SERRA;2019;native_vegetation;1,56575043932553e+04
3549953;SÃO LOURENÇO DA SERRA;2019;non_vegetated_other;1,31155381469727e+01
3549953;SÃO LOURENÇO DA SERRA;2019;urban;2,33448916979981e+02
3549953;SÃO LOURENÇO DA SERRA;2019;water;4,44853892150877e+01
3549953;SÃO LOURENÇO DA SERRA;2020;farming;2,68098360525511e+03
3549953;SÃO LOURENÇO DA SERRA;2020;native_vegetation;1,56679879750607e+04
3549953;SÃO LOURENÇO DA SERRA;2020;non_vegetated_other;1,49178727844238e+01
3549953;SÃO LOURENÇO DA SERRA;2020;urban;2,34514098083497e+02
3549953;SÃO LOURENÇO DA SERRA;2020;water;4,56323620422362e+01
3549953;SÃO LOURENÇO DA SERRA;2021;farming;2,67606932624510e+03
3549953;SÃO LOURENÇO DA SERRA;2021;native_vegetation;1,56615928769406e+04
3549953;SÃO LOURENÇO DA SERRA;2021;non_vegetated_other;1,53274817199707e+01
3549953;SÃO LOURENÇO DA SERRA;2021;urban;2,47625921337891e+02
3549953;SÃO LOURENÇO DA SERRA;2021;water;4,34203069824217e+01
3549953;SÃO LOURENÇO DA SERRA;2022;farming;2,65164910870970e+03
3549953;SÃO LOURENÇO DA SERRA;2022;native_vegetation;1,56738856347897e+04
3549953;SÃO LOURENÇO DA SERRA;2022;non_vegetated_other;1,59009517211914e+01
3549953;SÃO LOURENÇO DA SERRA;2022;urban;2,54591008630372e+02
3549953;SÃO LOURENÇO DA SERRA;2022;water;4,80092093749999e+01
3549953;SÃO LOURENÇO DA SERRA;2023;farming;2,72556260159908e+03
3549953;SÃO LOURENÇO DA SERRA;2023;native_vegetation;1,55927612488160e+04
3549953;SÃO LOURENÇO DA SERRA;2023;non_vegetated_other;1,60647392272949e+01
3549953;SÃO LOURENÇO DA SERRA;2023;urban;2,57377052386476e+02
3549953;SÃO LOURENÇO DA SERRA;2023;water;5,22702711975096e+01
3549953;SÃO LOURENÇO DA SERRA;2024;farming;2,72342982029415e+03
3549953;SÃO LOURENÇO DA SERRA;2024;native_vegetation;1,55967781186768e+04
3549953;SÃO LOURENÇO DA SERRA;2024;non_vegetated_other;1,57371379882813e+01
3549953;SÃO LOURENÇO DA SERRA;2024;urban;2,59835111547853e+02
3549953;SÃO LOURENÇO DA SERRA;2024;water;4,82557247192381e+01
3550308;SÃO PAULO;1985;farming;2,41128292512024e+04
3550308;SÃO PAULO;1985;native_vegetation;4,33792538190872e+04
3550308;SÃO PAULO;1985;non_vegetated_other;9,00745048242183e+02
3550308;SÃO PAULO;1985;urban;7,75495902072760e+04
3550308;SÃO PAULO;1985;water;6,17111280097051e+03
3550308;SÃO PAULO;1986;farming;2,36764178468875e+04
3550308;SÃO PAULO;1986;native_vegetation;4,30962176722550e+04
3550308;SÃO PAULO;1986;non_vegetated_other;7,77286218035887e+02
3550308;SÃO PAULO;1986;urban;7,79215202447996e+04
3550308;SÃO PAULO;1986;water;6,64208914479984e+03
3550308;SÃO PAULO;1987;farming;2,41211590940493e+04
3550308;SÃO PAULO;1987;native_vegetation;4,23882382982558e+04
3550308;SÃO PAULO;1987;non_vegetated_other;6,90514305200196e+02
3550308;SÃO PAULO;1987;urban;7,81868049478565e+04
3550308;SÃO PAULO;1987;water;6,72681448141485e+03
3550308;SÃO PAULO;1988;farming;2,40315403200991e+04
3550308;SÃO PAULO;1988;native_vegetation;4,16868182030959e+04
3550308;SÃO PAULO;1988;non_vegetated_other;6,77739119073488e+02
3550308;SÃO PAULO;1988;urban;7,90114944083782e+04
3550308;SÃO PAULO;1988;water;6,70593907612920e+03
3550308;SÃO PAULO;1989;farming;2,37287655706422e+04
3550308;SÃO PAULO;1989;native_vegetation;4,14569613162550e+04
3550308;SÃO PAULO;1989;non_vegetated_other;7,08382991613769e+02
3550308;SÃO PAULO;1989;urban;7,95586926547458e+04
3550308;SÃO PAULO;1989;water;6,66072859351810e+03
3550308;SÃO PAULO;1990;farming;2,35494724583681e+04
3550308;SÃO PAULO;1990;native_vegetation;4,10341724787856e+04
3550308;SÃO PAULO;1990;non_vegetated_other;6,84968375427247e+02
3550308;SÃO PAULO;1990;urban;8,01800866119412e+04
3550308;SÃO PAULO;1990;water;6,66483120225222e+03
3550308;SÃO PAULO;1991;farming;2,30378994026367e+04
3550308;SÃO PAULO;1991;native_vegetation;4,08679288652785e+04
3550308;SÃO PAULO;1991;non_vegetated_other;6,55496818859863e+02
3550308;SÃO PAULO;1991;urban;8,06942446301172e+04
3550308;SÃO PAULO;1991;water;6,85796140988163e+03
3550308;SÃO PAULO;1992;farming;2,25063109219606e+04
3550308;SÃO PAULO;1992;native_vegetation;4,09694398522595e+04
3550308;SÃO PAULO;1992;non_vegetated_other;6,57577116094972e+02
3550308;SÃO PAULO;1992;urban;8,12350062569311e+04
3550308;SÃO PAULO;1992;water;6,74519697952885e+03
3550308;SÃO PAULO;1993;farming;2,18386100127198e+04
3550308;SÃO PAULO;1993;native_vegetation;4,13589189269484e+04
3550308;SÃO PAULO;1993;non_vegetated_other;6,26121218145752e+02
3550308;SÃO PAULO;1993;urban;8,17602988452090e+04
3550308;SÃO PAULO;1993;water;6,52958212375497e+03
3550308;SÃO PAULO;1994;farming;2,09418004399111e+04
3550308;SÃO PAULO;1994;native_vegetation;4,18871197734814e+04
3550308;SÃO PAULO;1994;non_vegetated_other;5,33135069860839e+02
3550308;SÃO PAULO;1994;urban;8,22650982197987e+04
3550308;SÃO PAULO;1994;water;6,48637762372443e+03
3550308;SÃO PAULO;1995;farming;2,02045690607118e+04
3550308;SÃO PAULO;1995;native_vegetation;4,17309710730847e+04
3550308;SÃO PAULO;1995;non_vegetated_other;5,31599878399657e+02
3550308;SÃO PAULO;1995;urban;8,28542620139402e+04
3550308;SÃO PAULO;1995;water;6,79212910064081e+03
3550308;SÃO PAULO;1996;farming;1,96265761322634e+04
3550308;SÃO PAULO;1996;native_vegetation;4,15026029709607e+04
3550308;SÃO PAULO;1996;non_vegetated_other;5,24387133819578e+02
3550308;SÃO PAULO;1996;urban;8,36314691351029e+04
3550308;SÃO PAULO;1996;water;6,82849575463256e+03
3550308;SÃO PAULO;1997;farming;1,92128427706054e+04
3550308;SÃO PAULO;1997;native_vegetation;4,14347820778515e+04
3550308;SÃO PAULO;1997;non_vegetated_other;4,94355341058347e+02
3550308;SÃO PAULO;1997;urban;8,42786179619638e+04
3550308;SÃO PAULO;1997;water;6,69293297529909e+03
3550308;SÃO PAULO;1998;farming;1,87459028704407e+04
3550308;SÃO PAULO;1998;native_vegetation;4,14430236994037e+04
3550308;SÃO PAULO;1998;non_vegetated_other;4,87189627001951e+02
3550308;SÃO PAULO;1998;urban;8,47863674031618e+04
3550308;SÃO PAULO;1998;water;6,65104752677008e+03
3550308;SÃO PAULO;1999;farming;1,80029716530090e+04
3550308;SÃO PAULO;1999;native_vegetation;4,17708124373003e+04
3550308;SÃO PAULO;1999;non_vegetated_other;5,19608534002684e+02
3550308;SÃO PAULO;1999;urban;8,52099962893144e+04
3550308;SÃO PAULO;1999;water;6,61014221315312e+03
3550308;SÃO PAULO;2000;farming;1,79975561216675e+04
3550308;SÃO PAULO;2000;native_vegetation;4,20260648570085e+04
3550308;SÃO PAULO;2000;non_vegetated_other;5,42250186193846e+02
3550308;SÃO PAULO;2000;urban;8,55079424453319e+04
3550308;SÃO PAULO;2000;water;6,03971751657720e+03
3550308;SÃO PAULO;2001;farming;1,79152939101990e+04
3550308;SÃO PAULO;2001;native_vegetation;4,21454513292740e+04
3550308;SÃO PAULO;2001;non_vegetated_other;5,36585217126463e+02
3550308;SÃO PAULO;2001;urban;8,56559592248294e+04
3550308;SÃO PAULO;2001;water;5,86024144534911e+03
3550308;SÃO PAULO;2002;farming;1,76125652907346e+04
3550308;SÃO PAULO;2002;native_vegetation;4,23277269469494e+04
3550308;SÃO PAULO;2002;non_vegetated_other;5,27054387884519e+02
3550308;SÃO PAULO;2002;urban;8,57801631024290e+04
3550308;SÃO PAULO;2002;water;5,86602139877931e+03
3550308;SÃO PAULO;2003;farming;1,73141268390684e+04
3550308;SÃO PAULO;2003;native_vegetation;4,25916405489086e+04
3550308;SÃO PAULO;2003;non_vegetated_other;5,20478812872311e+02
3550308;SÃO PAULO;2003;urban;8,58875058337044e+04
3550308;SÃO PAULO;2003;water;5,79977909222417e+03
3550308;SÃO PAULO;2004;farming;1,72474427746885e+04
3550308;SÃO PAULO;2004;native_vegetation;4,24828640118054e+04
3550308;SÃO PAULO;2004;non_vegetated_other;5,09070329730221e+02
3550308;SÃO PAULO;2004;urban;8,60996655702098e+04
3550308;SÃO PAULO;2004;water;5,77448844034429e+03
3550308;SÃO PAULO;2005;farming;1,69857065364439e+04
3550308;SÃO PAULO;2005;native_vegetation;4,24368952596138e+04
3550308;SÃO PAULO;2005;non_vegetated_other;4,81397301690670e+02
3550308;SÃO PAULO;2005;urban;8,62444747856029e+04
3550308;SÃO PAULO;2005;water;5,96505724342649e+03
3550308;SÃO PAULO;2006;farming;1,67937627544981e+04
3550308;SÃO PAULO;2006;native_vegetation;4,24590132418402e+04
3550308;SÃO PAULO;2006;non_vegetated_other;4,54382471405025e+02
3550308;SÃO PAULO;2006;urban;8,63777398694228e+04
3550308;SÃO PAULO;2006;water;6,02863278961182e+03
3550308;SÃO PAULO;2007;farming;1,67619534692808e+04
3550308;SÃO PAULO;2007;native_vegetation;4,24616976711185e+04
3550308;SÃO PAULO;2007;non_vegetated_other;4,34617890563961e+02
3550308;SÃO PAULO;2007;urban;8,64973455213828e+04
3550308;SÃO PAULO;2007;water;5,95791657443245e+03
3550308;SÃO PAULO;2008;farming;1,65262650584411e+04
3550308;SÃO PAULO;2008;native_vegetation;4,25613390998541e+04
3550308;SÃO PAULO;2008;non_vegetated_other;4,70451831597897e+02
3550308;SÃO PAULO;2008;urban;8,66740062195401e+04
3550308;SÃO PAULO;2008;water;5,88146891734621e+03
3550308;SÃO PAULO;2009;farming;1,63217551258300e+04
3550308;SÃO PAULO;2009;native_vegetation;4,25672913745367e+04
3550308;SÃO PAULO;2009;non_vegetated_other;4,66330712609859e+02
3550308;SÃO PAULO;2009;urban;8,68681778277811e+04
3550308;SÃO PAULO;2009;water;5,88997608602295e+03
3550308;SÃO PAULO;2010;farming;1,58683226124083e+04
3550308;SÃO PAULO;2010;native_vegetation;4,28632273411259e+04
3550308;SÃO PAULO;2010;non_vegetated_other;4,48253986578366e+02
3550308;SÃO PAULO;2010;urban;8,69746159371321e+04
3550308;SÃO PAULO;2010;water;5,95911124953615e+03
3550308;SÃO PAULO;2011;farming;1,57039122969358e+04
3550308;SÃO PAULO;2011;native_vegetation;4,29064900375861e+04
3550308;SÃO PAULO;2011;non_vegetated_other;4,46527519049069e+02
3550308;SÃO PAULO;2011;urban;8,70873173486568e+04
3550308;SÃO PAULO;2011;water;5,96928392455449e+03
3550308;SÃO PAULO;2012;farming;1,53784259274107e+04
3550308;SÃO PAULO;2012;native_vegetation;4,31348864699894e+04
3550308;SÃO PAULO;2012;non_vegetated_other;4,26902318994136e+02
3550308;SÃO PAULO;2012;urban;8,72305805783884e+04
3550308;SÃO PAULO;2012;water;5,94273583200075e+03
3550308;SÃO PAULO;2013;farming;1,49457739912780e+04
3550308;SÃO PAULO;2013;native_vegetation;4,34495494965387e+04
3550308;SÃO PAULO;2013;non_vegetated_other;4,22070170892329e+02
3550308;SÃO PAULO;2013;urban;8,74768315164753e+04
3550308;SÃO PAULO;2013;water;5,81930595159908e+03
3550308;SÃO PAULO;2014;farming;1,47087267698791e+04
3550308;SÃO PAULO;2014;native_vegetation;4,35487677967829e+04
3550308;SÃO PAULO;2014;non_vegetated_other;4,27685380059810e+02
3550308;SÃO PAULO;2014;urban;8,76641279155054e+04
3550308;SÃO PAULO;2014;water;5,76422326455684e+03
3550308;SÃO PAULO;2015;farming;1,44941560054627e+04
3550308;SÃO PAULO;2015;native_vegetation;4,34768853601129e+04
3550308;SÃO PAULO;2015;non_vegetated_other;4,28939623413082e+02
3550308;SÃO PAULO;2015;urban;8,79361908861784e+04
3550308;SÃO PAULO;2015;water;5,77735925161739e+03
3550308;SÃO PAULO;2016;farming;1,43012671791564e+04
3550308;SÃO PAULO;2016;native_vegetation;4,33070220360102e+04
3550308;SÃO PAULO;2016;non_vegetated_other;4,25502766296384e+02
3550308;SÃO PAULO;2016;urban;8,81644679190726e+04
3550308;SÃO PAULO;2016;water;5,91527122625120e+03
3550308;SÃO PAULO;2017;farming;1,39337841825620e+04
3550308;SÃO PAULO;2017;native_vegetation;4,33635482593559e+04
3550308;SÃO PAULO;2017;non_vegetated_other;4,31097702838132e+02
3550308;SÃO PAULO;2017;urban;8,84062376495856e+04
3550308;SÃO PAULO;2017;water;5,97886333244626e+03
3550308;SÃO PAULO;2018;farming;1,38849969149838e+04
3550308;SÃO PAULO;2018;native_vegetation;4,32531499462399e+04
3550308;SÃO PAULO;2018;non_vegetated_other;4,19924016015622e+02
3550308;SÃO PAULO;2018;urban;8,86356719812016e+04
3550308;SÃO PAULO;2018;water;5,91978826834713e+03
3550308;SÃO PAULO;2019;farming;1,36010371403258e+04
3550308;SÃO PAULO;2019;native_vegetation;4,31534401618165e+04
3550308;SÃO PAULO;2019;non_vegetated_other;4,19983512152097e+02
3550308;SÃO PAULO;2019;urban;8,90291500987832e+04
3550308;SÃO PAULO;2019;water;5,90992021370848e+03
3550308;SÃO PAULO;2020;farming;1,35851016329100e+04
3550308;SÃO PAULO;2020;native_vegetation;4,29124013687500e+04
3550308;SÃO PAULO;2020;non_vegetated_other;4,37124624517819e+02
3550308;SÃO PAULO;2020;urban;8,93126206970884e+04
3550308;SÃO PAULO;2020;water;5,86628280352171e+03
3550308;SÃO PAULO;2021;farming;1,34995412534728e+04
3550308;SÃO PAULO;2021;native_vegetation;4,27669499309089e+04
3550308;SÃO PAULO;2021;non_vegetated_other;4,42659225677487e+02
3550308;SÃO PAULO;2021;urban;8,96528068140095e+04
3550308;SÃO PAULO;2021;water;5,75157390272220e+03
3550308;SÃO PAULO;2022;farming;1,29021776786985e+04
3550308;SÃO PAULO;2022;native_vegetation;4,28124980136358e+04
3550308;SÃO PAULO;2022;non_vegetated_other;4,36345506585690e+02
3550308;SÃO PAULO;2022;urban;9,01764355588693e+04
3550308;SÃO PAULO;2022;water;5,78607436900026e+03
3550308;SÃO PAULO;2023;farming;1,28952092654050e+04
3550308;SÃO PAULO;2023;native_vegetation;4,25376894914984e+04
3550308;SÃO PAULO;2023;non_vegetated_other;4,38550420495602e+02
3550308;SÃO PAULO;2023;urban;9,03291738681225e+04
3550308;SÃO PAULO;2023;water;5,91290808126839e+03
3550308;SÃO PAULO;2024;farming;1,27967865013242e+04
3550308;SÃO PAULO;2024;native_vegetation;4,25527814585150e+04
3550308;SÃO PAULO;2024;non_vegetated_other;4,58508512982176e+02
3550308;SÃO PAULO;2024;urban;9,05186059822252e+04
3550308;SÃO PAULO;2024;water;5,78684867174071e+03
3552502;SUZANO;1985;farming;9,19045031504530e+03
3552502;SUZANO;1985;native_vegetation;7,78402963742653e+03
3552502;SUZANO;1985;non_vegetated_other;2,65080316662598e+02
3552502;SUZANO;1985;urban;2,75878574129022e+03
3552502;SUZANO;1985;water;6,26964551251214e+02
3552502;SUZANO;1986;farming;9,20619304905407e+03
3552502;SUZANO;1986;native_vegetation;7,70806168534521e+03
3552502;SUZANO;1986;non_vegetated_other;1,88905643017579e+02
3552502;SUZANO;1986;urban;2,84820738016352e+03
3552502;SUZANO;1986;water;6,73942804095451e+02
3552502;SUZANO;1987;farming;9,41430742351703e+03
3552502;SUZANO;1987;native_vegetation;7,39744582806983e+03
3552502;SUZANO;1987;non_vegetated_other;1,62392584045411e+02
3552502;SUZANO;1987;urban;2,96556123297723e+03
3552502;SUZANO;1987;water;6,85603493066401e+02
3552502;SUZANO;1988;farming;9,39882795694596e+03
3552502;SUZANO;1988;native_vegetation;7,23626471771217e+03
3552502;SUZANO;1988;non_vegetated_other;1,47698348254395e+02
3552502;SUZANO;1988;urban;3,16324098811031e+03
3552502;SUZANO;1988;water;6,79278550653072e+02
3552502;SUZANO;1989;farming;9,20929401251229e+03
3552502;SUZANO;1989;native_vegetation;7,16180707864359e+03
3552502;SUZANO;1989;non_vegetated_other;1,47781999279786e+02
3552502;SUZANO;1989;urban;3,40284604517826e+03
3552502;SUZANO;1989;water;7,03581426062003e+02
3552502;SUZANO;1990;farming;9,18852372792978e+03
3552502;SUZANO;1990;native_vegetation;7,10629493226299e+03
3552502;SUZANO;1990;non_vegetated_other;1,37355131744385e+02
3552502;SUZANO;1990;urban;3,48734012728271e+03
3552502;SUZANO;1990;water;7,05796642456046e+02
3552502;SUZANO;1991;farming;9,14270501319576e+03
3552502;SUZANO;1991;native_vegetation;7,08698989816262e+03
3552502;SUZANO;1991;non_vegetated_other;1,23975142413330e+02
3552502;SUZANO;1991;urban;3,55467923108518e+03
3552502;SUZANO;1991;water;7,16961276818842e+02
3552502;SUZANO;1992;farming;9,11321286588743e+03
3552502;SUZANO;1992;native_vegetation;6,95309537720928e+03
3552502;SUZANO;1992;non_vegetated_other;1,23154078002930e+02
3552502;SUZANO;1992;urban;3,68876274425042e+03
3552502;SUZANO;1992;water;7,47085496325674e+02
3552502;SUZANO;1993;farming;9,01507529250490e+03
3552502;SUZANO;1993;native_vegetation;6,92147664141219e+03
3552502;SUZANO;1993;non_vegetated_other;1,09277267553711e+02
3552502;SUZANO;1993;urban;3,81137550664665e+03
3552502;SUZANO;1993;water;7,68105853558344e+02
3552502;SUZANO;1994;farming;9,04998250504148e+03
3552502;SUZANO;1994;native_vegetation;6,86842631689440e+03
3552502;SUZANO;1994;non_vegetated_other;9,55661908203124e+01
3552502;SUZANO;1994;urban;3,85957409003294e+03
3552502;SUZANO;1994;water;7,51761458886712e+02
3552502;SUZANO;1995;farming;8,86346957397463e+03
3552502;SUZANO;1995;native_vegetation;6,94934307503642e+03
3552502;SUZANO;1995;non_vegetated_other;9,63884878601071e+01
3552502;SUZANO;1995;urban;3,97255903170772e+03
3552502;SUZANO;1995;water;7,43550393096913e+02
3552502;SUZANO;1996;farming;8,74809033194576e+03
3552502;SUZANO;1996;native_vegetation;6,92849496127305e+03
3552502;SUZANO;1996;non_vegetated_other;9,45828165710447e+01
3552502;SUZANO;1996;urban;4,09671569304816e+03
3552502;SUZANO;1996;water;7,57426758837881e+02
3552502;SUZANO;1997;farming;8,71070447197888e+03
3552502;SUZANO;1997;native_vegetation;6,89049902304676e+03
3552502;SUZANO;1997;non_vegetated_other;8,68650816955566e+01
3552502;SUZANO;1997;urban;4,18269550374764e+03
3552502;SUZANO;1997;water;7,54546481207270e+02
3552502;SUZANO;1998;farming;8,55759979422008e+03
3552502;SUZANO;1998;native_vegetation;6,95569791251215e+03
3552502;SUZANO;1998;non_vegetated_other;8,85898427307129e+01
3552502;SUZANO;1998;urban;4,28045360700698e+03
3552502;SUZANO;1998;water;7,42969405206291e+02
3552502;SUZANO;1999;farming;8,26955401091310e+03
3552502;SUZANO;1999;native_vegetation;7,12124021000973e+03
3552502;SUZANO;1999;non_vegetated_other;1,08464447619628e+02
3552502;SUZANO;1999;urban;4,38357500341805e+03
3552502;SUZANO;1999;water;7,42476889715568e+02
3552502;SUZANO;2000;farming;8,25810890310673e+03
3552502;SUZANO;2000;native_vegetation;7,12939767740473e+03
3552502;SUZANO;2000;non_vegetated_other;1,18564918676757e+02
3552502;SUZANO;2000;urban;4,44409059019776e+03
3552502;SUZANO;2000;water;6,75148472290034e+02
3552502;SUZANO;2001;farming;8,34171754590456e+03
3552502;SUZANO;2001;native_vegetation;7,02633320662829e+03
3552502;SUZANO;2001;non_vegetated_other;1,16923130163573e+02
3552502;SUZANO;2001;urban;4,46535436661986e+03
3552502;SUZANO;2001;water;6,74982312359615e+02
3552502;SUZANO;2002;farming;8,36836164730230e+03
3552502;SUZANO;2002;native_vegetation;6,93015764500715e+03
3552502;SUZANO;2002;non_vegetated_other;1,15281276037597e+02
3552502;SUZANO;2002;urban;4,53382064592288e+03
3552502;SUZANO;2002;water;6,77689347406002e+02
3552502;SUZANO;2003;farming;8,34905016240236e+03
3552502;SUZANO;2003;native_vegetation;6,90308406765729e+03
3552502;SUZANO;2003;non_vegetated_other;1,05756676831054e+02
3552502;SUZANO;2003;urban;4,60320018891610e+03
3552502;SUZANO;2003;water;6,64219465869136e+02
3552502;SUZANO;2004;farming;8,47790980819718e+03
3552502;SUZANO;2004;native_vegetation;6,74589786036970e+03
3552502;SUZANO;2004;non_vegetated_other;9,39332446472166e+01
3552502;SUZANO;2004;urban;4,63990398974622e+03
3552502;SUZANO;2004;water;6,67665658715817e+02
3552502;SUZANO;2005;farming;8,45467448021860e+03
3552502;SUZANO;2005;native_vegetation;6,73892484070418e+03
3552502;SUZANO;2005;non_vegetated_other;9,52474634948727e+01
3552502;SUZANO;2005;urban;4,67274028057258e+03
3552502;SUZANO;2005;water;6,63723496685789e+02
3552502;SUZANO;2006;farming;8,38756734689347e+03
3552502;SUZANO;2006;native_vegetation;6,75750818494859e+03
3552502;SUZANO;2006;non_vegetated_other;9,31111835754392e+01
3552502;SUZANO;2006;urban;4,73087271439822e+03
3552502;SUZANO;2006;water;6,56251131860349e+02
3552502;SUZANO;2007;farming;8,39254728717049e+03
3552502;SUZANO;2007;native_vegetation;6,71362046437359e+03
3552502;SUZANO;2007;non_vegetated_other;8,64588898803709e+01
3552502;SUZANO;2007;urban;4,76198336746828e+03
3552502;SUZANO;2007;water;6,70700552783202e+02
3552502;SUZANO;2008;farming;8,31282394954841e+03
3552502;SUZANO;2008;native_vegetation;6,73981941414168e+03
3552502;SUZANO;2008;non_vegetated_other;8,48165803710936e+01
3552502;SUZANO;2008;urban;4,79769276754765e+03
3552502;SUZANO;2008;water;6,90157850067133e+02
3552502;SUZANO;2009;farming;8,23761722686781e+03
3552502;SUZANO;2009;native_vegetation;6,75050524327986e+03
3552502;SUZANO;2009;non_vegetated_other;8,19416555114745e+01
3552502;SUZANO;2009;urban;4,82855860769045e+03
3552502;SUZANO;2009;water;7,26687828326415e+02
3552502;SUZANO;2010;farming;7,97500596092547e+03
3552502;SUZANO;2010;native_vegetation;6,84385637764879e+03
3552502;SUZANO;2010;non_vegetated_other;7,57843254211425e+01
3552502;SUZANO;2010;urban;4,90089982512205e+03
3552502;SUZANO;2010;water;8,29764072558591e+02
3552502;SUZANO;2011;farming;7,88929662380387e+03
3552502;SUZANO;2011;native_vegetation;6,82896779503161e+03
3552502;SUZANO;2011;non_vegetated_other;7,13502653198241e+01
3552502;SUZANO;2011;urban;4,97529997120972e+03
3552502;SUZANO;2011;water;8,60395906311038e+02
3552502;SUZANO;2012;farming;7,87676583874525e+03
3552502;SUZANO;2012;native_vegetation;6,80637152410875e+03
3552502;SUZANO;2012;non_vegetated_other;7,58672520996094e+01
3552502;SUZANO;2012;urban;5,02529867186890e+03
3552502;SUZANO;2012;water;8,41007274853511e+02
3552502;SUZANO;2013;farming;7,79706325195332e+03
3552502;SUZANO;2013;native_vegetation;6,75249919732041e+03
3552502;SUZANO;2013;non_vegetated_other;7,89056477355958e+01
3552502;SUZANO;2013;urban;5,17439605117191e+03
3552502;SUZANO;2013;water;8,22446413494874e+02
3552502;SUZANO;2014;farming;7,70053746706558e+03
3552502;SUZANO;2014;native_vegetation;6,79771621096789e+03
3552502;SUZANO;2014;non_vegetated_other;1,02877599285888e+02
3552502;SUZANO;2014;urban;5,23572612079473e+03
3552502;SUZANO;2014;water;7,88453163562007e+02
3552502;SUZANO;2015;farming;7,68338109870622e+03
3552502;SUZANO;2015;native_vegetation;6,77891831502066e+03
3552502;SUZANO;2015;non_vegetated_other;1,01809020599365e+02
3552502;SUZANO;2015;urban;5,27546036293948e+03
3552502;SUZANO;2015;water;7,85741764410396e+02
3552502;SUZANO;2016;farming;7,55546938425308e+03
3552502;SUZANO;2016;native_vegetation;6,78868966250598e+03
3552502;SUZANO;2016;non_vegetated_other;1,03452587927246e+02
3552502;SUZANO;2016;urban;5,35214044448239e+03
3552502;SUZANO;2016;water;8,25558482507324e+02
3552502;SUZANO;2017;farming;7,45317834174209e+03
3552502;SUZANO;2017;native_vegetation;6,83671954389022e+03
3552502;SUZANO;2017;non_vegetated_other;9,68011785705565e+01
3552502;SUZANO;2017;urban;5,39934423157343e+03
3552502;SUZANO;2017;water;8,39267265899647e+02
3552502;SUZANO;2018;farming;7,45309732321181e+03
3552502;SUZANO;2018;native_vegetation;6,80322725864245e+03
3552502;SUZANO;2018;non_vegetated_other;8,88378198242185e+01
3552502;SUZANO;2018;urban;5,44104627129512e+03
3552502;SUZANO;2018;water;8,39101888702387e+02
3552502;SUZANO;2019;farming;7,28272713380146e+03
3552502;SUZANO;2019;native_vegetation;6,82517864578234e+03
3552502;SUZANO;2019;non_vegetated_other;7,68514570129394e+01
3552502;SUZANO;2019;urban;5,47913238509512e+03
3552502;SUZANO;2019;water;9,61420939984134e+02
3552502;SUZANO;2020;farming;7,17293862973653e+03
3552502;SUZANO;2020;native_vegetation;6,85820578148790e+03
3552502;SUZANO;2020;non_vegetated_other;6,67525487365721e+01
3552502;SUZANO;2020;urban;5,57624680099480e+03
3552502;SUZANO;2020;water;9,51166800720216e+02
3552502;SUZANO;2021;farming;7,13845746669939e+03
3552502;SUZANO;2021;native_vegetation;6,84090002426131e+03
3552502;SUZANO;2021;non_vegetated_other;6,83126834167480e+01
3552502;SUZANO;2021;urban;5,67655669809572e+03
3552502;SUZANO;2021;water;9,01083689202881e+02
3552502;SUZANO;2022;farming;6,96999803504050e+03
3552502;SUZANO;2022;native_vegetation;6,95960669105211e+03
3552502;SUZANO;2022;non_vegetated_other;7,02027100402831e+01
3552502;SUZANO;2022;urban;5,72672022009276e+03
3552502;SUZANO;2022;water;8,98782905450439e+02
3552502;SUZANO;2023;farming;6,92578337557388e+03
3552502;SUZANO;2023;native_vegetation;6,88484504058823e+03
3552502;SUZANO;2023;non_vegetated_other;7,10253911071775e+01
3552502;SUZANO;2023;urban;5,75717178289184e+03
3552502;SUZANO;2023;water;9,86484971514897e+02
3552502;SUZANO;2024;farming;6,89127537277851e+03
3552502;SUZANO;2024;native_vegetation;6,84724023859241e+03
3552502;SUZANO;2024;non_vegetated_other;7,60399269348139e+01
3552502;SUZANO;2024;urban;5,82121134578871e+03
3552502;SUZANO;2024;water;9,89543677581785e+02
3552809;TABOÃO DA SERRA;1985;farming;2,40266621972658e+02
3552809;TABOÃO DA SERRA;1985;native_vegetation;1,84865991198730e+02
3552809;TABOÃO DA SERRA;1985;non_vegetated_other;5,58197947387695e+00
3552809;TABOÃO DA SERRA;1985;urban;1,60891004602048e+03
3552809;TABOÃO DA SERRA;1986;farming;2,26640745635989e+02
3552809;TABOÃO DA SERRA;1986;native_vegetation;1,84865991198730e+02
3552809;TABOÃO DA SERRA;1986;non_vegetated_other;4,02240223388672e+00
3552809;TABOÃO DA SERRA;1986;urban;1,62409549959715e+03
3552809;TABOÃO DA SERRA;1987;farming;2,40678206604007e+02
3552809;TABOÃO DA SERRA;1987;native_vegetation;1,71403295214843e+02
3552809;TABOÃO DA SERRA;1987;non_vegetated_other;4,02235568237305e+00
3552809;TABOÃO DA SERRA;1987;urban;1,62352078116453e+03
3552809;TABOÃO DA SERRA;1988;farming;2,16217777703859e+02
3552809;TABOÃO DA SERRA;1988;native_vegetation;1,67627226989745e+02
3552809;TABOÃO DA SERRA;1988;non_vegetated_other;3,44772109375000e+00
3552809;TABOÃO DA SERRA;1988;urban;1,65233191287842e+03
3552809;TABOÃO DA SERRA;1989;farming;2,12359823547364e+02
3552809;TABOÃO DA SERRA;1989;native_vegetation;1,67298821081542e+02
3552809;TABOÃO DA SERRA;1989;non_vegetated_other;3,36563043823242e+00
3552809;TABOÃO DA SERRA;1989;urban;1,65660036359864e+03
3552809;TABOÃO DA SERRA;1990;farming;1,81909125476075e+02
3552809;TABOÃO DA SERRA;1990;native_vegetation;1,66067703051757e+02
3552809;TABOÃO DA SERRA;1990;non_vegetated_other;3,36563043823242e+00
3552809;TABOÃO DA SERRA;1990;urban;1,68828217969971e+03
3552809;TABOÃO DA SERRA;1991;farming;1,76162880767823e+02
3552809;TABOÃO DA SERRA;1991;native_vegetation;1,65903506738280e+02
3552809;TABOÃO DA SERRA;1991;non_vegetated_other;1,72390888061523e+00
3552809;TABOÃO DA SERRA;1991;urban;1,69583434227906e+03
3552809;TABOÃO DA SERRA;1992;farming;1,66722615557861e+02
3552809;TABOÃO DA SERRA;1992;native_vegetation;1,71813930126953e+02
3552809;TABOÃO DA SERRA;1992;non_vegetated_other;1,72390888061523e+00
3552809;TABOÃO DA SERRA;1992;urban;1,69936418410035e+03
3552809;TABOÃO DA SERRA;1993;farming;1,58267533306884e+02
3552809;TABOÃO DA SERRA;1993;native_vegetation;1,78052630816650e+02
3552809;TABOÃO DA SERRA;1993;non_vegetated_other;1,72390888061523e+00
3552809;TABOÃO DA SERRA;1993;urban;1,70158056566163e+03
3552809;TABOÃO DA SERRA;1994;farming;1,50469098913573e+02
3552809;TABOÃO DA SERRA;1994;native_vegetation;1,84127136816406e+02
3552809;TABOÃO DA SERRA;1994;non_vegetated_other;9,85089184570312e-01
3552809;TABOÃO DA SERRA;1994;urban;1,70404331375123e+03
3552809;TABOÃO DA SERRA;1995;farming;1,15253119030761e+02
3552809;TABOÃO DA SERRA;1995;native_vegetation;1,71320981311034e+02
3552809;TABOÃO DA SERRA;1995;non_vegetated_other;1,55973448486328e+00
3552809;TABOÃO DA SERRA;1995;urban;1,75149080383912e+03
3552809;TABOÃO DA SERRA;1996;farming;1,15006727471923e+02
3552809;TABOÃO DA SERRA;1996;native_vegetation;1,69104623321532e+02
3552809;TABOÃO DA SERRA;1996;non_vegetated_other;1,55973448486328e+00
3552809;TABOÃO DA SERRA;1996;urban;1,75395355338746e+03
3552809;TABOÃO DA SERRA;1997;farming;1,14842545892333e+02
3552809;TABOÃO DA SERRA;1997;native_vegetation;1,68201643548583e+02
3552809;TABOÃO DA SERRA;1997;non_vegetated_other;1,55973448486328e+00
3552809;TABOÃO DA SERRA;1997;urban;1,75502071474000e+03
3552809;TABOÃO DA SERRA;1998;farming;1,16238068371582e+02
3552809;TABOÃO DA SERRA;1998;native_vegetation;1,64836005541991e+02
3552809;TABOÃO DA SERRA;1998;non_vegetated_other;1,14927939453125e+00
3552809;TABOÃO DA SERRA;1998;urban;1,75740128535767e+03
3552809;TABOÃO DA SERRA;1999;farming;1,17715639178466e+02
3552809;TABOÃO DA SERRA;1999;native_vegetation;1,62044970690916e+02
3552809;TABOÃO DA SERRA;1999;non_vegetated_other;1,06718807983398e+00
3552809;TABOÃO DA SERRA;1999;urban;1,75879684071656e+03
3552809;TABOÃO DA SERRA;2000;farming;1,18126174127197e+02
3552809;TABOÃO DA SERRA;2000;native_vegetation;1,54656717059324e+02
3552809;TABOÃO DA SERRA;2000;non_vegetated_other;6,56714862060547e-01
3552809;TABOÃO DA SERRA;2000;urban;1,76618503261719e+03
3552809;TABOÃO DA SERRA;2001;farming;1,14842565661621e+02
3552809;TABOÃO DA SERRA;2001;native_vegetation;1,56298511230467e+02
3552809;TABOÃO DA SERRA;2001;non_vegetated_other;6,56714862060547e-01
3552809;TABOÃO DA SERRA;2001;urban;1,76782684691162e+03
3552809;TABOÃO DA SERRA;2002;farming;1,16976963342284e+02
3552809;TABOÃO DA SERRA;2002;native_vegetation;1,53096915386961e+02
3552809;TABOÃO DA SERRA;2002;non_vegetated_other;6,56714862060547e-01
3552809;TABOÃO DA SERRA;2002;urban;1,76889404507447e+03
3552809;TABOÃO DA SERRA;2003;farming;1,16977092431640e+02
3552809;TABOÃO DA SERRA;2003;native_vegetation;1,50634035406492e+02
3552809;TABOÃO DA SERRA;2003;non_vegetated_other;6,56714862060547e-01
3552809;TABOÃO DA SERRA;2003;urban;1,77135679596558e+03
3552809;TABOÃO DA SERRA;2004;farming;1,15171117974853e+02
3552809;TABOÃO DA SERRA;2004;native_vegetation;1,51619125585936e+02
3552809;TABOÃO DA SERRA;2004;non_vegetated_other;2,46273779296875e-01
3552809;TABOÃO DA SERRA;2004;urban;1,77258812132569e+03
3552809;TABOÃO DA SERRA;2005;farming;1,17141162719726e+02
3552809;TABOÃO DA SERRA;2005;native_vegetation;1,49074418499754e+02
3552809;TABOÃO DA SERRA;2005;non_vegetated_other;2,46273779296875e-01
3552809;TABOÃO DA SERRA;2005;urban;1,77316278366700e+03
3552809;TABOÃO DA SERRA;2006;farming;1,13364950634765e+02
3552809;TABOÃO DA SERRA;2006;native_vegetation;1,52193908294676e+02
3552809;TABOÃO DA SERRA;2006;non_vegetated_other;2,46273779296875e-01
3552809;TABOÃO DA SERRA;2006;urban;1,77381950595704e+03
3552809;TABOÃO DA SERRA;2007;farming;1,11805184295654e+02
3552809;TABOÃO DA SERRA;2007;native_vegetation;1,52193941766355e+02
3552809;TABOÃO DA SERRA;2007;non_vegetated_other;6,56729528808594e-01
3552809;TABOÃO DA SERRA;2007;urban;1,77496878307495e+03
3552809;TABOÃO DA SERRA;2008;farming;1,11641013525390e+02
3552809;TABOÃO DA SERRA;2008;native_vegetation;1,52111837597654e+02
3552809;TABOÃO DA SERRA;2008;non_vegetated_other;6,56729528808594e-01
3552809;TABOÃO DA SERRA;2008;urban;1,77521505801392e+03
3552809;TABOÃO DA SERRA;2009;farming;1,10984295526122e+02
3552809;TABOÃO DA SERRA;2009;native_vegetation;1,52111837597654e+02
3552809;TABOÃO DA SERRA;2009;non_vegetated_other;6,56729528808594e-01
3552809;TABOÃO DA SERRA;2009;urban;1,77587177601319e+03
3552809;TABOÃO DA SERRA;2010;farming;1,04417170098876e+02
3552809;TABOÃO DA SERRA;2010;native_vegetation;1,58104364398192e+02
3552809;TABOÃO DA SERRA;2010;non_vegetated_other;3,28365093994141e-01
3552809;TABOÃO DA SERRA;2010;urban;1,77677473907471e+03
3552809;TABOÃO DA SERRA;2011;farming;9,99842772460931e+01
3552809;TABOÃO DA SERRA;2011;native_vegetation;1,61634240893553e+02
3552809;TABOÃO DA SERRA;2011;non_vegetated_other;2,46274108886719e-01
3552809;TABOÃO DA SERRA;2011;urban;1,77775984641724e+03
3552809;TABOÃO DA SERRA;2012;farming;9,81782799682611e+01
3552809;TABOÃO DA SERRA;2012;native_vegetation;1,62208850573729e+02
3552809;TABOÃO DA SERRA;2012;non_vegetated_other;2,46274108886719e-01
3552809;TABOÃO DA SERRA;2012;urban;1,77899123401490e+03
3552809;TABOÃO DA SERRA;2013;farming;9,99020581787103e+01
3552809;TABOÃO DA SERRA;2013;native_vegetation;1,60156717327879e+02
3552809;TABOÃO DA SERRA;2013;non_vegetated_other;2,46274108886719e-01
3552809;TABOÃO DA SERRA;2013;urban;1,77931958905030e+03
3552809;TABOÃO DA SERRA;2014;farming;9,99019965148920e+01
3552809;TABOÃO DA SERRA;2014;native_vegetation;1,58925429217527e+02
3552809;TABOÃO DA SERRA;2014;non_vegetated_other;2,46274108886719e-01
3552809;TABOÃO DA SERRA;2014;urban;1,78055093882447e+03
3552809;TABOÃO DA SERRA;2015;farming;1,00476570971679e+02
3552809;TABOÃO DA SERRA;2015;native_vegetation;1,57283725579832e+02
3552809;TABOÃO DA SERRA;2015;non_vegetated_other;2,46274108886719e-01
3552809;TABOÃO DA SERRA;2015;urban;1,78161806800538e+03
3552809;TABOÃO DA SERRA;2016;farming;9,96556845581049e+01
3552809;TABOÃO DA SERRA;2016;native_vegetation;1,56955372003172e+02
3552809;TABOÃO DA SERRA;2016;non_vegetated_other;2,46274108886719e-01
3552809;TABOÃO DA SERRA;2016;urban;1,78276730799561e+03
3552809;TABOÃO DA SERRA;2017;farming;9,02972275634762e+01
3552809;TABOÃO DA SERRA;2017;native_vegetation;1,55477652227781e+02
3552809;TABOÃO DA SERRA;2017;non_vegetated_other;0,00000000000000e+00
3552809;TABOÃO DA SERRA;2017;urban;1,79384975887451e+03
3552809;TABOÃO DA SERRA;2018;farming;7,38797539855960e+01
3552809;TABOÃO DA SERRA;2018;native_vegetation;1,48500304919432e+02
3552809;TABOÃO DA SERRA;2018;non_vegetated_other;0,00000000000000e+00
3552809;TABOÃO DA SERRA;2018;urban;1,81724457976075e+03
3552809;TABOÃO DA SERRA;2019;farming;7,10066593750003e+01
3552809;TABOÃO DA SERRA;2019;native_vegetation;1,50880905102537e+02
3552809;TABOÃO DA SERRA;2019;non_vegetated_other;8,20893371582031e-02
3552809;TABOÃO DA SERRA;2019;urban;1,81765498485108e+03
3552809;TABOÃO DA SERRA;2020;farming;6,40300647277835e+01
3552809;TABOÃO DA SERRA;2020;native_vegetation;1,45627976770018e+02
3552809;TABOÃO DA SERRA;2020;non_vegetated_other;8,20893371582031e-02
3552809;TABOÃO DA SERRA;2020;urban;1,82988450783082e+03
3552809;TABOÃO DA SERRA;2021;farming;6,37017166198733e+01
3552809;TABOÃO DA SERRA;2021;native_vegetation;1,45053482476805e+02
3552809;TABOÃO DA SERRA;2021;non_vegetated_other;8,20893371582031e-02
3552809;TABOÃO DA SERRA;2021;urban;1,83078735023194e+03
3552809;TABOÃO DA SERRA;2022;farming;6,11570320312503e+01
3552809;TABOÃO DA SERRA;2022;native_vegetation;1,45053482476805e+02
3552809;TABOÃO DA SERRA;2022;non_vegetated_other;8,20893371582031e-02
3552809;TABOÃO DA SERRA;2022;urban;1,83333203482056e+03
3552809;TABOÃO DA SERRA;2023;farming;6,27987897338870e+01
3552809;TABOÃO DA SERRA;2023;native_vegetation;1,42919206585691e+02
3552809;TABOÃO DA SERRA;2023;non_vegetated_other;8,20893371582031e-02
3552809;TABOÃO DA SERRA;2023;urban;1,83382455300904e+03
3552809;TABOÃO DA SERRA;2024;farming;7,78216425354008e+01
3552809;TABOÃO DA SERRA;2024;native_vegetation;1,22724610681150e+02
3552809;TABOÃO DA SERRA;2024;non_vegetated_other;5,41801094970703e+00
3552809;TABOÃO DA SERRA;2024;urban;1,83366037449952e+03
